id,limit_bal,age,num_delinquent_months,max_delinquency,average_credit_utilization,payment_to_bill_ratio,default_payment_next_month,default_probability,risk_score,risk_level
1957,220000,42,6,2,0.011363636363636364,0.0,1,0.9876858241049024,98.77,Very High
27537,250000,51,6,3,0.009948,0.0,1,0.9871214318685412,98.71,Very High
28055,20000,32,6,7,0.12,0.0,1,0.9849112014377998,98.49,Very High
28748,50000,28,6,7,0.048,0.0,0,0.9847632175660717,98.48,Very High
20722,20000,37,6,7,0.12,0.0,1,0.9826569025692226,98.27,Very High
29771,20000,31,6,7,0.12,0.0,1,0.9813019336275453,98.13,Very High
16789,30000,37,6,7,0.0793,0.0,1,0.9787747959626787,97.88,Very High
6272,10000,23,6,7,0.23,0.0,1,0.9764703823716053,97.65,Very High
13740,40000,43,6,7,0.06,0.0,1,0.9761514837805273,97.62,Very High
29727,60000,36,6,7,0.03833333333333333,0.0,1,0.9752063562132038,97.52,Very High
674,30000,25,6,7,0.07666666666666666,0.0,1,0.9737674960382202,97.38,Very High
13967,40000,55,6,7,0.06,0.0,1,0.9733257511516195,97.33,Very High
12956,280000,62,6,2,0.008928571428571428,0.0,1,0.973228854778147,97.32,Very High
14974,30000,55,6,7,0.07983333333333334,0.0,1,0.9727101988806106,97.27,Very High
24398,20000,36,6,3,0.0525,0.0,1,0.9718858790749573,97.19,Very High
16555,10000,30,6,7,0.23,0.0,1,0.9692607115998946,96.93,Very High
18095,20000,42,6,3,0.0525,0.0,1,0.9678501549705398,96.79,Very High
14226,50000,29,6,3,0.021,0.0,1,0.9639749083427867,96.4,Very High
20255,350000,52,6,7,0.006857142857142857,0.0,1,0.9636090726096571,96.36,Very High
9672,170000,48,6,7,0.01411764705882353,0.0,0,0.9634260253395697,96.34,Very High
3664,30000,24,6,3,0.035,0.0,1,0.9616898660869623,96.17,Very High
5178,190000,50,6,2,0.38404122807017543,0.03882989536485255,1,0.947817170326288,94.78,Very High
22567,120000,30,6,2,0.603675,0.042333301123212916,0,0.9452602399287987,94.53,Very High
9287,100000,42,6,2,0.48169166666666663,0.04048232790685605,1,0.9451041981236779,94.51,Very High
27731,30000,25,6,3,0.3577222222222222,0.07973287777605219,1,0.944643971769176,94.46,Very High
18006,90000,39,6,2,0.33671666666666666,0.0610470392185979,1,0.9411089728837027,94.11,Very High
3561,80000,57,6,2,0.121275,0.10049474335188621,1,0.9411329491542437,94.11,Very High
22901,30000,35,6,2,0.6558166666666667,0.05380907604598169,1,0.940984631493356,94.1,Very High
14543,50000,38,4,2,0.6126666666666667,0.05386289445048966,1,0.9405111253781392,94.05,Very High
2472,20000,29,6,3,0.577125,0.062089379828171254,1,0.9394668395135565,93.95,Very High
17414,30000,47,6,2,0.5606888888888889,0.062423209543815146,1,0.9392158872839441,93.92,Very High
4660,100000,50,6,2,0.47163,0.04749839210115274,1,0.9379304984511652,93.79,Very High
15862,30000,29,3,2,0.5394,0.07518642112635439,1,0.9375963505659144,93.76,Very High
25197,30000,23,6,2,0.4685444444444445,0.06758519291422609,1,0.937484992002312,93.75,Very High
28532,200000,40,6,2,0.42509583333333334,0.03567822941885653,1,0.9370509005415277,93.71,Very High
6120,50000,24,4,2,0.46307666666666664,0.061184972970638414,1,0.9366903761868449,93.67,Very High
22760,460000,40,6,3,0.005760869565217391,0.012578616352201259,1,0.9360302157305834,93.6,Very High
13479,30000,43,6,2,0.5568222222222222,0.059863511194476596,1,0.9357636128630691,93.58,Very High
2855,50000,25,6,2,0.34776333333333337,0.05511411017070997,1,0.9351489194403079,93.51,Very High
7155,70000,27,6,2,0.44139285714285714,0.057367100898130914,1,0.9351256737709052,93.51,Very High
11908,130000,43,6,3,0.1549474358974359,0.05129944811722751,1,0.9346032802897237,93.46,Very High
2269,30000,39,5,2,0.5461611111111111,0.09154807799896246,1,0.9341799818802654,93.42,Very High
4861,210000,41,6,2,0.4367,0.03889197843857793,1,0.9337746546436815,93.38,Very High
1982,80000,40,6,3,0.5179958333333333,0.04544759851671908,1,0.9333299839478961,93.33,Very High
22898,100000,31,6,2,0.42662666666666665,0.042972778698002936,1,0.9324527674427827,93.25,Very High
17486,50000,41,6,2,0.49905333333333335,0.04408346469315237,1,0.931890944863355,93.19,Very High
16690,260000,46,6,2,0.3330878205128205,0.042338876518666635,1,0.9318745354526397,93.19,Very High
2102,140000,35,6,2,0.42244166666666666,0.03832594525589614,0,0.931737480885078,93.17,Very High
7437,30000,24,3,2,0.49746666666666667,0.08231707317073171,1,0.9310214958227417,93.1,Very High
19698,120000,38,6,2,0.5551902777777777,0.04027648178677481,1,0.9307617397133489,93.08,Very High
14221,70000,42,6,2,0.6642238095238094,0.035845634360191274,1,0.9304758856986295,93.05,Very High
799,100000,48,5,2,0.17651,0.07956112023870225,0,0.9301617787510477,93.02,Very High
29571,140000,41,6,2,0.5450333333333334,0.04717929003905397,1,0.9302374189343287,93.02,Very High
21274,70000,50,6,2,0.62045,0.04259581179558615,1,0.9300744421963092,93.01,Very High
18278,180000,58,6,2,0.21128055555555555,0.04516112067945465,1,0.9299512519823924,93.0,Very High
13084,20000,35,4,3,0.5595833333333333,0.06701414743112435,1,0.9297315962492606,92.97,Very High
14723,80000,30,6,2,0.54700625,0.03465834866298755,1,0.9290819906645701,92.91,Very High
14341,30000,28,6,2,0.7186166666666667,0.04870468724632975,0,0.9280034294925301,92.8,Very High
9063,70000,34,6,2,0.6672452380952381,0.04281998123057489,1,0.9279453155087163,92.79,Very High
26713,30000,26,6,2,0.5165,0.09690222652468539,0,0.9278241869531022,92.78,Very High
14692,20000,28,6,2,0.6837,0.06338062503047145,1,0.9277042902162788,92.77,Very High
6895,60000,43,6,2,0.818961111111111,0.04106150746542028,1,0.9272133785535878,92.72,Very High
8049,70000,41,6,3,0.5730928571428572,0.06647306386815068,1,0.9267946258162262,92.68,Very High
19345,20000,48,6,2,0.7719583333333333,0.05718141091380148,1,0.926493746924504,92.65,Very High
5057,120000,34,6,2,0.5543680555555556,0.04021095090756492,1,0.9256000088768519,92.56,Very High
11267,70000,34,6,2,0.26107857142857144,0.06474971045023847,1,0.9248866205223379,92.49,Very High
10871,80000,37,6,2,0.756075,0.034994323755359366,1,0.9246806664841163,92.47,Very High
14884,20000,26,5,2,0.6508166666666667,0.11523982688417117,1,0.924672116434474,92.47,Very High
2375,50000,25,6,3,0.74604,0.03413579254016764,1,0.9246496406305088,92.46,Very High
18774,50000,27,4,2,0.44684666666666667,0.058230265415429604,1,0.9243428308325472,92.43,Very High
29841,320000,48,6,2,0.6710541666666667,0.032365122040570495,1,0.9241892122049684,92.42,Very High
22417,130000,39,4,2,0.850223076923077,0.036037299411617464,0,0.9239555059099139,92.4,Very High
5751,160000,37,6,2,0.9450625,0.03252761060776404,1,0.9239163657588372,92.39,Very High
3513,60000,28,6,2,0.7514,0.04150770413746192,1,0.923243040096123,92.32,Very High
3767,100000,40,6,2,0.49787333333333333,0.035149502550849615,1,0.9224615385994237,92.25,Very High
22081,100000,28,4,2,0.25311833333333333,0.07308834471360563,1,0.9223525979889325,92.24,Very High
17620,180000,33,6,2,0.7014342592592593,0.043165524606329095,1,0.9223362007163847,92.23,Very High
18519,40000,26,6,2,0.6949958333333333,0.0413671544793434,1,0.9218334323444807,92.18,Very High
10143,400000,39,6,2,0.13125125,0.03460284505226934,0,0.9212126477134907,92.12,Very High
21053,70000,37,6,2,0.901345238095238,0.034097182782349134,1,0.9211891291691278,92.12,Very High
11875,60000,31,3,2,0.5876305555555555,0.07090622887585264,0,0.9211861738154967,92.12,Very High
10908,150000,30,6,2,0.1379,0.08057368463459834,1,0.9212030176095763,92.12,Very High
2046,110000,26,6,2,0.5530166666666667,0.043014759268036745,1,0.9207502998321258,92.08,Very High
8521,60000,29,6,2,0.7104583333333333,0.034985240357359296,1,0.9203989462384743,92.04,Very High
21702,70000,25,3,2,0.3079071428571429,0.05784056727059023,1,0.9200785276858666,92.01,Very High
17208,50000,27,6,3,0.69357,0.03748720388713468,1,0.9196027026733572,91.96,Very High
7269,20000,36,3,2,0.6849583333333333,0.11364438226169475,0,0.9192716870482642,91.93,Very High
19259,30000,33,4,3,0.7748555555555556,0.06452815578530766,1,0.9180639038434439,91.81,Very High
5593,30000,49,6,3,0.9244611111111111,0.04386940139300373,0,0.9180154372700027,91.8,Very High
9111,380000,46,6,2,0.24144824561403508,0.03197081936123756,1,0.9175371882207904,91.75,Very High
7803,50000,31,6,2,0.64963,0.04515390812205922,1,0.9169963379342934,91.7,Very High
3873,30000,49,6,2,0.9425222222222223,0.045480802103103964,0,0.9168354813062142,91.68,Very High
16626,50000,32,6,2,0.6559566666666667,0.048275546657045434,1,0.9165857006798904,91.66,Very High
25646,40000,44,6,2,0.9497166666666667,0.04880402927188811,1,0.916574882342281,91.66,Very High
11994,100000,28,4,2,0.320405,0.049395816752755624,0,0.9165417226841824,91.65,Very High
12067,70000,53,6,2,0.8040261904761905,0.04056963318536769,1,0.9163611938658653,91.64,Very High
13697,30000,49,6,2,0.9954055555555555,0.039805104563745655,0,0.9160034849363611,91.6,Very High
11035,30000,38,4,2,0.24367777777777777,0.10943413433039989,1,0.9158144800282764,91.58,Very High
21312,230000,61,2,2,0.0018115942028985507,0.0,1,0.9154903350218734,91.55,Very High
670,20000,30,3,2,0.361075,0.08077730850008077,1,0.9152479599682352,91.52,Very High
23705,50000,53,6,2,0.8814866666666668,0.04386528818738041,1,0.915169163019256,91.52,Very High
10664,50000,36,4,2,0.8462166666666667,0.05786540090205424,1,0.9148734019160599,91.49,Very High
14923,20000,25,4,2,0.4957333333333333,0.07732651963421194,0,0.9149401661528729,91.49,Very High
16527,30000,25,5,2,0.837161111111111,0.055677587614225324,0,0.914529081594355,91.45,Very High
14331,150000,46,5,2,0.07943333333333333,0.04406210658833403,1,0.9144357019124286,91.44,Very High
16749,150000,36,6,3,0.5973177777777778,0.03924953402804388,0,0.9143027695733726,91.43,Very High
20757,40000,46,6,3,0.783325,0.05042074915690593,1,0.9138922338325373,91.39,Very High
24401,140000,38,6,2,0.39725238095238097,0.042089711470457786,1,0.9135563706125199,91.36,Very High
8047,30000,39,6,3,0.9152611111111111,0.03156354895688541,0,0.9133299862243429,91.33,Very High
22473,200000,39,5,3,0.6026225,0.03563314236247955,1,0.9130562771397244,91.31,Very High
19285,70000,32,1,2,0.5349452380952381,0.04471307699497501,1,0.912962314192143,91.3,Very High
20273,190000,48,4,2,0.48944736842105263,0.03441045217484811,1,0.9129709034210409,91.3,Very High
13718,70000,30,6,2,0.84035,0.04108265546951809,1,0.9129350926270476,91.29,Very High
14718,50000,32,2,2,0.39653666666666665,0.07504980623901951,0,0.9128556755312659,91.29,Very High
8857,80000,52,6,3,0.49451875,0.042549785355290706,1,0.9127698877538959,91.28,Very High
16623,50000,30,3,2,0.34259666666666666,0.05792039229803754,1,0.9126208829679412,91.26,Very High
6335,70000,33,6,3,0.9660571428571428,0.03762224456800347,1,0.9123770592390914,91.24,Very High
10338,20000,47,6,3,0.9388416666666666,0.04304950248977019,1,0.9120997795979359,91.21,Very High
27054,30000,28,6,2,0.8245222222222223,0.059771989165442616,1,0.9118504306527643,91.19,Very High
17650,130000,47,6,2,0.9810269230769231,0.03424198347885066,1,0.9117761698515784,91.18,Very High
24198,80000,30,6,2,0.8761854166666666,0.0347148743725762,1,0.9118451040065264,91.18,Very High
8179,50000,29,6,2,0.83562,0.04228397277869526,1,0.9116580002665711,91.17,Very High
2156,110000,29,6,2,0.9482424242424243,0.044100728620733734,1,0.9110314526497547,91.1,Very High
22863,150000,31,5,2,0.14879777777777778,0.10752848758195313,1,0.9102501288853585,91.03,Very High
18540,20000,25,4,2,0.49305,0.07265997363350572,1,0.9101092332367277,91.01,Very High
10103,30000,42,4,2,0.22075,0.09291556562224738,1,0.9100036447795715,91.0,Very High
15775,140000,24,6,2,0.37715714285714286,0.04261202227188364,1,0.9100374748768045,91.0,Very High
29995,80000,34,6,2,0.9811104166666667,0.04565405269964092,1,0.9099029155545749,90.99,Very High
5049,80000,30,4,2,0.9832604166666666,0.04926212748826714,1,0.9093425870105707,90.93,Very High
2836,50000,27,4,2,0.92767,0.047789982788419734,1,0.9091386354072487,90.91,Very High
29296,120000,26,4,2,0.9244888888888889,0.04467333301283592,0,0.9088727142957007,90.89,Very High
19247,100000,38,4,2,0.38172666666666666,0.036976719816972,0,0.9089223538661965,90.89,Very High
11050,90000,33,6,2,0.8760833333333333,0.03910713719521862,0,0.908701473116793,90.87,Very High
18410,20000,25,1,2,0.629975,0.06791274786036483,1,0.9086814714438335,90.87,Very High
17044,50000,26,6,2,0.97242,0.03362058918300049,1,0.9087082321782325,90.87,Very High
13051,20000,43,1,2,0.9411916666666666,0.05516056772000035,1,0.9085271752539249,90.85,Very High
12820,50000,47,5,2,0.7754566666666667,0.041266006697129,0,0.9083866747776519,90.84,Very High
18072,60000,36,6,2,0.8466722222222223,0.04101022959166935,1,0.9081821246142723,90.82,Very High
19523,50000,28,2,2,0.419,0.04954653937947494,1,0.9080809760625762,90.81,Very High
12025,90000,28,2,2,0.5304851851851852,0.04433397797962731,1,0.9081094716764175,90.81,Very High
17394,100000,46,6,2,0.456475,0.03614655786187634,1,0.907682311160304,90.77,Very High
22291,20000,32,3,2,0.8443666666666666,0.06612451146816155,1,0.9070659735656428,90.71,Very High
15034,180000,36,6,2,0.6576935185185185,0.03519594993164946,1,0.9071168168299963,90.71,Very High
3590,70000,26,6,3,0.73315,0.042692491304644344,1,0.9071397234217693,90.71,Very High
15936,30000,25,6,2,0.9822444444444444,0.042306735141738876,1,0.9067916596864591,90.68,Very High
8401,100000,32,3,2,0.5590616666666667,0.05157451324689882,0,0.9067307438446117,90.67,Very High
18615,50000,24,1,2,0.5450266666666667,0.04131296328008415,1,0.906553170793895,90.66,Very High
11334,20000,24,3,2,0.8144833333333333,0.06480590967689127,1,0.9054672338775595,90.55,Very High
25511,100000,24,6,3,0.8480833333333333,0.04087648619435983,1,0.9052948746341584,90.53,Very High
7003,80000,39,6,2,0.6297125,0.040034804242676886,0,0.9050805939123538,90.51,Very High
17775,110000,54,4,2,0.8543333333333334,0.030486290923278828,1,0.9051035506729729,90.51,Very High
29152,30000,60,6,7,0.065,0.0,1,0.9049710227601321,90.5,Very High
14447,80000,39,3,2,0.8397916666666666,0.04341354502604813,1,0.904982764482449,90.5,Very High
10823,140000,27,6,2,0.7014464285714286,0.031516509253837734,1,0.9048032493622772,90.48,Very High
8296,100000,29,6,2,0.7777266666666667,0.039859762212945425,1,0.9046361289791429,90.46,Very High
355,50000,58,4,2,0.36405333333333334,0.061099106358042776,0,0.9044224362075711,90.44,Very High
29016,140000,43,2,2,0.5480833333333334,0.030710919003453595,1,0.9043731752812725,90.44,Very High
2244,90000,28,2,2,0.7529611111111111,0.038386715166540006,1,0.9039654819157841,90.4,Very High
17396,80000,29,6,2,0.9372604166666666,0.036898318459161784,0,0.9035886619016598,90.36,Very High
21812,20000,24,6,3,0.9829333333333334,0.04832474226804124,1,0.9032941573003105,90.33,Very High
10390,20000,25,6,4,0.0825,0.0,1,0.9029621915402117,90.3,Very High
15202,50000,23,4,3,0.4879833333333334,0.051982649680658494,1,0.9023319378891235,90.23,Very High
14472,110000,28,6,2,0.8170575757575758,0.03727343868797496,1,0.9020294036455442,90.2,Very High
25570,130000,43,6,3,0.1531025641025641,0.0368447496231787,1,0.9019707759212476,90.2,Very High
8471,30000,23,6,4,0.53665,0.03468016605070551,1,0.9017949465583585,90.18,Very High
18919,190000,28,6,2,0.8641535087719298,0.03568038898222071,1,0.9017669290731111,90.18,Very High
24127,80000,27,2,2,0.7648145833333333,0.053158309067284824,1,0.9015076100346168,90.15,Very High
17570,70000,34,1,2,0.8139880952380952,0.03723583180987203,1,0.901396698231604,90.14,Very High
27231,200000,36,3,2,0.45894666666666667,0.039946544260771044,1,0.9009653416086447,90.1,Very High
14440,50000,31,6,5,0.6079133333333333,0.05356574950376698,1,0.90097376609498,90.1,Very High
5787,240000,40,4,2,0.005208333333333333,0.0,1,0.9008864029384701,90.09,Very High
3010,30000,25,4,2,0.8044222222222223,0.044462554214204815,1,0.9007532636685627,90.08,Very High
27025,100000,35,1,2,0.79061,0.03675010434980584,0,0.900789120866699,90.08,Very High
13292,50000,22,6,2,0.9377433333333333,0.03696818248063614,1,0.9007805620224179,90.08,Very High
1247,170000,39,6,4,0.490821568627451,0.04773908492763234,1,0.9007517334143142,90.08,Very High
22691,140000,38,4,2,0.9096321428571429,0.049732296284081344,0,0.900476424988074,90.05,Very High
2471,140000,29,6,2,0.7043928571428572,0.02855718366036269,1,0.9004716324562506,90.05,Very High
28634,60000,35,4,2,0.6658638888888889,0.04088256275264798,1,0.9002130245370494,90.02,Very High
3004,50000,41,1,2,0.8353533333333333,0.04150738609610305,1,0.8999223832224705,89.99,Very High
16126,30000,34,3,2,0.6032444444444444,0.057098651735062254,1,0.899879022693403,89.99,Very High
2004,50000,33,1,2,0.60261,0.04253165397188895,1,0.8996362649214777,89.96,Very High
14419,20000,40,5,4,0.99255,0.06716706127315164,0,0.8993606919740835,89.94,Very High
17807,30000,35,4,2,0.7698444444444444,0.07188320872903617,1,0.8993760978930573,89.94,Very High
6751,30000,46,6,3,0.7982611111111111,0.04175743108283978,1,0.8983331795089963,89.83,Very High
23828,280000,50,4,2,0.39007559523809526,0.03708072458482559,1,0.8983490724829046,89.83,Very High
11246,500000,40,4,2,0.550266,0.03584024211320828,1,0.898188227790895,89.82,Very High
14764,220000,36,3,2,0.8668628787878788,0.04640557775818237,1,0.8980112899109095,89.8,Very High
15201,90000,30,2,2,0.8385555555555556,0.04637604346097787,1,0.897924202671258,89.79,Very High
26850,20000,26,3,2,0.41885,0.10226413592773866,1,0.8976210374883832,89.76,Very High
27926,360000,26,2,2,0.0011574074074074076,0.0,0,0.8975121237429604,89.75,Very High
5440,110000,42,5,2,0.25829090909090907,0.0293303299075508,0,0.8972720088432126,89.73,Very High
12217,280000,39,6,3,0.6954119047619048,0.038774552937108187,1,0.8967899237072049,89.68,Very High
14806,20000,24,6,2,0.895725,0.05954208415901458,0,0.8967180460592721,89.67,Very High
1774,50000,25,3,2,0.15815333333333334,0.07376807317792859,1,0.8966144557528207,89.66,Very High
25299,80000,24,1,2,0.8262416666666667,0.034092628266548325,1,0.8965889837739587,89.66,Very High
1707,230000,35,6,2,0.5248036231884058,0.03258637806550138,0,0.8966358122773147,89.66,Very High
4433,30000,42,6,3,0.9261944444444444,0.0287916504213778,0,0.896272330577958,89.63,Very High
9551,80000,30,6,2,0.9428416666666666,0.04260170937149221,0,0.8960720361348664,89.61,Very High
3594,80000,28,3,2,0.7611770833333333,0.047897308171280774,0,0.8959782941979093,89.6,Very High
24342,200000,38,4,2,0.5091433333333334,0.04173677353463007,1,0.8959550295732819,89.6,Very High
21703,50000,26,1,2,0.4803266666666666,0.03229052450415689,0,0.8957171179661968,89.57,Very High
6753,30000,50,6,2,0.9350666666666667,0.05958576928561243,1,0.8955913424260579,89.56,Very High
11343,20000,41,6,3,0.9214333333333334,0.042687117896031544,1,0.8955655889468702,89.56,Very High
14563,240000,39,6,4,0.2007111111111111,0.038059123117803365,1,0.895317211275135,89.53,Very High
1638,30000,40,4,2,0.816811111111111,0.06171697522887108,0,0.8952108840715309,89.52,Very High
17077,100000,24,6,3,0.88299,0.041336821481556985,1,0.8950420617252195,89.5,Very High
25983,60000,40,1,2,0.7569333333333333,0.04550525512301098,0,0.8941386246020983,89.41,Very High
22689,50000,33,6,2,0.8839166666666667,0.05250872065617045,1,0.8939685817292351,89.4,Very High
1522,60000,40,6,5,0.17098333333333332,0.03249179582155506,0,0.8939277969840136,89.39,Very High
4993,80000,36,6,2,0.9889333333333334,0.03939429688553323,1,0.8937793134813518,89.38,Very High
29671,220000,40,2,2,0.8808015151515152,0.02863180746186755,0,0.8934106447881653,89.34,Very High
911,90000,25,4,2,1.0001111111111112,0.043143354442099026,0,0.8932670020218658,89.33,Very High
19818,20000,33,1,2,0.7815333333333333,0.06018084108163439,1,0.8932567955963807,89.33,Very High
2422,20000,24,6,4,0.809575,0.042203213620315184,1,0.8929946206288448,89.3,Very High
21213,20000,40,4,2,0.8707666666666666,0.0707135474486085,0,0.8925917565507224,89.26,Very High
15455,20000,23,3,2,0.29786666666666667,0.09665957923008058,1,0.8922756937692492,89.23,Very High
3257,80000,24,6,3,0.9924270833333334,0.03715638218592886,1,0.8923100915092748,89.23,Very High
11240,180000,26,4,3,0.7162712962962963,0.03366068877791753,0,0.892013598310877,89.2,Very High
19899,130000,33,2,2,0.5366397435897436,0.02895032956741738,1,0.891868324809376,89.19,Very High
8789,20000,24,1,2,0.9528416666666666,0.05004329155770896,1,0.8919117715042881,89.19,Very High
1493,60000,48,1,2,0.6589833333333334,0.040044850232260135,0,0.8915656862426397,89.16,Very High
24768,80000,39,1,2,0.7869583333333333,0.05136601895483666,1,0.8915236181074865,89.15,Very High
1497,360000,35,3,2,0.8597527777777778,0.034600816556869814,1,0.8910916292163309,89.11,Very High
27852,70000,26,1,2,0.9235761904761906,0.04138416404143314,0,0.891085047437465,89.11,Very High
16543,10000,27,6,4,0.4175666666666667,0.0931188632553684,1,0.8907856037321441,89.08,Very High
10576,100000,31,6,2,0.8860016666666667,0.04138442177497785,1,0.8908374250677507,89.08,Very High
534,100000,50,4,3,0.5944083333333333,0.04780664245958867,1,0.8905069720026632,89.05,Very High
3917,50000,26,1,2,0.9688633333333333,0.04175339487165373,1,0.8903515836384598,89.04,Very High
12775,20000,23,6,4,0.9980333333333334,0.06356668113957449,1,0.8902928297956839,89.03,Very High
27884,110000,28,3,2,0.8356348484848485,0.03848824791167666,0,0.8901762827905406,89.02,Very High
10468,110000,24,6,2,0.9471151515151516,0.03472426635268823,0,0.8897598265332308,88.98,Very High
12132,70000,23,2,2,0.8296214285714286,0.032786038382394724,1,0.8897461180130243,88.97,Very High
6387,50000,29,4,2,0.6222166666666666,0.03991107063455924,1,0.8894548858893044,88.95,Very High
17837,110000,24,6,2,0.9397318181818182,0.03756713311180011,1,0.8895289509929692,88.95,Very High
26651,30000,25,1,2,0.7003611111111111,0.04711061753857137,0,0.8893974634020387,88.94,Very High
15317,420000,45,1,2,0.9619361111111111,0.03783127530084622,1,0.8891666782355471,88.92,Very High
16613,130000,27,3,2,0.5365346153846153,0.036858089783200355,1,0.8889054646186662,88.89,Very High
4863,80000,32,4,3,0.9132083333333334,0.030227677145594743,1,0.8887037780454159,88.87,Very High
26648,40000,26,3,2,0.9734166666666666,0.04537282766886397,1,0.887820068820948,88.78,Very High
8724,50000,34,4,2,0.44678333333333337,0.0344686089454247,0,0.8873938004485594,88.74,Very High
28454,360000,40,4,2,0.3119101851851852,0.04066935222924453,1,0.8865770685502147,88.66,Very High
27161,20000,40,6,3,0.015,0.0,1,0.8863683304279835,88.64,Very High
26023,220000,44,2,2,0.7991363636363636,0.029928142123125345,0,0.886186489261825,88.62,Very High
15401,280000,49,3,2,0.11568511904761904,0.06796466187464947,0,0.8860588245212453,88.61,Very High
28033,50000,29,2,2,0.7888933333333333,0.05704193215812869,0,0.8859849558083472,88.6,Very High
14981,30000,23,6,2,0.981,0.03341261751047684,1,0.8859327732686221,88.59,Very High
24360,90000,38,1,2,0.8876166666666667,0.04172638755886029,1,0.8855298299167187,88.55,Very High
28082,10000,44,6,5,0.8324,0.040044850232260135,1,0.88532643557479,88.53,Very High
17892,100000,29,2,2,0.466385,0.060750953253928264,1,0.8850103123663715,88.5,Very High
3349,80000,44,3,2,0.7588229166666667,0.04584952022732577,0,0.8849398003757206,88.49,Very High
17483,250000,33,3,3,0.0033333333333333335,0.0,1,0.8844771804153043,88.45,Very High
26455,120000,50,3,2,0.7348888888888889,0.04800423344420925,1,0.8841994690834057,88.42,Very High
16854,80000,36,6,4,0.006875,0.0,1,0.8840248821029405,88.4,Very High
13178,300000,34,4,2,0.004166666666666667,0.0,1,0.8840126078447992,88.4,Very High
21166,260000,38,3,3,0.0032051282051282055,0.0,1,0.8838593279308388,88.39,Very High
14471,220000,48,3,3,0.003787878787878788,0.0,1,0.8836817462193364,88.37,Very High
27651,20000,54,4,2,0.9005333333333334,0.08671713058928042,0,0.8836236563014622,88.36,Very High
17231,100000,39,6,2,0.98152,0.03722967098649713,1,0.8835809383982227,88.36,Very High
1000,120000,25,2,2,0.8253625,0.030111348380593712,0,0.8835319960705804,88.35,Very High
5114,30000,36,6,2,0.8940611111111111,0.03957596734004014,1,0.8834893243105761,88.35,Very High
9012,300000,48,1,2,0.9555722222222223,0.03720865333744179,1,0.8834751274305379,88.35,Very High
25221,10000,24,4,2,0.8258666666666666,0.10090410074265418,0,0.8833434389005095,88.33,Very High
898,170000,28,6,2,0.7994323529411764,0.04078384049466472,1,0.8830471462684732,88.3,Very High
1358,20000,22,3,2,0.7051666666666667,0.05444339399669109,1,0.8825657676992591,88.26,Very High
25364,20000,25,4,2,0.9427916666666666,0.04442480222742741,0,0.8825517757327566,88.26,Very High
21381,50000,54,6,2,0.7928333333333333,0.0372797981921379,1,0.8824028187528872,88.24,Very High
24155,110000,29,4,2,0.48345,0.04185196676664253,1,0.8823455863980134,88.23,Very High
17122,30000,27,6,4,0.9271944444444444,0.0575211959615327,1,0.8816836734446641,88.17,Very High
10862,110000,29,6,4,0.004318181818181818,0.3231578947368421,1,0.8817124590728993,88.17,Very High
20867,60000,32,6,2,0.843736111111111,0.04839585836803898,0,0.8816607839181118,88.17,Very High
2418,30000,24,3,2,1.0155611111111111,0.043599323854902325,1,0.8814408249489454,88.14,Very High
15785,50000,23,4,2,0.9338566666666667,0.03395596040791413,1,0.8812241635136894,88.12,Very High
14861,80000,34,5,3,0.9747145833333334,0.02607600943011095,0,0.8810309586680959,88.1,Very High
21058,160000,38,6,4,0.6262145833333334,0.02499642361677141,1,0.8808178696969873,88.08,Very High
12282,50000,37,2,2,0.6793033333333333,0.04130211834673759,1,0.8800590438401368,88.01,Very High
12319,20000,27,4,3,0.8823833333333334,0.044019039344200366,1,0.8799734965871077,88.0,Very High
21635,50000,23,2,2,0.51172,0.05090023189765236,1,0.879657900573568,87.97,Very High
3242,200000,40,4,2,0.4987183333333334,0.047789166229434785,1,0.8796982383609658,87.97,Very High
26750,60000,27,2,2,0.9634444444444444,0.04395686771998616,1,0.879329686329785,87.93,Very High
21901,120000,27,4,2,0.975261111111111,0.04472448973779102,1,0.8790692941097383,87.91,Very High
17548,110000,38,3,2,0.3933742424242424,0.04082780296348223,1,0.8787007444459909,87.87,Very High
20465,150000,26,5,2,1.086141111111111,0.03445736025705684,1,0.8786933122322427,87.87,Very High
13720,30000,27,6,4,0.9542722222222223,0.051231595922430706,0,0.878486811537663,87.85,Very High
2821,30000,38,1,2,0.6524722222222222,0.04012942228277066,0,0.8783650430340494,87.84,Very High
12959,50000,23,1,2,0.21354333333333334,0.06907263162824095,1,0.8783044635716124,87.83,Very High
23416,20000,46,5,4,0.8066333333333333,0.04625191123600149,1,0.8782339619109711,87.82,Very High
14758,30000,24,1,2,0.9719777777777777,0.053036191956834865,0,0.8781603845850173,87.82,Very High
14177,60000,44,1,2,0.49914166666666665,0.04578971679160336,1,0.8778643486186737,87.79,Very High
6876,30000,23,1,2,0.9739388888888889,0.04905623784289455,1,0.8778570216547119,87.79,Very High
20978,30000,44,1,2,0.6960944444444443,0.06549239008116714,1,0.877853970010151,87.79,Very High
17005,50000,22,6,3,0.39877333333333337,0.04690216664437609,0,0.8774725409302988,87.75,Very High
14542,50000,31,4,3,0.9991166666666668,0.04624751864146663,1,0.8773865632409074,87.74,Very High
19825,20000,46,3,3,0.738475,0.139928004784635,1,0.8764617077661147,87.65,Very High
28636,100000,35,6,2,0.9872166666666667,0.051153917579727516,1,0.8763941371188425,87.64,Very High
24076,180000,28,3,3,0.7583472222222222,0.024600282046116372,0,0.8760742791644094,87.61,Very High
12347,190000,28,6,2,0.8762850877192981,0.0333845530123678,1,0.8759679324935878,87.6,Very High
4770,100000,29,3,3,0.6828166666666667,0.03017891576557885,1,0.8759027406855637,87.59,Very High
17847,200000,26,6,2,0.8863033333333333,0.03196798688184256,1,0.8759370477858196,87.59,Very High
2747,80000,34,3,2,0.8453541666666666,0.04020997116593144,1,0.8753902185232749,87.54,Very High
17824,30000,25,2,2,0.8719611111111111,0.058864755691194176,1,0.8751751878799109,87.52,Very High
14647,20000,25,3,2,0.900675,0.046502160416724496,0,0.8750118313041393,87.5,Very High
5285,80000,36,6,4,0.0059375,0.3508771929824561,1,0.8746960353036953,87.47,Very High
221,360000,40,3,2,0.3173912037037037,0.04682269369060556,1,0.8747002848002762,87.47,Very High
25996,80000,47,1,2,0.8304979166666666,0.04081136065462737,1,0.8742786067796244,87.43,Very High
5517,130000,29,1,2,0.6907910256410256,0.047325901001638776,0,0.8741235648552103,87.41,Very High
17924,50000,36,1,2,0.4968066666666666,0.030944297580547765,1,0.8738266192395988,87.38,Very High
16460,80000,57,2,2,0.17114583333333333,0.0,1,0.873743194011289,87.37,Very High
3538,220000,28,6,6,0.9700075757575757,0.01269280933451004,1,0.8736758422655171,87.37,Very High
20855,80000,34,3,2,0.87226875,0.030124985371003297,1,0.8735959573091795,87.36,Very High
5714,30000,22,4,3,0.9457833333333333,0.054129146327852866,0,0.8734603869332106,87.35,Very High
2563,140000,40,4,2,0.9817916666666667,0.0420186612182538,1,0.8731778308391782,87.32,Very High
15594,600000,53,3,2,0.7617997222222221,0.032087757098595834,1,0.8732390376337122,87.32,Very High
26707,130000,26,3,2,0.960625641025641,0.036211710316994265,1,0.8731037215546827,87.31,Very High
17586,20000,39,6,3,0.7887666666666667,0.05282508557663863,1,0.8730832610978913,87.31,Very High
1989,140000,34,6,2,0.8362011904761905,0.03218637574404656,0,0.8730999448258757,87.31,Very High
8091,410000,38,3,2,0.4055565040650406,0.028468359746569253,1,0.8729152674226837,87.29,Very High
18490,50000,26,1,2,0.4690033333333334,0.06283537430437594,1,0.8723951439867494,87.24,Very High
4763,30000,22,1,2,0.8595444444444444,0.04542457891130961,1,0.8722075281593203,87.22,Very High
20798,90000,44,1,2,0.6908962962962962,0.08167865681723151,1,0.8721354287920303,87.21,Very High
29301,200000,25,6,2,0.7558366666666667,0.03459742184157953,1,0.8720983184924475,87.21,Very High
22177,150000,28,1,2,0.5394477777777779,0.053668051484748805,1,0.8720545529177902,87.21,Very High
1814,200000,27,2,2,0.789085,0.034120743223691574,0,0.871743102787618,87.17,Very High
10696,90000,27,3,2,1.1211333333333333,0.03843993842209933,1,0.8716474469041664,87.16,Very High
27749,130000,26,1,2,0.906225641025641,0.03853967427594871,1,0.8714073986045562,87.14,Very High
29177,240000,56,3,3,0.0034722222222222225,0.0,1,0.8712869457879382,87.13,Very High
28243,30000,44,1,2,0.7783833333333333,0.05749809077218451,1,0.8713479400332677,87.13,Very High
20130,140000,42,3,2,0.9863892857142857,0.031327581233623836,1,0.8708328983780098,87.08,Very High
1182,390000,27,1,2,0.842384188034188,0.03685915890946484,0,0.8705068213573124,87.05,Very High
29151,360000,61,1,2,0.8343703703703703,0.03703724254261364,1,0.8702821516523964,87.03,Very High
18257,10000,54,6,4,0.85715,0.09722141204378852,1,0.8701323136353102,87.01,Very High
16464,50000,53,4,2,0.15261,0.1417775156717559,1,0.8699816436644987,87.0,Very High
18394,90000,24,4,2,0.1428537037037037,0.11018783785535578,1,0.86980645825595,86.98,Very High
16572,10000,25,4,4,0.6166666666666667,0.08648648648648649,0,0.8696636009850435,86.97,Very High
11739,120000,30,3,2,0.7720847222222222,0.04768654850414013,1,0.869630014506839,86.96,Very High
21562,30000,23,1,2,0.9042777777777777,0.0749278122504147,0,0.8692532192314284,86.93,Very High
20723,170000,36,2,2,0.9109411764705883,0.029381376727366654,0,0.8690900959661643,86.91,Very High
12949,130000,24,1,2,0.8771564102564102,0.03888877520893563,1,0.8689321590707216,86.89,Very High
9131,50000,24,1,2,0.5150933333333334,0.034628028577345205,1,0.8688331677585535,86.88,Very High
24449,320000,36,2,2,0.8871875,0.036642597158623925,1,0.8679400048012381,86.79,Very High
21810,170000,26,2,2,0.6817647058823529,0.04097210238711533,1,0.8673350466766447,86.73,Very High
25155,70000,26,3,2,0.9139095238095237,0.03221377545969435,1,0.8671898275007499,86.72,Very High
9094,50000,30,1,2,0.03668333333333333,0.09541117673784644,1,0.8670505318939878,86.71,Very High
55,150000,29,1,2,0.19639,0.07279732505049476,0,0.8669544694799106,86.7,Very High
7590,50000,27,1,2,0.93089,0.07623528737731275,0,0.8670327144122051,86.7,Very High
6107,150000,62,1,1,0.0,0.0,0,0.86642978569625,86.64,Very High
4276,270000,34,1,2,0.741091975308642,0.04780233372675789,1,0.8662974516942644,86.63,Very High
27624,80000,23,3,2,0.8834104166666666,0.04032666960666168,1,0.8662688121124175,86.63,Very High
7068,90000,30,6,3,0.014074074074074076,0.2631578947368421,0,0.8649885213870518,86.5,Very High
4708,50000,36,1,2,0.68112,0.03939589695403649,1,0.8647730190592563,86.48,Very High
16995,50000,24,1,2,0.71791,0.031633491663300414,1,0.8647046929231217,86.47,Very High
91,200000,53,6,2,0.7184725,0.03804367367342986,1,0.8644891631592191,86.45,Very High
23603,300000,33,2,2,0.8970194444444444,0.030260089741644396,1,0.8642010085326673,86.42,Very High
20610,130000,29,3,2,0.37261923076923076,0.03062175934049676,0,0.8637569022933701,86.38,Very High
4704,520000,41,2,2,0.6100112179487179,0.02673553187073588,1,0.8636888609009964,86.37,Very High
7417,110000,34,2,2,0.6762090909090909,0.04037660935070289,0,0.863740846765798,86.37,Very High
12275,40000,23,3,2,0.8527458333333334,0.04016437097806595,1,0.863586201181535,86.36,Very High
15422,220000,53,1,2,0.9876265151515152,0.03627306666503026,1,0.8635951902083807,86.36,Very High
6353,50000,33,4,4,0.47888,0.02679168058803876,0,0.86354732348627,86.35,Very High
7531,270000,28,6,4,0.8676259259259259,0.024972359653204358,1,0.8633702203905356,86.34,Very High
16992,50000,22,6,2,0.62252,0.04730771702113988,1,0.8631910179973799,86.32,Very High
24093,180000,27,2,2,0.07136111111111111,0.0648760866744518,0,0.8630597571396087,86.31,Very High
19900,410000,41,1,2,0.8840016260162602,0.03893970691294759,1,0.8618514935325049,86.19,Very High
28582,10000,33,3,2,0.7806833333333333,0.08539527337161888,0,0.8613706728118865,86.14,Very High
3584,10000,51,4,2,0.58635,0.14661322873141752,1,0.8613416843196007,86.13,Very High
27702,30000,25,5,2,0.9139111111111111,0.07537810630744542,1,0.8611668534951817,86.12,Very High
8574,20000,25,6,3,0.5301083333333333,0.07860028610504143,1,0.8610678066729823,86.11,Very High
13969,240000,25,1,2,0.6241604166666667,0.04817137688294609,1,0.8605920910331937,86.06,Very High
15152,80000,23,4,2,0.8372625,0.03543791025315637,1,0.8603626719602055,86.04,Very High
25194,30000,23,1,2,0.9381111111111111,0.062383039204074384,1,0.860433662629379,86.04,Very High
7123,390000,45,2,2,0.35010170940170937,0.02685422307070717,1,0.8600849952809241,86.01,Very High
15600,90000,56,3,2,0.4005,0.04246543672261525,1,0.8600931703704646,86.01,Very High
15891,30000,22,2,2,0.5524833333333333,0.030609269259002283,1,0.8600397787612839,86.0,Very High
9191,60000,24,4,3,0.5450611111111111,0.03375768262478213,1,0.8594763701838758,85.95,Very High
12997,230000,43,3,2,0.9274304347826087,0.0345961336214912,1,0.8594473168839304,85.94,Very High
2777,180000,39,5,2,0.927425,0.030226064002380145,1,0.8593457391058849,85.93,Very High
15546,270000,37,1,2,0.4908679012345679,0.04149868084496344,1,0.8592429390243052,85.92,Very High
15118,50000,48,4,2,0.9237966666666667,0.03620565853236102,0,0.8592040372157036,85.92,Very High
13480,390000,41,6,2,0.44600170940170936,0.030948292712840778,1,0.8591909706194412,85.92,Very High
11835,30000,53,1,2,1.0577055555555557,0.0758822818784896,0,0.8589841950534058,85.9,Very High
3977,50000,25,1,2,0.41456,0.10063681976071015,0,0.8581591778409078,85.82,Very High
6342,130000,35,1,2,0.4512333333333334,0.08637296071735016,0,0.8581002258261994,85.81,Very High
9858,70000,50,5,3,0.5446071428571428,0.015821802522569785,1,0.8579715639833432,85.8,Very High
22852,150000,41,1,2,0.5243377777777778,0.040823981148708215,1,0.8580114128979742,85.8,Very High
6658,20000,26,2,2,0.8760833333333334,0.040359554836868636,0,0.8574347615103691,85.74,Very High
21673,80000,23,1,2,0.5578541666666667,0.05280277850393995,1,0.8572697504306727,85.73,Very High
15640,270000,32,1,2,0.9762364197530864,0.05550226588251809,0,0.8573048869254095,85.73,Very High
6062,150000,36,6,2,0.9573833333333334,0.03876306367471522,0,0.8566605031623813,85.67,Very High
3537,80000,23,1,2,0.18422291666666668,0.16777681025026292,0,0.8564155976000264,85.64,Very High
11099,170000,27,3,2,0.2547480392156863,0.041602044311372634,0,0.8562590114295019,85.63,Very High
19344,250000,34,2,2,0.598068,0.045776288537981186,0,0.8562271348532683,85.62,Very High
9234,140000,30,5,2,0.9046440476190477,0.02962754358791474,0,0.8551911332905953,85.52,Very High
9062,220000,46,2,2,0.9593613636363636,0.029613292302249683,0,0.8549143895477219,85.49,Very High
11105,30000,23,6,4,0.9604555555555556,0.02776460244559873,0,0.854779522809995,85.48,Very High
9147,70000,35,4,3,0.5941857142857143,0.026971685940743235,1,0.8548451155176209,85.48,Very High
9007,150000,35,6,2,0.9806777777777778,0.03874871120880117,1,0.8543134358902931,85.43,Very High
24709,100000,42,1,2,0.72535,0.034925668068288875,0,0.853752124704544,85.38,Very High
22754,70000,40,1,2,0.91295,0.03526506171776997,1,0.8531943415882444,85.32,Very High
17759,20000,61,1,1,0.0,0.0,1,0.8531743909815165,85.32,Very High
23506,120000,33,6,2,0.5917583333333334,0.03567522402632456,1,0.8530956991048406,85.31,Very High
16008,70000,22,4,2,0.9028380952380952,0.03375598641321547,0,0.8528107347782663,85.28,Very High
17295,30000,31,5,3,0.9934277777777777,0.02885072448369003,0,0.8525623405059567,85.26,Very High
13681,90000,38,3,2,0.27662037037037035,0.038781589958158995,0,0.8525859797328217,85.26,Very High
6176,50000,25,5,3,0.5034833333333334,0.06252441325432818,0,0.8524755413716372,85.25,Very High
19221,30000,47,3,2,0.92545,0.07541076113122144,1,0.852400634889761,85.24,Very High
27676,20000,22,1,2,0.997175,0.05403598499093272,0,0.8523276692586753,85.23,Very High
27850,50000,23,1,2,0.71474,0.03282312449282256,0,0.8522842190159029,85.23,Very High
2252,50000,36,4,2,0.09623666666666666,0.20834054934016832,0,0.8521949883868148,85.22,Very High
8609,30000,32,4,3,0.9797722222222223,0.02435940326266309,0,0.8515088699576939,85.15,Very High
24712,180000,41,2,2,0.5996305555555556,0.04961388262217013,0,0.8512809836004287,85.13,Very High
13391,60000,25,3,2,0.33995,0.07864718667777941,1,0.8508524528986419,85.09,Very High
8822,30000,23,6,3,0.9901833333333333,0.028053166360887154,1,0.8509257899028441,85.09,Very High
16946,230000,51,1,2,0.5053688405797101,0.027632278906638715,0,0.8508656198510042,85.09,Very High
105,60000,26,5,2,0.9501055555555556,0.039519000812775186,0,0.8493553078966125,84.94,Very High
11818,30000,23,6,2,0.8151111111111111,0.03953107960741548,0,0.8490047346530656,84.9,Very High
2433,30000,34,4,2,1.0439666666666667,0.033137499068722924,1,0.8485076130004778,84.85,Very High
25072,50000,54,1,2,0.7525433333333332,0.0363965751695362,0,0.8483461962728917,84.83,Very High
15181,50000,23,1,2,0.7919466666666667,0.06331234426560711,1,0.84781468591784,84.78,Very High
19546,160000,28,4,2,0.7401885416666667,0.03345149954755334,0,0.8476752092730511,84.77,Very High
17253,150000,39,3,2,0.8025355555555556,0.028105366048164014,0,0.8473484425342577,84.73,Very High
22169,50000,28,3,2,0.6637833333333333,0.0720767318653175,1,0.8471763081305203,84.72,Very High
15161,80000,22,1,2,0.8776854166666666,0.042792477373014726,1,0.8468183595194427,84.68,Very High
15089,20000,37,2,3,0.4654583333333333,0.04370244382776833,0,0.8468453550330786,84.68,Very High
11659,60000,26,2,3,0.8708472222222222,0.03234717149646736,1,0.8467471083178133,84.67,Very High
11152,10000,58,5,2,0.9812666666666666,0.05535362456688634,1,0.8461771875434863,84.62,Very High
29525,30000,42,6,2,0.8627777777777778,0.05860270444301352,1,0.8451707511201182,84.52,Very High
17305,290000,37,1,2,0.5137448275862069,0.052434456928838954,1,0.8451017672763053,84.51,Very High
20336,90000,54,5,3,0.9762462962962963,0.0366103726860063,1,0.8445158554260274,84.45,Very High
7660,70000,36,1,2,0.8652071428571428,0.049533967918500114,0,0.8444168586706733,84.44,Very High
27628,20000,24,4,3,1.0221666666666667,0.026088374368172185,1,0.8443989968322124,84.44,Very High
10330,170000,23,1,2,0.7931176470588235,0.033544710623253975,0,0.8443192955408947,84.43,Very High
7661,80000,44,1,2,0.4772020833333333,0.02040103555010325,1,0.8440962834542665,84.41,Very High
19030,30000,45,1,2,0.9114944444444444,0.055360854274725875,1,0.8437554351348209,84.38,Very High
16857,150000,45,4,3,0.9152633333333333,0.052808117153897424,0,0.8437720971088563,84.38,Very High
8657,30000,46,5,6,1.0342444444444443,0.026858039148277862,0,0.8432562122020925,84.33,Very High
10024,50000,39,3,3,0.028986666666666664,0.04024839006439743,0,0.8430729393216517,84.31,Very High
4915,50000,42,1,2,0.40864,0.2117185460715218,0,0.8427550210227421,84.28,Very High
3265,20000,62,1,2,0.7257166666666667,0.04751624830627196,1,0.8426572377163285,84.27,Very High
2301,200000,44,1,2,0.7001266666666667,0.03358320875270189,0,0.8418987530703015,84.19,Very High
6622,50000,41,3,2,0.49473,0.03410614543960005,1,0.8418216783408143,84.18,Very High
17324,140000,31,2,2,0.8233059523809524,0.057856175089686324,1,0.8417405181020399,84.17,Very High
8469,50000,36,4,2,0.6886,0.02655629780230419,1,0.8412766186749627,84.13,Very High
26775,30000,32,5,3,1.0330722222222222,0.023102611950331534,0,0.8409903107480273,84.1,Very High
19351,80000,36,1,2,0.08400208333333334,0.042161652736787285,1,0.8409158336366291,84.09,Very High
2707,30000,47,3,2,0.8999555555555556,0.08467084794310831,1,0.8405413849998759,84.05,Very High
3351,30000,44,6,3,0.7663666666666666,0.03254896843692459,1,0.8403811500090799,84.04,Very High
16730,50000,34,6,2,0.7066933333333333,0.04528131013924003,1,0.8404455646841958,84.04,Very High
17062,50000,23,1,2,0.81487,0.03884055125357419,0,0.8398770173168766,83.99,Very High
7163,90000,26,1,2,0.9888222222222223,0.043261343461356946,0,0.8391787205175518,83.92,Very High
6077,120000,68,2,2,1.035526388888889,0.0466027074260407,1,0.8388902533373599,83.89,Very High
11315,50000,30,1,2,0.62049,0.033978522350615374,1,0.8389280431866296,83.89,Very High
29467,50000,29,6,2,0.14551,0.0962133186722562,0,0.8384056779143081,83.84,Very High
23006,260000,33,3,2,0.8218583333333332,0.1517144931865636,1,0.8376535600677033,83.77,Very High
10740,270000,48,3,2,0.25253333333333333,0.12226230982830771,1,0.8371190674101437,83.71,Very High
12610,50000,54,3,2,0.5683533333333334,0.04351166527864122,1,0.8369891932638869,83.7,Very High
20339,50000,58,6,3,0.82737,0.03988542006599224,0,0.836737962586277,83.67,Very High
17350,100000,44,4,3,0.79298,0.03332786871463761,1,0.8362499373373086,83.62,Very High
6583,200000,29,6,2,0.8954675,0.03638695243918214,1,0.835844286096922,83.58,Very High
6570,50000,48,2,3,0.2256766666666667,0.05720573682111576,1,0.8355496019697529,83.55,Very High
7956,50000,27,1,2,0.33458666666666664,0.0252052283414362,0,0.8353115697407626,83.53,Very High
4014,20000,22,6,4,0.965425,0.027621686476594937,1,0.8349632547730104,83.5,Very High
20291,50000,52,1,2,0.047066666666666666,0.17060906515580737,0,0.8348268298772703,83.48,Very High
27581,320000,55,4,2,0.5565151041666667,0.02993423546268679,1,0.8346870367709329,83.47,Very High
4142,50000,42,3,3,0.6041633333333334,0.033103630916584366,0,0.8347319712672029,83.47,Very High
17559,30000,45,6,2,0.5368888888888889,0.08174668874172185,0,0.8346112704501709,83.46,Very High
26395,30000,30,3,3,0.98825,0.06162408297495573,0,0.833958484971638,83.4,Very High
22286,30000,29,6,2,0.9699055555555556,0.04607550563342364,1,0.8338872795477457,83.39,Very High
17249,20000,38,6,4,0.8866583333333334,0.02801718061259974,1,0.8338490669469029,83.38,Very High
8130,30000,24,3,2,0.6670944444444444,0.028373460362933783,0,0.8336924041705166,83.37,Very High
23608,240000,37,6,3,0.7159215277777777,0.04074003299942673,1,0.8334431778255278,83.34,Very High
7960,50000,58,6,2,0.66859,0.03702318810232479,0,0.8333112919030986,83.33,Very High
2256,30000,24,2,2,0.9186555555555556,0.03991340001693296,0,0.8332881637755865,83.33,Very High
26720,30000,25,4,2,0.49809444444444445,0.07331273631729815,1,0.8327402246688838,83.27,Very High
17134,20000,27,2,3,0.6646583333333334,0.036585212954024,1,0.8325491531747005,83.25,Very High
11234,110000,59,1,2,0.6638742424242424,0.030623726198600047,0,0.8321113909987529,83.21,Very High
6066,20000,56,1,2,0.71765,0.0987017812768527,0,0.8314012274045801,83.14,Very High
15120,20000,56,5,2,0.556425,0.11981249344775427,1,0.8312042468518156,83.12,Very High
6655,190000,26,1,2,0.6713745614035088,0.04361698374766615,1,0.8310397832823138,83.1,Very High
17320,200000,25,6,3,0.7038183333333333,0.03445491379167446,1,0.8309838055452604,83.1,Very High
18962,100000,29,6,2,0.6674666666666668,0.05278166200559329,0,0.8309009240568173,83.09,Very High
15470,120000,40,6,2,0.39867638888888884,0.13935000191606253,1,0.830702969023922,83.07,Very High
6456,80000,28,6,2,0.6975354166666667,0.040962675132983094,0,0.8301108232785692,83.01,Very High
17686,250000,35,1,2,0.18357866666666667,0.03575578861741379,1,0.8295113881352961,82.95,Very High
12751,20000,23,3,3,0.7995083333333333,0.07066843164027892,1,0.8288157866083352,82.88,Very High
17175,250000,29,3,2,0.8754773333333333,0.026844022613187777,1,0.828572461153956,82.86,Very High
15425,360000,27,3,3,0.362825462962963,0.02012497081164676,1,0.8283069330491758,82.83,Very High
28533,50000,44,6,4,0.30655,0.0587179905398793,1,0.8281766675954073,82.82,Very High
24602,310000,46,1,2,0.34834516129032256,0.044656609900574455,1,0.8279749559087599,82.8,Very High
17319,120000,25,6,4,0.8449263888888889,0.05046461969895471,0,0.8276743636774132,82.77,Very High
6352,260000,30,1,2,0.37456987179487183,0.0564750337566679,1,0.8271663253864043,82.72,Very High
27191,230000,29,1,2,0.976718115942029,0.025006844126774744,0,0.8270828278853557,82.71,Very High
6962,70000,47,4,2,0.9492571428571429,0.03311862910345935,0,0.8258463890464512,82.58,Very High
16133,30000,40,1,2,0.9612722222222223,0.05097989354385681,1,0.8253413422318465,82.53,Very High
20993,460000,44,6,2,0.641393115942029,0.04151967665492629,1,0.8253310007993986,82.53,Very High
11212,130000,26,2,2,0.8234230769230769,0.11296650941192957,1,0.8253296952329574,82.53,Very High
24685,50000,34,1,2,0.17077,0.14721555308309422,1,0.8251949914167903,82.52,Very High
22112,60000,29,1,2,0.7746527777777777,0.02811295383236217,1,0.8240268346189858,82.4,Very High
12040,20000,49,1,2,0.472875,0.07459688078244779,1,0.8238261818621915,82.38,Very High
20285,40000,55,6,2,0.7386916666666667,0.04163893370034859,0,0.8232542542187427,82.33,Very High
1961,30000,37,3,3,0.9897777777777778,0.043775258194881005,1,0.8232581174483354,82.33,Very High
14252,100000,26,1,2,0.551565,0.038363565490921285,1,0.822572514043274,82.26,Very High
25852,100000,43,2,2,0.8696866666666667,0.08564387173924709,1,0.8226190180256032,82.26,Very High
21716,30000,24,6,2,0.8937555555555556,0.05034933737785624,1,0.8222210371896878,82.22,Very High
21363,20000,56,5,5,0.936975,0.03112854309524445,0,0.8221513291230342,82.22,Very High
27684,30000,22,1,2,0.9335277777777777,0.05506590888802928,1,0.8219021984058655,82.19,Very High
25913,80000,48,4,2,0.4310145833333333,0.03505295161126605,0,0.8213929201888378,82.14,Very High
21002,280000,40,1,2,0.6689416666666667,0.042989014274502545,1,0.8209843337376345,82.1,Very High
4935,30000,22,2,2,0.86585,0.03792034802024985,0,0.8208677368722255,82.09,Very High
4339,150000,50,2,3,0.013935555555555557,0.26487003667676606,0,0.8200437245193299,82.0,Very High
7682,60000,64,1,2,0.442375,0.06279237700543154,1,0.819829451088982,81.98,Very High
27632,50000,23,2,2,0.5936766666666666,0.028781098577789255,1,0.8193233066535742,81.93,Very High
10317,20000,23,4,2,0.8273333333333334,0.07050765511684126,1,0.8188500617917037,81.89,Very High
20944,280000,39,1,2,0.5638511904761905,0.03387946414433055,1,0.8188496927022965,81.88,Very High
9518,50000,24,6,2,0.7050766666666667,0.046803420904582484,1,0.8188454799070535,81.88,Very High
24013,20000,24,3,4,0.923875,0.0391106300455509,1,0.8183664313431531,81.84,Very High
15965,50000,39,4,2,1.1795533333333332,0.17151125002119447,1,0.8180715633376682,81.81,Very High
4841,50000,37,3,3,0.59643,0.031073777867198723,1,0.8177674966180664,81.78,Very High
19552,30000,46,3,2,0.22339444444444442,0.04317226629529233,0,0.8176764914847423,81.77,Very High
25177,50000,22,4,2,0.8720233333333333,0.030993054467196978,0,0.8171857809235289,81.72,Very High
9143,80000,34,6,2,0.6016333333333334,0.033589118510720814,1,0.8166724271065852,81.67,Very High
29414,100000,30,6,4,0.927705,0.03233786602422106,1,0.8166909743896333,81.67,Very High
29738,100000,46,1,2,1.00239,0.04273120575158704,1,0.8156213507222558,81.56,Very High
27222,300000,36,6,2,0.9733633333333334,0.025093404655335966,1,0.8155802290985511,81.56,Very High
15910,50000,28,6,3,0.8347,0.03753843696338006,0,0.8152405013489636,81.52,Very High
5739,20000,23,6,3,0.510025,0.057186739212130126,1,0.8149238418165697,81.49,Very High
15498,150000,34,6,2,0.36953444444444444,0.04810858106746928,1,0.8141305407416457,81.41,Very High
26866,140000,48,6,2,0.6377166666666666,0.040695785932698875,1,0.8139067149132905,81.39,Very High
8118,150000,42,1,2,0.5568833333333333,0.04490068735721625,1,0.8134695447985062,81.35,Very High
5261,40000,24,4,2,0.9478333333333334,0.03258308422718481,1,0.8132893898727176,81.33,Very High
10187,50000,22,3,2,0.7397866666666667,0.04254830221325067,1,0.8129563012318758,81.3,Very High
6130,20000,33,1,2,0.30824166666666664,0.13517532239314392,1,0.8125054120004731,81.25,Very High
18455,50000,26,3,2,0.8530133333333333,0.03222302113292485,1,0.8123662988315188,81.24,Very High
4528,60000,27,4,2,0.8280166666666666,0.03190354461464141,1,0.8122354443341306,81.22,Very High
4209,30000,23,6,2,0.6939,0.20015692302765367,0,0.8118590912047352,81.19,Very High
23302,90000,35,6,2,0.7122,0.08693979011305605,0,0.8112168070000895,81.12,Very High
10522,100000,51,6,4,0.5547583333333334,0.022532333899145274,1,0.8109829598835269,81.1,Very High
25154,50000,27,6,2,0.45032333333333335,0.05551566652109225,1,0.8110261738111947,81.1,Very High
12164,50000,42,6,2,0.9202533333333333,0.03367188745128153,0,0.8106810497055876,81.07,Very High
12823,140000,50,6,2,0.9950428571428571,0.0329334941304275,0,0.8103948213250417,81.04,Very High
21167,150000,31,3,3,0.42001777777777777,0.06471948277321594,1,0.8103678088035812,81.04,Very High
11241,30000,44,3,2,0.81975,0.032489580156551796,0,0.8100734038667475,81.01,Very High
26044,10000,42,4,2,0.7443,0.09794437726723096,1,0.8096127350400276,80.96,Very High
28427,50000,30,6,2,0.8929833333333332,0.045913510890460814,0,0.8093412817324738,80.93,Very High
4746,160000,28,6,2,1.005940625,0.036586818100389044,0,0.8091552300348311,80.92,Very High
20249,210000,51,2,2,0.2166984126984127,0.041821711104600055,1,0.808894943856874,80.89,Very High
3152,160000,46,2,2,0.6870645833333333,0.13798739201494278,0,0.8082812148097399,80.83,Very High
3469,100000,53,1,1,0.0,0.0,0,0.8080535410882012,80.81,Very High
15811,10000,27,2,2,0.8607833333333333,0.11239762232075436,1,0.8080772841525964,80.81,Very High
12811,50000,25,6,3,0.5733633333333333,0.040695545000552294,1,0.8076883217905095,80.77,Very High
4367,90000,36,3,4,0.4925277777777778,0.01804748745135638,1,0.8071035296938583,80.71,Very High
7974,50000,34,2,2,0.0052,0.0,0,0.8064501416029696,80.65,Very High
1836,50000,37,6,2,0.32347333333333333,0.08862142165248037,1,0.8063702280592696,80.64,Very High
23040,220000,41,6,8,1.0709174242424242,0.0,1,0.8063223974747802,80.63,Very High
1036,60000,27,4,2,0.7854861111111111,0.04526567058615507,1,0.8048538661997345,80.49,Very High
4720,60000,25,3,2,0.6918583333333334,0.031946970518209813,0,0.8043608815689017,80.44,Very High
10816,10000,24,4,5,0.93125,0.023624161073825502,1,0.8038506850428835,80.39,Very High
26058,50000,27,2,2,0.6781866666666667,0.1670385734507707,1,0.8036467366357604,80.36,Very High
27794,420000,25,3,2,0.1509,0.036071928219045514,0,0.8033179600321844,80.33,Very High
27499,500000,55,1,2,0.6078043333333334,0.0881862748592886,1,0.8008367421225399,80.08,Very High
6991,20000,59,3,2,0.34310833333333335,0.15787044908070824,0,0.7995806180537471,79.96,Very High
9013,100000,29,6,4,0.832945,0.019008858127887596,0,0.7994980924888441,79.95,Very High
10831,10000,22,1,2,0.4722666666666667,0.10731931112365894,1,0.7980420523839399,79.8,Very High
25156,30000,24,6,2,0.9950166666666667,0.03661580208036716,0,0.7973542422066425,79.74,Very High
27923,30000,28,5,2,0.8448388888888889,0.05805183105260043,1,0.7972878937235304,79.73,Very High
22881,30000,39,6,2,0.8464833333333334,0.0409996915342561,0,0.7972766942860208,79.73,Very High
12155,70000,35,4,4,0.8333142857142857,0.02071761640266063,0,0.7972226044071722,79.72,Very High
24193,20000,30,6,2,0.8971666666666666,0.07402935166264164,1,0.7969508585313806,79.7,Very High
18580,30000,25,3,2,0.4923277777777778,0.06138638440966384,0,0.7969003615812834,79.69,Very High
21411,30000,24,5,2,0.6411333333333333,0.09964992547918616,0,0.7967446457178716,79.67,Very High
19815,100000,45,4,3,0.6342233333333334,0.028567749530922334,1,0.7962500446190797,79.63,Very High
215,470000,27,4,2,0.7102191489361702,0.027805821597369308,0,0.7963019082507016,79.63,Very High
27705,50000,24,5,2,0.7342433333333332,0.0680973156038189,0,0.7963030262986444,79.63,Very High
9390,40000,26,6,2,0.9681916666666666,0.061497809490200804,0,0.7960919851486373,79.61,Very High
27704,110000,25,3,2,0.03307424242424242,0.5236611846626048,1,0.7958515895075934,79.59,Very High
8974,20000,27,3,3,0.669525,0.024893270104427268,0,0.7954080424713895,79.54,Very High
4263,50000,32,3,3,0.6903566666666667,0.03838595508601834,1,0.7953485579257946,79.53,Very High
6730,390000,43,3,2,0.11847307692307692,0.038293528408127636,1,0.7952442745327443,79.52,Very High
19687,30000,39,2,2,1.0025944444444443,0.03687100688768584,1,0.7949090366184582,79.49,Very High
6487,20000,45,1,2,0.5297083333333333,0.25891607016439866,1,0.7948758626097104,79.49,Very High
4194,10000,22,6,3,0.8423,0.03957418180379121,0,0.7933207235641723,79.33,Very High
29945,80000,39,2,3,0.5654791666666666,0.0195188446376598,1,0.7929761659009286,79.3,Very High
26083,20000,36,6,2,0.9088,0.06602112676056338,0,0.7930228361622985,79.3,Very High
5148,50000,25,6,2,0.3094966666666667,0.06462105138450602,1,0.7928252467568146,79.28,Very High
29577,120000,45,6,2,0.556563888888889,0.04142481396265778,1,0.7924388948476754,79.24,Very High
2466,100000,29,3,4,1.3145383333333334,0.1323785410086938,1,0.7916013550926393,79.16,Very High
26881,50000,39,5,3,0.9198666666666667,0.2385853022177127,0,0.7913686968072388,79.14,Very High
17932,230000,32,3,2,1.0356434782608697,0.04536841899036376,1,0.7912392172423122,79.12,Very High
7175,20000,36,6,2,1.157125,0.03811890101184689,0,0.7910324731814974,79.1,Very High
6494,50000,34,2,2,0.7919933333333333,0.1052534112240002,0,0.7905372704615855,79.05,Very High
11749,100000,34,6,2,0.483115,0.03407746257792313,0,0.7903376716339362,79.03,Very High
13933,50000,27,6,2,0.3244166666666667,0.04562034420755202,0,0.7897010618062142,78.97,Very High
23466,30000,33,2,2,0.9877,0.019506597819850834,1,0.7896556900490639,78.97,Very High
21393,150000,54,6,2,0.1711277777777778,0.04350874914781028,1,0.7890220188577444,78.9,Very High
18004,70000,33,6,8,0.5147404761904762,0.07863417071015907,0,0.7884141760631831,78.84,Very High
24333,50000,49,2,2,0.6938066666666667,0.03603309279242056,1,0.7884316365058419,78.84,Very High
1260,50000,24,2,2,0.6747233333333332,0.02744828744621252,0,0.7883448511946092,78.83,Very High
15758,80000,22,5,2,0.82630625,0.02121136483396239,1,0.7877582873637304,78.78,Very High
19926,80000,34,1,2,0.004754166666666666,0.7142857142857143,1,0.7878354985925734,78.78,Very High
19596,430000,42,6,2,0.6869689922480621,0.039889865604441486,1,0.7877136719564266,78.77,Very High
502,90000,35,6,2,0.30137037037037034,0.07680963500061448,0,0.7872690758389889,78.73,Very High
15160,70000,22,4,2,0.7772857142857142,0.03521105188997121,0,0.7872655515274993,78.73,Very High
14928,50000,25,2,2,0.0065,0.0,1,0.7865742462698125,78.66,Very High
23356,30000,28,6,5,0.03666666666666667,0.0,1,0.7850782685965718,78.51,Very High
16786,60000,29,4,2,0.7463861111111111,0.043584084793765514,1,0.7850482090601297,78.5,Very High
19078,90000,40,6,2,0.4688018518518518,0.043222873124158116,0,0.783947302749601,78.39,Very High
20239,30000,61,2,2,0.6834833333333333,0.02651450494606875,0,0.7835728136289023,78.36,Very High
6374,100000,52,5,5,0.992005,0.01746462971456797,1,0.7833211364745754,78.33,Very High
26774,50000,25,5,2,0.8121966666666667,0.23451627068977546,1,0.7831278990523788,78.31,Very High
13093,20000,53,1,2,0.8737916666666666,0.05558151733346049,1,0.7825762178958674,78.26,Very High
28443,120000,37,3,2,0.2916027777777778,0.11985482534269411,0,0.7819094641364127,78.19,Very High
21221,200000,41,6,2,0.013603333333333332,0.7936780200931144,0,0.78192729993576,78.19,Very High
1402,30000,36,2,2,0.9718833333333333,0.02884434002709516,0,0.7815402784879844,78.15,Very High
12022,80000,52,6,2,0.07880208333333334,0.07933906146728355,1,0.7813633638713313,78.14,Very High
9522,220000,39,4,5,0.6772181818181818,0.20178918212652472,0,0.7814438216437325,78.14,Very High
26917,130000,39,2,3,0.3595589743589743,0.08319665116809767,0,0.7812927325979977,78.13,Very High
10491,50000,33,1,2,0.6474066666666667,0.02576948028544655,0,0.7811517581724912,78.12,Very High
20920,50000,36,2,2,0.7871366666666667,0.031176288742742683,1,0.7811736991534689,78.12,Very High
28207,400000,39,0,0,0.0,0.0,1,0.7794086257833256,77.94,Very High
9032,50000,36,6,5,0.44005333333333335,0.03976790692037329,1,0.7789689895513291,77.9,Very High
27555,40000,55,1,1,-0.028125,0.0,1,0.7783645217116795,77.84,Very High
20225,50000,52,2,3,0.7692333333333333,0.026658577804740652,0,0.7771852089167351,77.72,Very High
18358,20000,22,4,2,0.7615333333333333,0.0776941258863696,0,0.777133255150758,77.71,Very High
29977,40000,47,6,3,1.2750375,0.031110196105343307,1,0.7768596330180063,77.69,Very High
13877,10000,45,4,2,0.8691833333333334,0.07948073862437921,0,0.7766585597936186,77.67,Very High
16705,50000,42,2,2,0.14208666666666667,0.12140477642753249,0,0.7764798953426428,77.65,Very High
14500,60000,24,6,3,0.7945694444444444,0.04981733643307871,0,0.7761007048973078,77.61,Very High
29652,50000,41,4,5,0.8846166666666667,0.12085837556757165,1,0.7759498777701881,77.59,Very High
18235,50000,58,1,2,0.13152,0.09529602595296026,0,0.7759405959916901,77.59,Very High
11845,30000,24,6,6,0.05,0.0,0,0.7754478282922518,77.54,Very High
18093,80000,35,1,2,0.8865333333333334,0.13159638667468793,1,0.7750907188148807,77.51,Very High
24675,30000,35,2,2,-0.01762222222222222,0.0,1,0.7747477324105904,77.47,Very High
27229,30000,40,6,4,0.46885,0.02369864799213205,1,0.7745609342695972,77.46,Very High
13126,400000,34,0,0,0.0,0.0,0,0.7746457748619723,77.46,Very High
17779,60000,59,6,5,0.9588361111111111,0.027814393028585002,0,0.7743007954106372,77.43,Very High
9493,50000,38,5,5,0.9770566666666667,0.01252059757707673,1,0.7741694544333251,77.42,Very High
10324,40000,24,3,2,0.29599583333333335,0.08446064837624404,0,0.7741260783661654,77.41,Very High
3141,20000,49,4,2,0.9268833333333334,0.0809163325121824,1,0.7736137262020049,77.36,Very High
20725,270000,38,6,2,0.9670438271604939,0.02908379936053047,1,0.7728593857073769,77.29,Very High
1592,50000,33,3,2,0.79486,0.026478457422271427,0,0.7719448268312749,77.19,Very High
12991,60000,36,4,2,0.6884527777777777,0.031883087277026184,1,0.7715570232650478,77.16,Very High
15309,50000,43,5,2,0.33476666666666666,0.08762322015334063,0,0.7710664387515901,77.11,Very High
23783,180000,53,1,1,0.0,0.0,0,0.770472435800834,77.05,Very High
15268,30000,34,3,2,0.8159888888888889,0.06865561894905976,0,0.7700437545734308,77.0,Very High
17694,20000,42,4,2,0.479175,0.0693553155597294,0,0.7697887690392669,76.98,Very High
6371,120000,31,4,3,0.4552875,0.0,0,0.7698200316943825,76.98,Very High
16612,50000,31,2,2,0.016033333333333333,0.5384615384615384,0,0.7695426413885077,76.95,Very High
20430,10000,24,2,2,0.8936833333333334,0.10630163555323474,1,0.7693097604655665,76.93,Very High
21241,260000,39,2,3,0.4994980769230769,0.15509286886708068,0,0.7691345612181837,76.91,Very High
23472,100000,30,3,2,0.45368833333333336,0.03196026640902529,0,0.7690449904687507,76.9,Very High
15368,60000,38,3,3,0.007583333333333333,0.6032967032967033,0,0.7689669780440594,76.9,Very High
28044,180000,28,1,2,0.3456462962962963,0.028451799902490773,0,0.7689012396254614,76.89,Very High
8225,30000,22,5,2,0.960211111111111,0.043503164813293374,0,0.7688976219279507,76.89,Very High
11205,50000,40,5,2,0.6394533333333333,0.041754415229675344,0,0.7686572397072908,76.87,Very High
24989,10000,36,4,3,1.0079833333333335,0.06812281949106301,1,0.768649938933639,76.86,Very High
750,50000,25,6,8,0.7231833333333333,0.01843700306515176,1,0.7681679245076548,76.82,Very High
16834,10000,45,5,2,0.8668833333333333,0.15380770192067367,0,0.7675143774927721,76.75,Very High
6229,240000,60,1,2,0.7102347222222223,0.21801673546890796,1,0.7673385769089522,76.73,Very High
67,10000,56,3,2,0.38086666666666663,0.13171713635568003,1,0.7671465422873855,76.71,Very High
15057,20000,40,3,3,0.4796166666666667,0.07297494526879104,0,0.7669782712970408,76.7,Very High
14708,30000,30,4,2,0.7610166666666667,0.040880985231744084,1,0.7670387263640036,76.7,Very High
15469,360000,37,0,0,0.0,0.0,1,0.7665979155570952,76.66,Very High
3303,20000,23,4,3,0.8650166666666667,0.04219571877227799,1,0.7657043667613733,76.57,Very High
14874,20000,23,2,2,0.31880833333333336,0.03136680868860601,1,0.7649437219844917,76.49,Very High
19668,210000,36,1,2,0.8466809523809524,0.04251521815342448,0,0.7637709686278478,76.38,Very High
10879,30000,25,4,3,1.0683166666666666,0.03640202395253176,0,0.7636942511347932,76.37,Very High
25183,10000,21,1,2,0.6278833333333333,0.1911183075412099,1,0.7635407350813819,76.35,Very High
2485,80000,27,3,2,1.02391875,0.03176725041252866,0,0.7632911663964046,76.33,Very High
15031,150000,46,6,2,0.6613633333333333,0.20950998526612535,1,0.762929254165093,76.29,Very High
27697,40000,26,4,2,0.2434125,0.12966671801982232,1,0.7625698366786441,76.26,Very High
2458,30000,44,5,2,0.33479444444444445,0.09777143520900054,0,0.7624020108871287,76.24,Very High
15951,50000,31,3,3,0.5999566666666667,0.02376838327212521,1,0.7618522857092277,76.19,Very High
27236,100000,31,4,2,0.23120166666666667,0.05550709697882801,0,0.7619054105635426,76.19,Very High
159,210000,45,6,6,0.6392468253968254,0.08103286233426987,1,0.7613691858640075,76.14,Very High
29916,10000,32,1,2,0.95545,0.06824009628970643,0,0.7604658851382374,76.05,Very High
8495,50000,61,2,2,0.11017333333333335,0.0916434708943483,0,0.7604042689675338,76.04,Very High
10933,50000,48,3,2,0.7800433333333333,0.026391696187818624,0,0.7598108798802616,75.98,Very High
23502,60000,31,3,2,0.35840833333333333,0.051927116029978224,0,0.7595812889705215,75.96,Very High
14915,30000,26,6,2,0.006666666666666667,0.0,1,0.7587217791944294,75.87,Very High
5350,80000,23,4,2,0.786775,0.024300149343840362,1,0.758233417902149,75.82,Very High
26857,360000,38,0,0,0.0,0.0,1,0.7575558738187099,75.76,Very High
17648,360000,37,0,0,0.0,0.0,1,0.7572709335967904,75.73,Very High
29681,50000,47,3,2,0.34585333333333335,0.05138979914414588,0,0.7563699610584786,75.64,Very High
16104,10000,37,5,4,0.26646666666666663,0.058543907930948214,0,0.7563156745529882,75.63,Very High
14808,30000,29,3,3,0.9596611111111111,0.02376417601120766,0,0.7563195380390844,75.63,Very High
527,20000,27,3,2,0.9683416666666667,0.038726000636827566,0,0.7561546005128372,75.62,Very High
25261,90000,23,3,3,0.3970203703703704,0.026003890088669768,0,0.7559866988757212,75.6,Very High
23340,160000,44,2,2,0.0015625,0.0,1,0.755904064615347,75.59,Very High
15111,20000,50,4,2,0.4826083333333333,0.06906912092276346,0,0.7556891529479589,75.57,Very High
8149,30000,30,2,2,0.6034777777777778,0.06754368199142011,1,0.7546033368975706,75.46,Very High
24413,30000,38,3,2,0.8390777777777777,0.04557914112054239,1,0.7530250805780728,75.3,Very High
6592,50000,41,1,2,0.50016,0.23160588611644273,0,0.7520541623031544,75.21,Very High
16122,20000,30,4,2,0.9327083333333334,0.04479785570694662,1,0.7518503133545711,75.19,Very High
28225,450000,33,0,0,0.0,0.0,0,0.7511802558344133,75.12,Very High
22403,100000,28,1,1,-0.04894,0.0,0,0.7510403677224523,75.1,Very High
27586,80000,52,4,2,0.8517520833333334,0.030116842488889323,1,0.7504582183554785,75.05,Very High
18758,160000,30,5,2,0.945625,0.040338180215906586,0,0.7503747605400278,75.04,Very High
9386,10000,42,1,2,0.7736833333333333,0.23166239417505008,1,0.7501406268761537,75.01,Very High
4223,30000,38,1,2,2.1174444444444447,0.1796190376239702,0,0.7498060010211697,74.98,High
17542,20000,37,3,2,0.8574666666666666,0.0454245062976209,1,0.7496904402394564,74.97,High
4105,210000,25,2,2,0.027603968253968252,0.1868836433685058,1,0.749271862649612,74.93,High
6947,220000,37,1,2,0.005473484848484849,0.41550173010380625,1,0.7492762688625747,74.93,High
7188,20000,25,5,2,1.00695,0.044689408610159395,0,0.7490612327467017,74.91,High
19102,10000,49,1,2,0.4314,0.16890743316334414,1,0.7489121571236635,74.89,High
18951,30000,23,2,2,1.108561111111111,0.049939611408181775,1,0.7481136240744739,74.81,High
251,50000,26,3,2,0.8028733333333333,0.041774958274862786,0,0.74654833912607,74.65,High
15981,30000,37,4,2,0.7086,0.031713550976887134,0,0.7449156790124603,74.49,High
7266,360000,42,0,0,0.0,0.0,1,0.744702390489115,74.47,High
14794,20000,25,6,4,0.5427833333333333,0.5104860748610557,1,0.7443813912110103,74.44,High
20968,150000,38,5,5,1.29164,0.008602328134086209,1,0.744258361250013,74.43,High
15778,10000,25,4,2,0.8108833333333333,0.04932892113538734,1,0.7434590672568236,74.35,High
13283,110000,25,3,2,0.43013181818181817,0.037095745842535936,0,0.7430795261492144,74.31,High
23170,320000,37,6,2,0.9506375,0.09315185423816474,0,0.7431173099495137,74.31,High
28502,20000,39,3,2,0.9557666666666667,0.048826422069542776,0,0.7428915186525135,74.29,High
27567,100000,52,6,2,0.1718083333333333,0.05432410146966096,0,0.7424117643593973,74.24,High
27663,20000,21,2,2,0.01625,0.4,0,0.7414269496400564,74.14,High
20737,20000,22,2,2,0.585425,0.06974989679862208,0,0.7410462573793808,74.1,High
20246,80000,52,1,2,0.7705104166666666,0.033822276899782344,0,0.7409364111833691,74.09,High
28662,50000,46,3,3,0.74414,0.01075066519740909,0,0.7398066162210616,73.98,High
27644,20000,24,5,2,0.168725,0.11379463624240628,1,0.7381591832918549,73.82,High
3729,110000,28,3,2,1.0081772727272726,0.03080867512176941,1,0.7373259718282772,73.73,High
16643,50000,33,4,2,0.18478,0.13529602770862648,0,0.7373095006993158,73.73,High
12372,40000,28,5,2,0.5732666666666667,0.043609722060704736,1,0.7372195547887854,73.72,High
28202,300000,48,3,3,0.0024611111111111114,0.7413092550790068,1,0.7369656333495535,73.7,High
23996,80000,25,3,2,0.9124229166666666,0.03177894023011076,0,0.7361390588629875,73.61,High
9857,20000,28,1,2,0.8865083333333333,0.48286818134817305,1,0.7360690285819086,73.61,High
11060,320000,32,6,2,0.34771979166666667,0.03166162888580664,0,0.735599678271009,73.56,High
7760,20000,33,2,2,0.5078833333333334,0.019410625799888427,0,0.7350362098274108,73.5,High
22711,360000,34,0,0,0.0,0.0,1,0.7343249980437747,73.43,High
27614,100000,26,4,2,0.07339666666666667,0.08515373086879513,1,0.7336352127636693,73.36,High
2322,30000,39,3,3,0.04808888888888889,0.23763863216266173,0,0.7334629477079111,73.35,High
25176,50000,22,6,2,0.7914766666666667,0.04993619521316695,0,0.7329540995968733,73.3,High
11814,120000,34,5,3,0.39873333333333333,0.03483252521874826,1,0.7327073748702896,73.27,High
20738,20000,24,5,5,0.9860166666666667,0.0,0,0.7325477827371394,73.25,High
2391,180000,29,4,2,0.011687962962962964,0.34809474768280124,1,0.7323309673148494,73.23,High
933,160000,29,2,2,0.0038947916666666666,0.631184808772399,1,0.7320717975283674,73.21,High
23452,60000,34,1,2,0.8256333333333333,0.1329013417309271,0,0.7312309586502452,73.12,High
3414,150000,33,4,2,0.5981077777777778,0.03288147621108793,1,0.7308682195687388,73.09,High
28164,160000,41,4,2,0.293221875,0.04298508311041482,0,0.7307126385368685,73.07,High
27670,30000,24,3,2,0.9305333333333333,0.04537421789177055,0,0.7304538110593664,73.05,High
21772,360000,25,2,2,0.0012069444444444445,0.4794783275795934,0,0.7297543599817693,72.98,High
17901,50000,28,3,2,0.34717666666666663,0.0,0,0.7294686753145851,72.95,High
1796,200000,34,1,1,-0.03233916666666666,0.0,0,0.7291885013607967,72.92,High
29757,30000,37,3,2,0.8191166666666667,0.04133178695206896,0,0.7288711656812787,72.89,High
20473,80000,34,6,2,0.9272895833333334,0.03423283359432396,1,0.72862102535448,72.86,High
29171,60000,53,3,2,0.16752777777777778,0.08831039628585641,1,0.7283910022070642,72.84,High
26893,20000,38,4,3,1.0959333333333334,0.029662692377881866,0,0.7276418292524147,72.76,High
15280,20000,46,4,2,0.6487166666666667,0.1672404490917966,1,0.7276117899600398,72.76,High
13240,20000,34,2,2,0.01625,0.4,1,0.7272367066293303,72.72,High
27963,70000,25,2,2,1.0208666666666668,0.03405136625276376,0,0.7270753905674652,72.71,High
10195,10000,46,5,4,0.8251,0.0821920575283804,1,0.7269319883299494,72.69,High
16783,20000,31,2,2,0.7766583333333333,0.09136364124078585,1,0.7268671660555535,72.69,High
21311,30000,52,3,2,0.07551666666666666,0.3840211873758552,1,0.7267914332228017,72.68,High
9090,180000,31,6,4,0.5461055555555555,0.17548499984740434,1,0.7267341204183795,72.67,High
21102,20000,34,1,2,0.176225,0.1630964202960231,0,0.7253149808544286,72.53,High
24914,110000,34,4,3,0.5165924242424242,0.047807456203384065,1,0.7247494755798288,72.47,High
19486,280000,46,2,2,0.697645238095238,0.004466555863090464,1,0.7244553303365073,72.45,High
22503,50000,44,3,3,0.38547333333333333,0.0611801940471455,1,0.7242083485757753,72.42,High
14435,10000,32,2,2,0.84305,0.059308463317715436,1,0.7240412010605299,72.4,High
13801,450000,43,2,2,0.00037037037037037035,0.0,0,0.7231730724513233,72.32,High
27321,180000,41,5,2,0.6579287037037037,0.03673143690285027,1,0.7228400486228128,72.28,High
28927,360000,35,0,0,0.0,0.0,1,0.7226386016204983,72.26,High
5353,100000,48,4,2,0.028013333333333335,0.17170395049976203,0,0.7225714359994397,72.26,High
8809,80000,25,4,2,0.08442916666666667,0.07160835019493658,1,0.7225543317692735,72.26,High
2292,90000,35,4,2,0.004722222222222222,0.6862745098039216,0,0.7219300549121154,72.19,High
852,30000,32,3,2,0.9134333333333333,0.03898599909985525,0,0.7216394664283055,72.16,High
23576,210000,38,0,0,-0.0003857142857142857,0.0,0,0.721266006617838,72.13,High
7528,50000,49,3,2,0.1829866666666667,0.0765083066161469,0,0.7206851798348386,72.07,High
692,170000,27,2,2,0.001911764705882353,0.0,0,0.7203942070530714,72.04,High
436,270000,32,6,2,0.8393956790123457,0.030886418138857983,1,0.7200669705953876,72.01,High
11330,150000,25,1,2,0.6492233333333334,0.1831812712968145,0,0.7198898872404781,71.99,High
12836,120000,39,1,2,0.5063472222222222,0.06904023918589022,1,0.7198180664951146,71.98,High
29119,200000,49,4,2,0.22802833333333333,0.24019310465804689,1,0.719362869371895,71.94,High
15616,60000,28,2,2,0.15559166666666666,0.47305089889847,1,0.7192785050337809,71.93,High
15532,240000,38,2,2,0.013765972222222223,0.23926751753014175,1,0.7193337032264082,71.93,High
12706,10000,22,1,2,0.9189666666666666,0.0599405128949182,1,0.7190356309671916,71.9,High
21612,110000,24,2,2,0.5347848484848485,0.03280276973464265,0,0.7189640348340564,71.9,High
9080,50000,26,6,8,1.0566766666666667,0.03154544278760769,0,0.7187520939624554,71.88,High
25623,120000,38,2,2,0.0036222222222222224,0.5,0,0.7180618301617268,71.81,High
1102,30000,24,3,2,0.89215,0.05393960905926382,1,0.7177720155406351,71.78,High
10136,40000,24,1,2,0.012,0.7291666666666666,1,0.7177032013079359,71.77,High
26260,10000,33,1,1,0.0,0.0,0,0.7167751329958695,71.68,High
29906,50000,30,3,2,0.36779666666666666,0.090783857022449,1,0.7166893107513397,71.67,High
1160,80000,26,4,2,0.9712854166666666,0.0332463209192286,0,0.7156734092328566,71.57,High
29310,140000,26,3,3,0.9897880952380953,0.025836458501218393,1,0.7152720175727751,71.53,High
9626,20000,24,2,2,0.8194,0.07896021479131071,1,0.7151044977255556,71.51,High
15229,130000,29,6,2,0.6866205128205128,0.043505538086951324,0,0.7143149131820385,71.43,High
3690,710000,51,1,1,0.0,0.0,0,0.7141905142008209,71.42,High
18296,360000,54,0,0,0.0,0.0,1,0.7138895472946265,71.39,High
15684,20000,28,3,2,0.756825,0.06296039375020646,0,0.7138439083788346,71.38,High
8812,10000,49,2,2,0.03788333333333333,0.0,1,0.7137187571114375,71.37,High
4085,30000,24,4,2,0.6670944444444444,0.06261815335159938,0,0.7133497726602469,71.33,High
13957,70000,46,3,2,0.18955238095238094,0.06720092448374616,1,0.7131278206134319,71.31,High
3254,50000,47,3,3,0.06491666666666666,0.1512708600770218,1,0.7131040982939415,71.31,High
12049,50000,31,2,2,1.0159966666666667,0.03182425139190089,0,0.7130796651505129,71.31,High
3398,40000,45,2,2,0.29954166666666665,0.044512449575740715,1,0.712951411897871,71.3,High
1895,100000,30,6,8,0.92887,0.07177179440251776,1,0.712947191164139,71.29,High
5627,360000,51,3,3,0.00609212962962963,0.04757200395166806,1,0.7120889247803404,71.21,High
23342,120000,30,1,2,0.0034666666666666665,1.0,1,0.7118869609792677,71.19,High
1133,270000,44,6,4,1.0080925925925925,0.03763432959200544,0,0.7117655347441766,71.18,High
5149,110000,33,2,2,0.021560606060606058,0.07027406886858749,1,0.7117664007962298,71.18,High
7320,500000,43,1,1,0.0,0.0,1,0.7112527826525498,71.13,High
6338,20000,26,3,2,0.772725,0.24866543725128604,0,0.7106003756204051,71.06,High
17086,10000,22,3,2,0.9006333333333334,0.0990044043080795,1,0.7103980740719255,71.04,High
2080,230000,43,6,2,0.05020507246376811,0.08948804179957566,0,0.7103078631482284,71.03,High
4260,50000,37,2,2,0.59758,0.04293985742494729,1,0.7097424559531735,70.97,High
7517,80000,52,1,1,0.0,0.0,0,0.7095357781103294,70.95,High
23448,450000,36,0,0,0.0,0.0,0,0.7082842039183844,70.83,High
29082,200000,58,3,2,0.8670075,0.028367690014215564,1,0.7082590635141794,70.83,High
15021,70000,45,5,2,0.16095238095238093,0.0673076923076923,0,0.7082556808894249,70.83,High
11226,10000,23,5,3,1.0799,0.06945087508102601,0,0.708239781375484,70.82,High
25705,260000,29,2,2,0.002030769230769231,0.625,1,0.708204380444614,70.82,High
4503,70000,27,2,2,0.821947619047619,0.027518843165767717,1,0.7080811496003595,70.81,High
13696,20000,29,4,3,0.9546833333333334,0.057610726069726434,0,0.7076333518054325,70.76,High
669,100000,35,6,2,0.9997316666666667,0.04134442742135806,0,0.7074101007667278,70.74,High
8834,90000,37,1,2,0.7647759259259259,0.25322110809508475,0,0.707171907262275,70.72,High
23533,80000,35,4,2,0.7799666666666667,0.03018291379973503,1,0.7068638927054428,70.69,High
14355,20000,43,2,2,0.9874333333333334,0.04335313776457483,1,0.7065597221798129,70.66,High
23823,120000,47,2,3,0.005705555555555555,0.42112950340798444,1,0.7059883303627148,70.6,High
3676,10000,25,1,2,0.8802333333333334,0.07200742227439694,0,0.7059321242520239,70.59,High
11195,200000,38,0,0,0.0,0.0,0,0.7057881896575876,70.58,High
13873,50000,26,1,2,0.6709733333333333,0.14872920930787115,0,0.7058400331889071,70.58,High
4325,20000,49,3,3,0.923825,0.06191648851243471,0,0.7056884743316049,70.57,High
988,380000,53,0,0,0.0,0.0,0,0.7048643449098444,70.49,High
12998,50000,30,5,2,0.002,0.3333333333333333,1,0.704773995266502,70.48,High
368,10000,24,3,2,0.24586666666666665,0.11184924078091106,0,0.7046042760366458,70.46,High
13133,200000,38,0,0,0.0,0.0,0,0.7043870842558791,70.44,High
28352,30000,44,4,2,0.9519944444444444,0.048553037774496814,0,0.704285896465735,70.43,High
19281,260000,40,0,0,0.0,0.0,0,0.7041939343348386,70.42,High
21394,200000,58,0,0,0.0,0.0,1,0.703550860918672,70.36,High
18135,270000,38,0,0,0.0,0.0,0,0.7035196730967237,70.35,High
12797,20000,28,2,2,0.3189916666666667,0.07445335562580005,1,0.702745000091931,70.27,High
1095,50000,31,3,2,0.6674333333333333,0.04322029665884233,0,0.7017373836584262,70.17,High
28521,50000,47,3,3,0.26489,0.09718499502938327,0,0.7017460744381238,70.17,High
9597,30000,41,2,3,0.38731666666666664,0.07950715033635986,0,0.7016201505439438,70.16,High
944,80000,24,6,5,0.011875,0.0,1,0.7014064968093708,70.14,High
11167,140000,35,4,2,0.7122321428571429,0.054489992060507295,0,0.7006856596003765,70.07,High
7983,150000,38,4,2,0.9448177777777778,0.03595167086892711,0,0.7003888404728805,70.04,High
4907,340000,46,0,0,0.0,0.0,0,0.7001355489471369,70.01,High
10265,20000,47,2,3,0.9552166666666666,0.05864289079266484,0,0.6996696404114396,69.97,High
20834,20000,47,3,2,0.6666666666666667,0.08125,1,0.6991077503294736,69.91,High
327,220000,41,3,2,0.002556818181818182,0.5703703703703704,1,0.6985993477329018,69.86,High
17928,10000,44,1,2,0.8929666666666666,0.07570271380044048,0,0.6984019463183732,69.84,High
9508,280000,35,3,2,0.0016672619047619047,1.11781506604784,0,0.6977097809654658,69.77,High
17112,20000,26,2,2,0.6563416666666667,0.03174159799900966,0,0.6970534001606656,69.71,High
6383,80000,30,2,2,0.9927291666666666,0.03165725797989549,0,0.6966430986111333,69.66,High
13454,20000,29,1,2,0.6218333333333333,0.0883811310640579,0,0.6965662745043427,69.66,High
17362,100000,42,3,2,0.01046,0.0,0,0.6961594201257741,69.62,High
6216,200000,41,5,2,0.013051666666666668,0.28534031413612565,0,0.6956983782610152,69.57,High
5367,20000,29,2,2,0.950125,0.08388369951322194,0,0.6949066610826821,69.49,High
2160,220000,54,0,0,0.0,0.0,0,0.694822251544862,69.48,High
24595,380000,47,1,1,0.0,0.0,1,0.69470593108316,69.47,High
8633,100000,60,3,3,0.05217166666666667,0.08663706354023576,0,0.6942896452388136,69.43,High
3777,250000,26,5,3,0.007338666666666667,1.0537790697674418,1,0.6942230002189602,69.42,High
27278,20000,44,4,2,0.9321416666666666,0.03932699786334338,0,0.6939411554582392,69.39,High
29755,220000,39,1,1,0.0,0.0,0,0.6938782648836886,69.39,High
8600,20000,46,4,2,1.0813583333333334,0.0570270416066213,1,0.6938236372232173,69.38,High
4885,70000,30,4,2,0.295847619047619,0.06311164048416174,1,0.6937313585969588,69.37,High
14072,100000,24,3,2,0.25642,0.6028000935964434,1,0.6927352943811459,69.27,High
2444,30000,42,2,2,0.9942777777777777,0.0615186902832877,0,0.6925810976795365,69.26,High
23469,50000,39,6,2,0.4485166666666666,0.18579762922225113,1,0.6921676049406703,69.22,High
17729,50000,51,4,3,0.9693533333333333,0.04026739475801737,0,0.6922356806231166,69.22,High
24928,220000,35,1,1,0.0,0.0,0,0.6922064014040676,69.22,High
17421,200000,46,4,2,0.16463166666666668,0.05598355925854686,0,0.6921467159910929,69.21,High
13904,290000,50,1,1,0.0,0.0,0,0.6920435691601551,69.2,High
8933,240000,42,3,2,0.7293798611111111,0.0300864413928499,1,0.691703316938058,69.17,High
29247,10000,25,1,1,0.0,0.0,0,0.6916127076960488,69.16,High
23237,300000,49,1,1,0.0,0.0,0,0.6914351228458261,69.14,High
12223,30000,36,2,3,0.6762833333333333,0.4684755731900666,1,0.6910224216481875,69.1,High
25887,40000,37,6,2,0.33799166666666663,0.22189896200596662,1,0.6910126804584803,69.1,High
6990,120000,26,6,2,0.4705847222222222,0.04338574055327149,0,0.6906659469792766,69.07,High
5065,20000,53,4,2,0.9494416666666666,0.07356955403614406,1,0.6901361804631542,69.01,High
25178,50000,22,4,4,0.39909,0.032574106091357836,0,0.6900899868515145,69.01,High
20440,80000,24,4,2,2.093916666666667,0.03701197914593863,1,0.6899971418046543,69.0,High
19417,270000,45,0,0,0.0,0.0,1,0.6900369428986587,69.0,High
990,50000,54,3,2,1.14392,0.03658472620462969,0,0.6897185022043477,68.97,High
21063,390000,36,1,1,0.0,0.0,0,0.6896154870797189,68.96,High
15025,50000,45,2,2,0.37882333333333335,0.07039341117671385,0,0.6895743890928756,68.96,High
671,30000,34,5,2,1.5298611111111111,0.2768225147526101,0,0.6889747444859509,68.9,High
17241,70000,34,2,2,0.8654452380952381,0.08255590983996676,0,0.6887821081536253,68.88,High
13961,120000,38,6,2,0.8081680555555556,0.021191618217470582,0,0.6885329558636213,68.85,High
23695,100000,54,4,2,0.6235283333333334,0.03677993782693649,0,0.6884914691578565,68.85,High
5671,340000,40,0,0,0.0,0.0,0,0.6885493454933022,68.85,High
16687,20000,41,4,2,0.873425,0.041751342893398595,1,0.6882841023083293,68.83,High
7948,310000,48,0,0,0.0,0.0,0,0.6880030049786212,68.8,High
13798,30000,33,4,2,1.1269222222222222,0.04022756179564793,0,0.687900711580472,68.79,High
15700,20000,31,4,4,1.010375,0.024743288383026103,0,0.6878607326264101,68.79,High
761,50000,52,3,2,0.5732633333333333,0.036167206461253994,1,0.6871527736349472,68.72,High
13746,280000,34,1,1,0.0,0.0,0,0.6872079037944113,68.72,High
857,40000,29,4,2,0.7657166666666667,0.060945084125982193,1,0.6872403616852807,68.72,High
1758,360000,32,0,0,0.0,0.0,0,0.6868857450648591,68.69,High
25421,20000,27,2,2,0.22240833333333335,0.1985462175428079,1,0.6866024545589335,68.66,High
28232,30000,42,4,2,0.995488888888889,0.03848471995892582,1,0.6862706271338522,68.63,High
23432,360000,29,0,0,0.0,0.0,1,0.6859040482463368,68.59,High
5314,80000,50,1,1,0.0,0.0,0,0.6848126871585092,68.48,High
15800,20000,23,1,2,0.8242083333333334,0.0748192710176432,0,0.684571678476245,68.46,High
1397,180000,24,6,2,0.5909861111111111,0.031300478641316694,1,0.6846065159445144,68.46,High
26247,80000,30,4,2,0.76358125,0.03492315541622672,1,0.6844987955772304,68.45,High
4536,230000,37,1,1,0.0,0.0,1,0.6844767510026857,68.45,High
9567,10000,52,2,2,0.7612666666666666,0.07807163499430773,1,0.6842360324910939,68.42,High
16525,20000,28,3,3,0.9260833333333334,0.07648699721047422,0,0.6841321552182421,68.41,High
25532,200000,34,0,0,0.0,0.0,0,0.6841324830105249,68.41,High
267,10000,23,1,2,0.8689333333333334,0.0754181371796839,0,0.683970236775812,68.4,High
24369,330000,37,0,0,0.0,0.0,0,0.6837986576243918,68.38,High
10773,50000,23,2,2,0.21449666666666667,0.06526907955057577,0,0.6832557598936325,68.33,High
24450,190000,44,2,2,0.006001754385964912,0.4662379421221865,0,0.6832413058879788,68.32,High
13998,90000,31,6,5,0.8320351851851853,0.06231930184576418,1,0.6830291773095646,68.3,High
6943,20000,27,1,1,0.0,0.0,1,0.6830372631574348,68.3,High
1094,360000,41,1,1,0.0,0.0,1,0.682974675041268,68.3,High
8321,360000,41,1,1,0.0,0.0,1,0.682974675041268,68.3,High
1889,90000,32,6,2,0.972537037037037,0.031844926404783216,0,0.6827009808471988,68.27,High
10323,20000,25,2,2,0.6752166666666667,0.03919729469552983,0,0.6825672913000617,68.26,High
5988,360000,39,1,1,0.0,0.0,1,0.6826178903251071,68.26,High
14075,90000,28,5,2,0.6933296296296296,0.05341908877718364,1,0.6823955515416619,68.24,High
6161,370000,40,1,1,0.0,0.0,1,0.6821724819875646,68.22,High
5122,200000,37,1,2,0.0010791666666666666,0.6772200772200773,1,0.6821391828863328,68.21,High
15973,30000,48,3,2,0.9485944444444444,0.05798052088762907,1,0.6815288497017677,68.15,High
26442,360000,49,1,1,0.0,0.0,1,0.6814588121924811,68.15,High
27653,50000,23,3,2,0.36238333333333334,0.09106379064526514,0,0.681253921330421,68.13,High
13343,210000,33,0,0,0.0,0.0,0,0.6812228827921831,68.12,High
18708,50000,28,2,2,0.69662,0.037480979587149375,0,0.6811113116576538,68.11,High
20991,180000,31,6,2,1.1264416666666666,0.03616764360403993,0,0.6809270218911762,68.09,High
25227,80000,25,4,2,0.38026041666666666,0.049889056293658404,0,0.6804635442700728,68.05,High
28807,390000,41,0,0,-3.3333333333333335e-05,0.0,1,0.6805250864760891,68.05,High
28105,50000,35,2,2,0.38992333333333334,0.10419142224539867,0,0.6802031949573446,68.02,High
4437,100000,49,1,1,0.0,0.0,0,0.68024878651512,68.02,High
13974,250000,41,3,3,0.017444,0.492280058090652,0,0.6798949433353284,67.99,High
17380,30000,28,2,2,0.49996111111111113,0.07667263009345171,0,0.6797676783473237,67.98,High
16673,100000,34,2,2,0.00683,0.6290873596876525,0,0.6797568865722872,67.98,High
3070,30000,38,2,2,0.9684611111111111,0.03523918243719991,0,0.6792311049281993,67.92,High
16363,360000,33,3,2,0.001475925925925926,0.8303011292346298,0,0.678592519326806,67.86,High
4456,60000,28,2,2,0.804425,0.038329655758253825,0,0.6783598508654042,67.84,High
28057,60000,33,2,2,0.22690833333333332,0.10405572490114706,0,0.6783025900324261,67.83,High
15977,50000,48,2,2,0.38072,0.06566505568396722,1,0.6782570471682402,67.83,High
2086,230000,28,1,1,0.0,0.0,0,0.6782019180626818,67.82,High
10134,40000,45,2,2,0.9002208333333334,0.019055509527754765,0,0.6780736584022549,67.81,High
369,300000,40,1,1,0.0,0.0,0,0.6775443008624742,67.75,High
20231,20000,51,2,2,0.6803,0.05680092116223235,0,0.6775380625230611,67.75,High
14889,450000,37,1,1,0.0,0.0,0,0.6768828860735242,67.69,High
15458,80000,31,1,1,0.0,0.0,0,0.6767764014209063,67.68,High
27021,280000,32,1,1,0.0,0.0,1,0.6763383200557207,67.63,High
28097,50000,39,4,2,0.5664533333333334,0.04236889181809622,1,0.6761336056556712,67.61,High
13802,50000,24,1,1,0.0,0.0,0,0.6755228176409124,67.55,High
12773,70000,36,5,2,0.03962619047619048,0.48332632337919845,1,0.674822875446403,67.48,High
2752,360000,39,2,2,0.0006064814814814815,0.0,0,0.6747579866658555,67.48,High
20390,10000,24,3,2,0.6572,0.10397646581456685,0,0.6744517467823944,67.45,High
7377,130000,31,3,2,0.7331089743589744,0.027560879639749923,0,0.6741221437982987,67.41,High
15889,80000,35,4,3,0.8699645833333334,0.05136224415265947,0,0.6737780105454199,67.38,High
14278,20000,47,3,2,0.9123166666666666,0.038391274959352566,0,0.6734579916623401,67.35,High
9476,290000,29,1,1,0.0,0.0,1,0.6730364807786929,67.3,High
11040,110000,48,1,1,0.0,0.0,0,0.6724515289084768,67.25,High
17315,40000,30,2,2,0.9831375,0.03464673049293715,0,0.6723376620390198,67.23,High
19671,60000,44,2,2,0.726636111111111,0.03211144199488511,0,0.6718679225295383,67.19,High
11826,210000,30,1,1,0.0,0.0,1,0.6714834573790329,67.15,High
20918,20000,46,2,2,0.04855833333333333,0.267719238029861,1,0.6707297669446491,67.07,High
16769,50000,35,5,3,0.005183333333333334,28.389067524115756,0,0.670410762293032,67.04,High
28642,150000,33,6,2,0.048716666666666665,0.17226593682289884,1,0.6703437336156199,67.03,High
12263,50000,25,2,2,0.2783333333333333,0.021796407185628742,0,0.6703444329537608,67.03,High
8999,100000,46,2,3,0.028091666666666664,0.055176505487985764,1,0.6702325064855119,67.02,High
15017,30000,42,4,2,1.0194777777777777,0.03678353841291293,0,0.670145676597204,67.01,High
4690,170000,39,4,2,0.9752843137254903,0.037294303320298754,0,0.6700466546798505,67.0,High
28364,80000,35,1,1,0.0,0.0,0,0.6697117509597358,66.97,High
29317,80000,27,1,1,0.0,0.0,0,0.6695711024633799,66.96,High
2953,30000,26,2,2,0.6218166666666667,0.014634538583183683,0,0.6682306432555986,66.82,High
5254,200000,63,0,0,0.00158,1.0,0,0.6679666026050313,66.8,High
19658,50000,33,2,2,0.8756266666666667,0.0356316238275064,0,0.6678711518170525,66.79,High
10096,30000,26,3,2,0.16974444444444445,0.11995156117038686,0,0.6677528254053932,66.78,High
21481,20000,24,5,4,0.9945416666666667,0.021785579622103986,1,0.6673824354956626,66.74,High
22657,350000,44,6,3,0.9272147619047619,0.03954495568140324,1,0.6674027153334754,66.74,High
5595,30000,23,1,1,0.005344444444444445,1.002079002079002,0,0.6672960363958675,66.73,High
29185,120000,34,1,2,0.004372222222222222,0.6010165184243964,1,0.6672408927230458,66.72,High
28771,120000,39,1,1,0.0,0.0,1,0.6671535079730585,66.72,High
3720,50000,30,2,2,0.0135,0.6148148148148148,0,0.6669216943937398,66.69,High
707,50000,38,2,2,1.0972366666666666,0.04313867260481634,0,0.6667934082440677,66.68,High
23910,80000,26,4,3,0.0040375,0.24819401444788441,0,0.666624061230985,66.66,High
11150,70000,62,3,2,0.32153809523809523,0.04815396235356841,0,0.6664508105622731,66.65,High
23636,280000,48,1,2,0.1327029761904762,0.24871154251573285,1,0.666380990678055,66.64,High
10111,240000,47,1,1,0.0,0.0,0,0.6661005349467268,66.61,High
14683,50000,25,4,2,0.9537133333333333,0.04023920535171295,0,0.6660672495747137,66.61,High
4230,30000,49,1,2,0.06581666666666666,0.2912129653076728,1,0.6655777949900051,66.56,High
11084,360000,34,1,1,0.0,0.0,1,0.6655556444076948,66.56,High
6218,300000,38,3,3,0.01578888888888889,0.08314567206192822,0,0.6655178242235922,66.55,High
24760,220000,35,4,2,0.8831022727272727,0.03928986570243503,1,0.6652707216199106,66.53,High
20913,180000,34,0,0,0.0,0.0,0,0.6652664364509004,66.53,High
6073,50000,30,3,2,0.03301333333333333,0.43487479806138934,1,0.6651515345961733,66.52,High
17540,30000,47,4,2,0.9875777777777778,0.044176548682522895,0,0.6651433324717227,66.51,High
27455,50000,49,2,2,0.72259,0.04243992674499601,0,0.6650043819487267,66.5,High
6952,30000,26,3,2,0.2141111111111111,0.12195121951219512,1,0.6649352322251678,66.49,High
18771,50000,26,1,2,0.12274,0.08386290804410407,1,0.6645276261072952,66.45,High
11231,230000,39,1,1,0.0,0.0,1,0.664195078462638,66.42,High
11758,60000,39,1,1,0.0,0.0,0,0.6640080307573405,66.4,High
7071,80000,40,4,2,0.39821666666666666,0.061451052609550916,1,0.6639209352934853,66.39,High
19298,300000,40,0,0,0.0,0.0,1,0.6638263743083438,66.38,High
27916,50000,27,6,7,0.006,0.0,1,0.663812974810835,66.38,High
9038,60000,36,2,2,0.6412583333333334,0.03943635127115524,0,0.6635782623343112,66.36,High
2672,320000,38,1,1,0.0,0.0,1,0.6634126103116642,66.34,High
6396,50000,26,2,2,0.021563333333333334,0.6209615087339619,1,0.662852993724801,66.29,High
7777,360000,46,1,1,0.0,0.0,1,0.6627455361422587,66.27,High
4557,150000,33,1,1,0.0,0.0,0,0.6621699247610182,66.22,High
25537,50000,35,1,1,0.0,0.0,0,0.6621935515254165,66.22,High
14081,30000,24,2,2,0.030705555555555555,0.4233761534286231,0,0.6621443543487674,66.21,High
8660,50000,24,1,1,0.0,0.0,0,0.6619676544948143,66.2,High
13400,80000,26,1,1,0.0,0.0,1,0.6618635216857743,66.19,High
7049,350000,44,6,3,0.94567,0.03887392511331095,1,0.6617272733104657,66.17,High
27767,50000,25,1,1,0.0,0.0,1,0.6616517657024703,66.17,High
8866,500000,42,1,1,0.0,0.0,1,0.66137925996401,66.14,High
19788,180000,38,0,0,0.0,0.0,0,0.6611554584656479,66.12,High
10508,360000,34,1,1,0.0,0.0,1,0.660998010745272,66.1,High
2083,50000,42,1,1,0.0,0.0,0,0.6607487679861154,66.07,High
26380,240000,37,1,1,0.0,0.0,0,0.6604647698256304,66.05,High
28921,360000,33,1,1,0.0,0.0,1,0.6604263766313776,66.04,High
18884,120000,32,1,1,0.0,0.0,0,0.6598789630107023,65.99,High
11419,130000,25,1,1,0.0,0.0,0,0.6598851449478584,65.99,High
15731,170000,51,0,0,0.0018588235294117648,1.0,0,0.6599410421116717,65.99,High
29215,20000,24,4,2,0.5830416666666667,0.21718001858071892,1,0.6598237991171902,65.98,High
14162,50000,25,2,3,0.18789,0.09769900828498944,1,0.659694555441,65.97,High
12661,260000,49,1,1,0.0,0.0,0,0.6593322020924954,65.93,High
24718,30000,29,2,2,0.42026111111111114,0.08478855737834944,0,0.6593459594392611,65.93,High
18085,130000,29,1,1,0.0,0.0,0,0.6587562062239767,65.88,High
29085,260000,65,0,0,0.0,0.0,1,0.6586583356203048,65.87,High
4019,360000,39,1,1,0.0,0.0,1,0.6584160783397529,65.84,High
18292,80000,33,1,2,0.006570833333333333,1.1293595434369055,1,0.6580134612915821,65.8,High
3331,50000,29,2,2,0.9869533333333332,0.014293144559351,0,0.6580017629742847,65.8,High
28407,120000,28,1,1,0.0,0.0,0,0.6579044706106241,65.79,High
23872,360000,29,0,0,0.0,0.0,0,0.6576735535410981,65.77,High
24618,190000,36,6,2,0.578742105263158,0.042742426860432337,1,0.6572581396420347,65.73,High
18042,70000,40,2,2,0.7467452380952381,0.07536196765008785,0,0.6572007158376287,65.72,High
1760,50000,26,1,1,0.0,0.0,0,0.6571173900669154,65.71,High
9004,30000,25,2,2,0.9836666666666667,0.03338416356037501,0,0.6571433952537102,65.71,High
26074,80000,35,1,1,0.0,0.0,0,0.6570117590611029,65.7,High
23510,110000,31,6,5,0.8128272727272727,0.06934269832570937,0,0.6568124126913383,65.68,High
9096,200000,36,1,1,0.0,0.0,1,0.6567073435468908,65.67,High
12735,170000,38,1,1,0.0,0.0,1,0.6565350555876698,65.65,High
1234,100000,40,0,0,0.003803333333333333,1.0,0,0.6561188124794244,65.61,High
7413,50000,26,1,1,0.0,0.0,0,0.655918203113717,65.59,High
23940,50000,27,2,2,0.7234566666666667,0.032206490137626304,1,0.6558534548651184,65.59,High
26632,100000,24,2,2,0.5710966666666667,0.02225834505541969,0,0.6555810605846087,65.56,High
13239,20000,22,3,2,0.9220833333333334,0.037234523271577044,1,0.65550868995806,65.55,High
1351,50000,29,1,1,0.0,0.0,0,0.6552954775586805,65.53,High
6996,30000,41,2,2,0.6038944444444444,0.055804454420842496,1,0.6550178486282183,65.5,High
19605,110000,31,1,1,0.0,0.0,0,0.6550431347039053,65.5,High
16523,20000,23,2,2,0.9275,0.06064690026954178,0,0.6545657153003753,65.46,High
5344,10000,31,1,2,0.9466833333333334,0.12770901920740832,0,0.6545202912186633,65.45,High
9051,120000,39,1,1,0.0,0.0,0,0.6544698519427876,65.45,High
10687,50000,49,2,2,0.68608,0.048560906405472636,0,0.6538339705054512,65.38,High
20386,30000,23,2,2,0.9535833333333333,0.02065309213784264,0,0.6537065564188824,65.37,High
581,30000,28,1,1,0.004333333333333333,1.0,1,0.653654277270329,65.37,High
3384,110000,36,4,2,0.11805757575757576,0.192510074693909,1,0.6535548025197129,65.36,High
16932,50000,55,0,0,0.0078,1.0,0,0.6534938705602791,65.35,High
17619,80000,32,2,3,0.05030416666666667,0.20061293796073884,1,0.6533781034836802,65.34,High
3912,90000,27,1,1,0.0,0.0,0,0.6532465983471775,65.32,High
28269,120000,34,1,1,0.0,0.0,0,0.6528626476069143,65.29,High
12231,30000,37,3,2,0.7891277777777778,0.08983195229613568,0,0.6524791703066268,65.25,High
26610,20000,23,4,4,0.8288833333333334,0.11734663100959122,1,0.6523871631433353,65.24,High
25620,20000,42,1,3,0.4298833333333333,0.08579847245376652,1,0.6523291596614157,65.23,High
11785,10000,23,4,5,0.6930333333333333,0.192390938386802,0,0.6519458609658427,65.19,High
12569,200000,40,1,1,0.0,0.0,1,0.6517580088051185,65.18,High
17520,20000,33,4,3,0.7695166666666667,0.08013688245868619,0,0.6516608115842287,65.17,High
13648,120000,30,1,2,0.0011458333333333333,0.4,1,0.6516449842296913,65.16,High
6745,10000,23,2,2,0.81755,0.09785334230322304,1,0.6515134123893213,65.15,High
17738,40000,53,2,2,0.17453333333333332,0.11084320091673033,1,0.6511099178280553,65.11,High
13261,10000,26,0,0,0.8041333333333333,0.07301857071795723,0,0.6509870136845913,65.1,High
29492,320000,31,1,1,-0.13516822916666668,0.0,1,0.6506417962019609,65.06,High
1079,180000,47,0,0,0.0017555555555555556,1.0,0,0.6506396280873724,65.06,High
20084,210000,31,1,1,0.0,0.0,0,0.6506005972053095,65.06,High
28401,160000,47,1,1,0.0,0.0,0,0.6500448341273184,65.0,High
9252,30000,39,2,2,0.9486,0.03888771757209455,0,0.6494334626823016,64.94,High
17143,80000,26,4,4,0.4635875,0.05311834335481436,1,0.6492200606083292,64.92,High
18297,20000,31,2,2,0.8377,0.04120409056543711,1,0.6490540682088743,64.91,High
21388,60000,54,2,2,0.9284277777777777,0.046374695572562935,0,0.649000955806124,64.9,High
22262,360000,31,1,1,0.0,0.0,0,0.6485967553213722,64.86,High
16447,20000,54,3,4,0.8835833333333334,0.08959728378760728,1,0.6485477380217382,64.85,High
6174,160000,48,1,1,0.0,0.0,0,0.6485496918597393,64.85,High
9610,20000,42,2,2,0.9132,0.04298072711344722,1,0.6484185732060052,64.84,High
6090,130000,52,4,2,0.788101282051282,0.045811175512713936,0,0.648288277328077,64.83,High
14205,30000,24,1,2,0.04883888888888889,0.4018882948470026,1,0.64808827852947,64.81,High
7712,50000,23,2,2,0.7679833333333332,0.034288938562034764,0,0.6478708886206888,64.79,High
23287,40000,43,1,2,0.018458333333333334,0.6410835214446953,0,0.6478294470196649,64.78,High
388,80000,73,3,2,0.86705,0.05629721469350095,1,0.6474289654804406,64.74,High
28933,80000,48,1,2,0.005775,0.9112554112554112,1,0.6473377914141167,64.73,High
15878,350000,28,0,0,0.0,0.0,1,0.6470994378459072,64.71,High
9480,360000,32,1,1,0.0,0.0,1,0.646749199635362,64.67,High
6199,30000,49,2,2,0.5230277777777778,0.08003611450422221,0,0.6463895600209206,64.64,High
18082,100000,41,2,2,0.74505,0.037042256671811734,0,0.6462957184954405,64.63,High
20843,180000,40,0,0,0.0,0.0,1,0.6455884494648755,64.56,High
13882,90000,29,2,2,0.11185185185185184,0.06059602649006623,1,0.6454731664221017,64.55,High
21709,230000,23,6,3,0.08221231884057971,0.3425735767234009,0,0.6450233099371069,64.5,High
25975,70000,33,4,5,1.0009452380952382,0.05399657942373518,0,0.6450488076448627,64.5,High
7061,120000,37,1,2,0.11639166666666667,0.05622777499343691,0,0.6447867885105985,64.48,High
24667,430000,34,2,2,-0.0016248062015503876,0.0,0,0.644542210154129,64.45,High
23400,240000,35,0,0,0.0,0.0,1,0.643872124495432,64.39,High
2311,30000,47,2,2,0.8080555555555556,0.03932622894465452,0,0.6435231850798486,64.35,High
21512,30000,23,1,2,0.021094444444444447,0.5522781143007638,1,0.6429524885631167,64.3,High
18017,20000,40,2,2,0.7026583333333333,0.06795621390196753,0,0.6428736614457323,64.29,High
3804,80000,59,2,2,0.18093541666666668,0.06378887494386809,0,0.6426652847629498,64.27,High
11972,20000,34,2,2,0.9579666666666666,0.08776401405755245,1,0.6421582777418554,64.22,High
16295,110000,44,4,2,0.8619454545454546,0.0421878625519438,1,0.6421901354436923,64.22,High
626,20000,24,1,2,0.7435,0.0632817753866846,0,0.6419045910142132,64.19,High
15353,180000,46,1,1,0.0,0.0,0,0.6417756001685058,64.18,High
12170,120000,58,1,1,0.004027777777777778,1.8644827586206896,1,0.64180981015194,64.18,High
8092,290000,35,1,1,0.0,0.0,0,0.6416017836011331,64.16,High
27369,30000,29,2,2,0.8328055555555556,0.042860478302925185,0,0.6415982411454637,64.16,High
4529,200000,31,4,2,0.8862175,0.039689278685349064,0,0.6411595102445241,64.12,High
23896,130000,29,6,2,0.7170423076923077,0.04165973827671721,1,0.6411270034173392,64.11,High
14402,160000,52,2,2,0.00371875,0.7394957983193278,0,0.6410054765563218,64.1,High
10440,330000,27,1,1,0.0,0.0,1,0.6407080615181245,64.07,High
500,20000,38,2,2,0.95535,0.06925036199647598,0,0.6405979168684918,64.06,High
16326,20000,42,3,3,0.6812833333333334,0.09084570785527314,0,0.6403510934249577,64.04,High
2426,20000,22,3,2,0.9987833333333334,0.061741785839437985,0,0.6397835683218306,63.98,High
565,390000,45,5,2,0.004095299145299145,1.030366273609517,0,0.6396342558976296,63.96,High
23541,360000,45,2,2,0.002314814814814815,0.5,0,0.6395311655348075,63.95,High
11520,10000,46,0,0,0.8478666666666667,0.06927189809718509,1,0.6388613051016365,63.89,High
26656,20000,24,2,2,0.9747083333333334,0.0533321933911854,0,0.6388504754067131,63.89,High
28591,80000,34,3,2,0.5879583333333332,0.046063354829565584,1,0.6383627166755458,63.84,High
29456,20000,30,1,1,-0.06375,0.0,0,0.638237443596724,63.82,High
29616,60000,39,2,2,0.8230194444444444,0.0934904332623436,1,0.6379639378247506,63.8,High
22554,180000,38,1,1,0.0,0.0,0,0.637529151310114,63.75,High
14865,180000,39,1,1,0.0,0.0,1,0.6373532253841883,63.74,High
15386,90000,34,1,2,0.0017333333333333333,0.46153846153846156,1,0.637290027864191,63.73,High
19662,120000,39,1,2,0.007665277777777778,0.5011777495923174,0,0.6371813206246353,63.72,High
15103,50000,40,2,2,0.5511766666666666,0.05090321917352573,0,0.637173139122905,63.72,High
15213,360000,27,1,1,0.0,0.0,1,0.6371298188612797,63.71,High
17214,50000,24,4,2,0.2722733333333333,0.15046154599544576,1,0.6368336508728618,63.68,High
6989,50000,51,2,2,0.76338,0.028875963914869834,1,0.6361965187118809,63.62,High
15887,130000,29,1,2,0.005534615384615384,0.729673384294649,0,0.6360125360041224,63.6,High
19434,180000,39,1,1,0.0,0.0,1,0.6359664256007025,63.6,High
25491,20000,22,2,2,0.9740166666666666,0.046140552009719206,0,0.6357262640822468,63.57,High
24063,80000,27,2,2,0.5132541666666667,0.015424456693808299,0,0.6355041711831348,63.55,High
15226,90000,40,6,3,0.9605981481481481,0.04125515930467706,1,0.63512152119412,63.51,High
1061,60000,34,1,2,0.20120833333333332,0.09235866639055705,1,0.6350011623697808,63.5,High
14762,130000,28,1,1,0.0038461538461538464,1.3333333333333333,0,0.6350158048992924,63.5,High
7010,10000,59,0,0,0.8439666666666666,0.07255420830206565,0,0.6350333537134685,63.5,High
27733,30000,24,0,0,0.1941111111111111,0.12481396680022896,0,0.633737031557532,63.37,High
12829,100000,25,2,2,-0.08492166666666666,0.0,0,0.633468929746181,63.35,High
7786,100000,48,1,2,0.06405,0.5581316679677335,1,0.6332486962742829,63.32,High
28420,80000,29,1,2,0.20505625,0.07010271571824804,1,0.6330698266428662,63.31,High
23110,130000,42,6,2,0.9413807692307692,0.042354588254841154,0,0.632904433964246,63.29,High
23233,230000,35,0,0,0.0,0.0,1,0.6327370787884206,63.27,High
19565,60000,48,0,0,0.005266666666666667,1.0,1,0.632710811984673,63.27,High
8804,10000,28,1,2,0.72575,0.10299689975887014,0,0.6321221956741238,63.21,High
13810,20000,23,2,2,0.7383583333333333,0.10416125864812704,0,0.6316984591772539,63.17,High
7506,80000,37,2,2,0.7700583333333333,0.04527254428777041,1,0.6316570646842212,63.17,High
17740,110000,55,2,2,0.0038303030303030302,0.625,0,0.6313189902275478,63.13,High
19488,180000,28,1,1,0.0,0.0,0,0.6312340334811442,63.12,High
13196,180000,31,1,1,0.0,0.0,1,0.6310917956155082,63.11,High
22421,10000,23,1,2,0.8715166666666666,0.08789275401120651,0,0.6304169871221075,63.04,High
23951,70000,26,2,2,0.12436190476190477,0.08573288405575126,0,0.6299883155389204,63.0,High
3874,50000,52,2,2,0.47625,0.048293963254593175,1,0.6298408465378844,62.98,High
2645,170000,49,2,2,0.6201431372549019,0.019547985442955926,1,0.6293886754085378,62.94,High
14152,20000,43,2,2,0.14775,0.5917089678510998,0,0.6292400890254457,62.92,High
2490,10000,23,2,2,0.8796833333333334,0.0910933858774938,0,0.6292335582767224,62.92,High
22730,70000,40,1,2,0.0065,0.7142857142857143,0,0.628930240390937,62.89,High
27420,50000,45,0,0,0.0078,1.0,1,0.628911978911865,62.89,High
9074,110000,35,1,2,0.007907575757575757,0.6401609503736347,0,0.6285902892845509,62.86,High
15682,30000,25,3,2,0.12515,0.6233408798330892,1,0.6284988297298861,62.85,High
19992,70000,33,2,2,0.5341523809523809,0.02810416146631958,0,0.628377284578767,62.84,High
16328,180000,49,0,0,0.0,0.0,0,0.6279258906740568,62.79,High
14882,50000,34,4,2,0.83249,0.15128109646962726,0,0.6277453948535993,62.77,High
29392,200000,29,2,2,0.005231666666666667,0.8391207390888819,1,0.6273687339651925,62.74,High
2188,30000,57,3,3,0.8909888888888889,0.048903216151841275,1,0.6264923526250129,62.65,High
8575,150000,32,1,1,0.0,0.0,1,0.6262791926304792,62.63,High
2560,80000,28,2,2,0.17657083333333332,0.09912216532553036,0,0.6254678668636497,62.55,High
29261,20000,25,0,0,0.7875083333333333,0.062221563792975734,0,0.6251953828691309,62.52,High
24304,20000,34,1,2,0.494275,0.35730784145128386,1,0.6247123608869505,62.47,High
13944,30000,50,1,2,0.022711111111111112,0.7265166340508806,1,0.6243042948987206,62.43,High
7785,20000,46,0,0,0.02275,0.42857142857142855,1,0.6238854083757043,62.39,High
1418,80000,29,3,3,0.012566666666666667,0.2521551724137931,0,0.6234595898299816,62.35,High
17090,80000,25,2,2,0.8567895833333334,0.044983817983314654,0,0.6230602977465797,62.31,High
1110,30000,33,2,2,0.5157777777777778,0.04416199913830245,0,0.6227649381711513,62.28,High
17022,50000,22,2,2,0.11199666666666666,0.16125479924997768,0,0.6220710572721146,62.21,High
20645,130000,42,1,2,0.006224358974358974,0.4376930998970134,1,0.6217303108971333,62.17,High
28174,280000,29,0,0,0.0,0.0,1,0.621357933969921,62.14,High
2656,260000,35,2,2,0.007452564102564103,0.5930672630311371,1,0.6209446317004822,62.09,High
13097,250000,55,1,1,0.0,0.0,0,0.6206129167266158,62.06,High
16595,10000,28,4,3,0.54215,0.299701804543638,1,0.6205449703488722,62.05,High
11795,10000,42,2,2,0.8686,0.22854785478547854,1,0.6203713057704008,62.04,High
29816,210000,35,0,0,0.0015523809523809524,1.0,0,0.6202097131733447,62.02,High
13210,10000,24,1,2,0.9374,0.07213213853922196,1,0.6202242577203809,62.02,High
5694,50000,42,0,0,0.08048333333333332,0.1224684199627252,0,0.6187366718127572,61.87,High
15019,50000,41,3,2,0.7823233333333333,0.06391219316821263,0,0.6180928136567411,61.81,High
6316,10000,24,1,2,0.7366166666666667,0.144308437224246,1,0.6181045308106149,61.81,High
3806,140000,27,3,2,0.969747619047619,0.03069036126238049,0,0.617903344432362,61.79,High
21117,220000,36,1,2,0.002213636363636364,0.728952772073922,0,0.6174168278360117,61.74,High
27669,110000,24,2,2,1.1711121212121212,0.0358995722791338,1,0.6172380767507963,61.72,High
25929,230000,39,0,0,0.0,0.0,1,0.6171809603062968,61.72,High
22057,50000,29,2,2,0.4343666666666666,0.0476325684905226,0,0.61713713441068,61.71,High
13731,280000,47,3,2,0.00530952380952381,1.2896860986547085,1,0.6167033987341728,61.67,High
7705,200000,38,3,2,0.955435,0.0378396576777419,0,0.6162744240914347,61.63,High
14584,60000,43,2,2,0.015819444444444445,2.632484635645303,1,0.6152994606881275,61.53,High
10139,140000,34,3,2,0.21125595238095238,0.05349525231748894,1,0.6149865685043681,61.5,High
13505,50000,35,1,2,0.33432666666666666,0.10069991425551855,1,0.6144963071383731,61.45,High
875,20000,40,0,0,0.03755,0.5193075898801598,0,0.6143601750884599,61.44,High
5405,130000,36,4,2,0.20416282051282053,0.04702129396472147,1,0.6143884980336114,61.44,High
21813,50000,24,1,2,0.3066666666666667,0.06475,0,0.6136664377967954,61.37,High
12882,70000,40,1,2,0.21083333333333334,0.10841332580463016,0,0.6136321883250803,61.36,High
46,210000,29,0,0,0.0,0.0,1,0.6131014378319936,61.31,High
17879,50000,28,1,2,0.2321433333333333,0.10625619229499017,0,0.6127650645057842,61.28,High
2860,190000,28,1,1,0.0,0.0,0,0.6119053216289414,61.19,High
14255,50000,22,2,2,0.6122533333333333,0.029361484352882248,0,0.6117656127678104,61.18,High
14972,120000,30,2,2,0.06792916666666667,0.12629577378396614,1,0.6118123001527703,61.18,High
2248,280000,36,4,2,0.6221553571428572,0.040278563098139056,1,0.6110909958858137,61.11,High
29088,140000,56,4,5,0.10243452380952381,0.1394619094659771,0,0.6109562295468498,61.1,High
16631,120000,25,1,2,0.05433472222222222,0.09946064773395363,0,0.61068015135015,61.07,High
27844,20000,26,2,2,0.8837833333333334,0.06012031606540064,0,0.6102367893051961,61.02,High
9716,210000,26,3,2,0.5769801587301587,0.030668711614247692,0,0.6097747766191924,60.98,High
10891,110000,32,2,2,0.38912424242424243,0.04906121749694341,1,0.6085732538789389,60.86,High
9555,200000,48,0,0,0.0,0.0,0,0.6083905442456727,60.84,High
12091,50000,30,2,2,1.06929,0.21157652897405443,0,0.608370088543089,60.84,High
2092,270000,31,5,2,0.051524074074074076,0.07787322239394266,0,0.6079936500898208,60.8,High
2419,20000,33,1,2,0.4430666666666667,0.0714715618417093,0,0.6075070359798708,60.75,High
24920,150000,41,1,2,0.0088,0.625,0,0.6061588498617173,60.62,High
12801,10000,36,1,2,0.8184666666666667,0.09489288914229861,1,0.6061083596142562,60.61,High
25600,20000,45,0,0,0.022,0.8863636363636364,0,0.6060685753492071,60.61,High
8948,180000,40,0,0,0.0,0.0,1,0.6056560820237419,60.57,High
3726,20000,53,2,2,0.38224166666666665,0.7008655082953629,0,0.6054096826251655,60.54,High
12493,20000,33,0,0,0.17503333333333332,0.16411159779089698,0,0.6052819067058196,60.53,High
20011,210000,34,1,2,0.838570634920635,0.034859961063752665,1,0.6050070084846917,60.5,High
9189,60000,26,1,2,0.013225,0.8930896870405377,0,0.6049308022026533,60.49,High
17138,20000,25,1,2,0.21711666666666665,0.18262071083135029,1,0.603663639891129,60.37,High
17339,30000,30,1,2,0.06717222222222223,0.49218426929120834,0,0.6036155952380149,60.36,High
22867,80000,40,0,0,0.0051875,1.0,0,0.6035842045659128,60.36,High
3046,180000,38,0,0,0.0018111111111111112,1.0,0,0.602797842164163,60.28,High
29986,240000,30,0,0,0.0,0.0,0,0.6019602772250798,60.2,High
29075,20000,54,2,2,0.58235,0.03690506854411723,1,0.6020375367139197,60.2,High
961,380000,43,3,2,0.007050438596491228,0.002426127527216174,1,0.6018468714377914,60.18,High
19210,210000,30,0,0,0.0,0.0,0,0.6014695931770756,60.15,High
4591,200000,45,1,1,0.00039916666666666665,1.0,1,0.6014134240561558,60.14,High
2427,30000,67,2,2,0.9737833333333333,0.037271581061267336,0,0.6009950939124048,60.1,High
8215,300000,30,0,0,0.0,0.0,0,0.6008155442764139,60.08,High
24890,170000,40,3,2,0.9224637254901962,0.03804815110429976,0,0.6005007826327826,60.05,High
4388,90000,35,6,8,1.1925425925925925,0.0,1,0.6003368817406539,60.03,High
15713,170000,37,0,0,0.0,0.0,0,0.6003156946624613,60.03,High
11693,80000,41,2,2,0.8532208333333334,0.20739794797165642,0,0.6001294562622156,60.01,High
245,30000,40,4,2,0.0034055555555555558,0.9706362153344209,0,0.6000926801558154,60.01,High
20090,30000,33,0,0,0.010833333333333334,1.2,0,0.5997528194691129,59.98,High
6095,80000,26,0,0,0.009191666666666667,0.7923844061650045,1,0.5991722319652306,59.92,High
9251,180000,30,1,2,0.6211972222222222,0.07150171487852758,0,0.5986909822948415,59.87,High
23760,140000,50,1,2,0.006035714285714286,0.8333333333333334,1,0.5983715147894721,59.84,High
1088,260000,40,1,1,0.00021923076923076922,1.0,0,0.5983432925192903,59.83,High
29249,20000,25,1,2,0.871675,0.058813969273716314,1,0.5971300920680498,59.71,High
6739,360000,32,1,1,-4.6296296296296296e-06,0.0,1,0.5967003648109193,59.67,High
8497,300000,36,2,2,0.0016527777777777778,0.8884033613445378,0,0.5962123337485127,59.62,High
28458,180000,36,0,0,0.0018111111111111112,1.0,0,0.5961051871317088,59.61,High
19848,100000,30,1,2,0.25738666666666665,0.33994897430584337,0,0.5954249195784339,59.54,High
9762,360000,33,6,7,0.9702717592592592,0.05350305159827788,0,0.5948918486907595,59.49,High
11947,30000,25,3,2,1.0021111111111112,0.057728129504379645,1,0.5948051808646692,59.48,High
7233,30000,36,0,0,0.015166666666666667,0.7142857142857143,0,0.594469113116326,59.45,High
20958,50000,33,3,2,0.71416,0.06301108995183152,0,0.5945445975320499,59.45,High
2857,20000,34,0,0,0.86215,0.03628525585261652,0,0.594089036048689,59.41,High
11914,20000,24,2,3,0.25456666666666666,0.19448081707476758,1,0.5928786612173215,59.29,High
9570,20000,38,1,2,0.424775,0.09491299315323799,0,0.5928665964303832,59.29,High
26491,60000,52,2,2,0.470575,0.03564197465275933,0,0.5928535920942308,59.29,High
7618,80000,24,1,2,0.03333958333333333,0.1612197712928826,1,0.5928060557538153,59.28,High
13095,20000,55,2,2,0.8464083333333334,0.04037649282753596,0,0.5926427087193418,59.26,High
20954,140000,41,1,2,1.0789916666666668,0.037850594635864834,0,0.591567005890225,59.16,High
76,20000,24,1,2,0.8444,0.055167377230380545,0,0.591504487347374,59.15,High
15038,100000,35,2,2,0.7523883333333333,0.05980953984312179,0,0.5909210882307597,59.09,High
4830,10000,48,0,0,0.8749666666666666,0.07428854432549811,0,0.5907977295138929,59.08,High
22662,200000,41,0,0,0.0,0.0,0,0.590739478102245,59.07,High
20674,20000,35,3,7,0.786775,0.16946818764365076,1,0.5905692199526511,59.06,High
15424,20000,24,1,2,0.6839833333333333,0.16228465605887082,0,0.5895350118194213,58.95,High
19190,200000,43,2,2,0.6177675,0.036421469242069224,1,0.5895125634407873,58.95,High
2569,10000,54,2,2,0.7957833333333333,0.12354702913272038,0,0.5891823124491663,58.92,High
21972,80000,24,4,2,0.9482916666666666,0.04017311832681576,0,0.5889791592164861,58.9,High
15753,30000,22,4,3,0.3374222222222222,0.49701988935721814,0,0.5886396722946244,58.86,High
15768,10000,23,1,2,0.7677833333333333,0.1118805218486118,0,0.5884774155915263,58.85,High
25851,300000,32,0,0,0.0,0.0,1,0.5871255251251795,58.71,High
781,230000,29,3,2,0.17976014492753625,0.05643591097638157,0,0.5871232993522807,58.71,High
216,30000,42,1,2,0.0195,0.7094017094017094,0,0.5869366894499297,58.69,High
28989,160000,47,2,3,0.007159375,0.4865415393569038,1,0.586124392066576,58.61,High
2582,140000,43,2,2,1.012182142857143,0.03564081845799916,0,0.586134851649732,58.61,High
10546,50000,28,2,2,0.66643,0.2762480680641628,0,0.5860422621356424,58.6,High
506,160000,35,0,0,0.0033333333333333335,0.8765625,0,0.5850994448623656,58.51,High
2201,140000,30,1,2,0.021635714285714286,0.941124683613954,1,0.5847473717130611,58.47,High
21287,110000,57,0,0,0.0035454545454545456,1.0,0,0.5839843846881575,58.4,High
27734,80000,24,2,2,0.06815416666666667,0.39836155774286236,0,0.5836302904749231,58.36,High
1690,50000,46,2,2,0.08757666666666666,0.0,1,0.5833456068965861,58.33,High
6415,140000,33,1,1,0.001,1.0,0,0.5832217996944483,58.32,High
13850,170000,24,1,2,0.7806892156862745,0.034588592533244256,0,0.5828647352435554,58.29,High
15691,20000,24,1,2,0.7975666666666666,0.08358757888577757,0,0.5828181655003496,58.28,High
26852,140000,32,4,2,0.27114880952380954,0.05900379777402147,0,0.5826550254608079,58.27,High
11711,140000,38,2,2,0.07004404761904762,0.08098645410201064,0,0.5822515749348706,58.23,High
6086,140000,37,4,2,0.958275,0.04124474657463622,1,0.5817131561475357,58.17,High
9192,350000,44,2,2,0.15985619047619046,0.910222878897104,0,0.581433158713976,58.14,High
10415,20000,24,1,1,-0.051666666666666666,0.0,0,0.5811523896306976,58.12,High
10936,120000,23,1,2,0.8101333333333334,0.054874369102479705,0,0.5810320359935204,58.1,High
29767,20000,37,2,2,0.50645,0.05760687135946293,0,0.5803052798341883,58.03,High
10141,210000,26,2,3,0.0018095238095238095,0.5657894736842105,1,0.5801684831265622,58.02,High
17576,170000,40,2,2,0.023179411764705882,0.8438015480269001,1,0.5801675210602304,58.02,High
14885,40000,25,0,0,0.019070833333333335,0.5556041074939917,1,0.5800289279041929,58.0,High
28894,30000,41,3,3,0.09877777777777778,1.1705286839145106,0,0.5798242074454826,57.98,High
12979,100000,44,1,2,0.05927166666666667,0.17518207125383123,0,0.5796917414810616,57.97,High
2361,20000,41,1,2,0.25536666666666663,0.3886242004960188,0,0.5780251876976792,57.8,High
21314,30000,50,0,0,0.013,1.7346153846153847,0,0.5778341366843698,57.78,High
2902,210000,39,3,2,0.004655555555555555,0.45175588135015343,0,0.5773241822204542,57.73,High
17012,70000,23,2,2,0.7938333333333334,0.2472661287903782,0,0.576560945938181,57.66,High
17406,140000,47,0,0,0.0,0.0,0,0.576430206663629,57.64,High
278,50000,26,0,0,0.00912,0.6929824561403509,0,0.5762921585703172,57.63,High
2495,30000,26,2,2,0.6887055555555556,0.028636653302895124,1,0.5763351792028953,57.63,High
8768,20000,23,1,2,0.658175,0.07510667122472493,0,0.576042599076502,57.6,High
29934,190000,44,2,2,0.0020421052631578946,0.625,0,0.5754103147183356,57.54,High
6061,170000,36,1,2,0.0029715686274509804,1.2273177169251073,0,0.5752999845298655,57.53,High
22706,200000,37,1,1,0.0023216666666666668,1.0624551328068916,0,0.5751941590478928,57.52,High
9714,360000,29,2,2,0.00115,1.2455716586151369,0,0.5752167625425081,57.52,High
11172,70000,37,3,2,0.7352904761904763,0.0314096793622216,1,0.5751313643726145,57.51,High
11851,80000,28,0,0,0.0058125,1.0,1,0.5745138499598925,57.45,High
26812,100000,28,0,0,0.00482,0.6742738589211619,0,0.5738089700787902,57.38,High
21619,50000,26,0,0,0.013426666666666667,0.9031777557100298,0,0.5738206266388939,57.38,High
26476,120000,52,2,2,0.996923611111111,0.041795245094283104,1,0.5729697851993656,57.3,High
22287,20000,30,3,2,0.013,0.5,1,0.5728719853303116,57.29,High
20573,30000,28,2,2,0.8826611111111111,0.06681185052776012,1,0.5727532796214634,57.28,High
1443,100000,44,0,0,0.0039,0.8333333333333334,1,0.5727326846522856,57.27,High
1057,190000,33,2,2,0.42315526315789476,0.025783742436209182,0,0.5724928607582048,57.25,High
6498,190000,40,1,2,0.7930245614035087,0.042365007167761,0,0.5721301911816706,57.21,High
3853,50000,48,0,0,0.01448,0.8462246777163904,1,0.5718061648896536,57.18,High
23890,20000,27,0,0,0.01,0.0,0,0.5712315889572682,57.12,High
15387,20000,44,0,0,0.391075,0.08702508044066569,0,0.5707050855349171,57.07,High
29243,50000,24,0,0,0.0091,0.8571428571428571,1,0.5703672459225593,57.04,High
4396,50000,23,0,0,0.010243333333333332,0.6540839570452327,0,0.570263596881651,57.03,High
22530,210000,40,4,2,0.23619285714285715,0.06818479652422858,0,0.5701476386716916,57.01,High
6348,260000,31,4,3,0.33569038461538464,0.05023707361598848,0,0.5692608013250486,56.93,High
22091,320000,28,1,2,0.8767984375,0.030092910226777937,1,0.5691977694407299,56.92,High
26540,200000,51,1,1,0.0010175,1.0,0,0.5691908915163947,56.92,High
11263,120000,30,1,1,0.002763888888888889,1.0,0,0.5690262417742047,56.9,High
4369,20000,24,0,0,0.021591666666666665,0.8834426862215361,1,0.5689467883905351,56.89,High
4035,20000,50,1,2,0.4386166666666667,0.1006953680130714,0,0.568378068217418,56.84,High
27091,20000,36,1,2,0.9406083333333334,0.06644636006839545,0,0.5673194587356281,56.73,High
20177,200000,37,2,2,1.0279258333333332,0.03177920586034498,0,0.566976889770413,56.7,High
27169,20000,29,1,2,0.8208083333333334,0.09919083829964365,0,0.566851552136803,56.69,High
16491,30000,23,3,2,0.6562277777777777,0.07903759704032307,1,0.5667108185228157,56.67,High
25643,30000,36,0,0,0.01897222222222222,0.7651537335285505,0,0.5661902861861917,56.62,High
21375,50000,58,2,2,0.0022333333333333333,3.988059701492537,0,0.5653586840379703,56.54,High
9216,100000,26,1,2,0.065185,1.0299659942215744,1,0.5652632277592531,56.53,High
20640,260000,37,4,3,0.7221980769230769,0.05290117687366471,1,0.565139674194458,56.51,High
26354,70000,30,1,2,0.6977809523809524,0.025553796388551462,0,0.5651258340032475,56.51,High
7092,50000,23,1,2,0.39286,0.054803237794634224,1,0.5649785811604023,56.5,High
2334,210000,38,2,2,0.021184920634920633,1.1038849136477729,0,0.5644380968807217,56.44,High
23768,180000,53,0,0,-0.008777777777777778,0.0,0,0.564087332478807,56.41,High
15178,50000,23,1,2,0.21294666666666667,0.09465593888923673,0,0.5639227489735399,56.39,High
18607,50000,24,1,2,0.33663666666666664,0.06225307205592578,1,0.5634137987911457,56.34,High
17166,180000,29,1,2,0.07678425925925926,0.18329374027759354,0,0.5627930448842495,56.28,High
5763,20000,27,1,2,0.9092666666666666,0.07271427524012024,0,0.5626002811453183,56.26,High
6244,120000,36,2,2,0.6619902777777777,0.05575358819049457,0,0.5623235372673533,56.23,High
24033,50000,25,4,4,0.8407966666666667,0.08529608823377828,1,0.5621520313006246,56.22,High
5251,20000,40,0,0,0.4193,0.08434692741871373,0,0.5620483603134944,56.2,High
8144,150000,47,1,2,0.0022733333333333334,0.8455522971652004,0,0.5617437396840835,56.17,High
8947,50000,53,0,0,0.16643,0.0718019587814697,0,0.561695010184572,56.17,High
23070,200000,45,3,2,0.0210925,0.268815929832879,0,0.5615339369825315,56.15,High
3055,350000,60,1,1,0.0033009523809523805,1.0,1,0.5609691561757669,56.1,High
28188,210000,34,0,0,0.0028444444444444446,1.0,1,0.5604352698468897,56.04,High
21204,490000,43,1,2,0.004192176870748299,0.9353346855983773,1,0.5603350579005806,56.03,High
21047,230000,34,3,2,0.0008927536231884059,1.4910714285714286,1,0.5601788866943619,56.02,High
23496,60000,31,3,2,0.5976,0.050540123456790126,1,0.560097042036316,56.01,High
29383,200000,29,2,2,0.9829433333333333,0.33462000183123475,0,0.5597534195327056,55.98,High
8447,80000,29,3,2,0.20663541666666665,0.21958965569390532,1,0.559762275495568,55.98,High
29513,50000,45,0,0,0.01332,0.7642642642642643,1,0.5593477594664655,55.93,High
8076,100000,46,3,2,0.04134333333333333,0.7628799483995807,0,0.5590245413323874,55.9,High
18486,130000,26,3,2,1.0093064102564104,0.042749590668382326,0,0.5586017065146485,55.86,High
10002,50000,28,0,0,0.0111,1.0315315315315314,0,0.5577130004446332,55.77,High
2657,100000,27,4,2,0.37021,0.06455795359390616,1,0.5576851682581413,55.77,High
3442,110000,33,4,2,0.4137954545454545,0.05519855000823859,0,0.5576169489368901,55.76,High
18903,50000,28,1,2,0.022386666666666666,0.9313579511614056,0,0.5576233001415649,55.76,High
2445,50000,54,1,2,0.6882,0.03611353288772644,0,0.5572679186249571,55.73,High
8227,10000,36,2,2,0.6166333333333333,0.3263419644305098,0,0.5569577788090206,55.7,High
20051,10000,43,1,2,0.6798,0.11787780719819554,0,0.55646461300917,55.65,High
24549,190000,37,3,2,0.4431570175438596,0.04369367318620979,0,0.5559534137372015,55.6,High
22915,120000,33,0,0,0.0,0.0,0,0.5559535212344748,55.6,High
19962,60000,35,1,3,0.4158,0.13361124472235583,0,0.555831171208746,55.58,High
5249,30000,28,1,2,0.5381777777777778,0.10839045338178215,1,0.5549127031224352,55.49,High
17763,150000,64,2,2,0.7563622222222222,0.047605056953899216,0,0.5548462383226724,55.48,High
22716,60000,44,0,0,0.007783333333333333,0.0,0,0.5547117148126789,55.47,High
3032,20000,22,1,2,0.5352583333333333,0.21952016938861296,0,0.5546454704698288,55.46,High
25943,200000,33,1,2,0.003921666666666667,0.9192520186995325,0,0.5544957514088741,55.45,High
29696,300000,44,2,2,0.7033027777777778,0.038439268688608114,0,0.5544608368647354,55.45,High
2909,100000,35,3,2,0.3352866666666666,0.3398335752490406,1,0.5544137759251953,55.44,High
21916,190000,28,1,2,1.0008587719298245,0.04186755409170546,0,0.5543309090608017,55.43,High
9918,180000,40,2,2,0.6066481481481482,0.021597118349155956,0,0.5536017351903574,55.36,High
7935,180000,28,2,2,0.050600925925925924,0.48019176929129537,1,0.5531297125375454,55.31,High
18964,80000,29,1,2,0.03229791666666667,0.8211958975682127,1,0.5530074202355139,55.3,High
1995,20000,52,1,2,0.7501083333333333,0.08598757957183963,0,0.5529424432854858,55.29,High
6471,160000,34,2,2,0.005666666666666666,0.9966911764705882,0,0.5517089053602352,55.17,High
1706,20000,32,3,2,0.4614916666666667,0.2961411365318984,1,0.5515601223269609,55.16,High
20307,30000,56,1,2,0.4416,0.109375,1,0.5515894097146629,55.16,High
2932,230000,27,2,2,0.08346884057971014,0.08672853707449625,0,0.5512067384877303,55.12,High
25731,20000,41,1,2,0.9899166666666666,0.054263826921458036,0,0.5505953707036503,55.06,High
22076,190000,28,1,2,0.05495614035087719,0.12241021548284119,0,0.5502185443627338,55.02,High
11853,200000,38,1,1,0.0023191666666666664,1.2109234638878907,0,0.5491539316025958,54.92,High
6497,50000,46,0,0,0.16105333333333333,0.09106714131964566,0,0.5492113021751036,54.92,High
23932,20000,22,4,2,0.4749666666666667,0.13158818162678082,0,0.5484118058245121,54.84,High
14802,50000,35,1,1,0.0020733333333333333,1.090032154340836,0,0.5483661202096992,54.84,High
13415,240000,34,2,2,0.07415833333333334,0.2138348878151103,0,0.5481461474395788,54.81,High
24941,60000,38,1,2,1.087563888888889,0.04852843894228436,0,0.5479209193389784,54.79,High
19401,80000,35,2,2,0.012925,2.139103803997421,0,0.5472973229519139,54.73,High
26319,100000,41,0,0,0.0,0.0,1,0.5472081271107158,54.72,High
2077,20000,49,0,0,0.01855,0.8247978436657682,0,0.5471043426942515,54.71,High
17424,20000,36,1,2,0.7431583333333333,0.07671088484957221,1,0.5470535967191876,54.71,High
3669,300000,37,3,2,0.011192222222222221,0.5444753300903405,0,0.5469259033345187,54.69,High
3129,140000,35,2,2,0.9168630952380952,0.030916751605175513,0,0.5469078110659795,54.69,High
16520,420000,26,3,2,0.8547623015873016,0.029215399621448642,1,0.546196318318712,54.62,High
6609,10000,22,1,2,0.8336833333333334,0.1219887647188181,0,0.5457633115512933,54.58,High
22431,90000,35,3,2,0.45087777777777777,0.05339379153420899,0,0.5455939902705638,54.56,High
13273,80000,23,2,2,0.021941666666666665,0.9601215343714394,0,0.5455052107055992,54.55,High
3241,130000,29,0,0,0.0046076923076923074,0.0,0,0.5443491403383313,54.43,High
13306,270000,37,0,0,0.0017111111111111112,0.8571428571428571,1,0.5440498202064776,54.4,High
27637,10000,22,1,1,-0.006666666666666667,0.0,0,0.5438585987613842,54.39,High
26387,450000,35,3,2,0.29790074074074074,0.05507924588354063,0,0.5435365937694843,54.35,High
12686,130000,52,2,2,0.6894615384615385,0.0475622001561977,0,0.5432937369191139,54.33,High
28907,140000,40,1,1,0.0023738095238095237,1.0,0,0.5429674677406863,54.3,High
17121,150000,27,1,1,0.0020766666666666668,1.6276083467094704,0,0.5425906038094517,54.26,High
17599,30000,30,1,2,0.8865777777777777,0.061415931421696414,1,0.5426463798750876,54.26,High
27599,190000,29,0,0,0.0,0.0,0,0.5425270725461803,54.25,High
27398,300000,45,1,2,0.002197777777777778,0.4929221435793731,0,0.5424815698015715,54.25,High
12977,50000,35,1,1,0.00595,1.0033613445378151,0,0.5423672992139195,54.24,High
11222,10000,22,0,0,0.9427833333333334,0.07370021390563403,0,0.5417189875897064,54.17,High
6666,150000,30,2,2,0.0765311111111111,0.3333430122825866,0,0.5413138515625682,54.13,High
13717,100000,38,2,2,0.48007,0.17275258469251012,0,0.5412208857549958,54.12,High
25677,280000,31,1,2,0.0001613095238095238,0.6199261992619927,0,0.5409532771029192,54.1,High
25006,220000,40,2,2,0.010081060606060607,0.6956489065905163,0,0.5407448652385999,54.07,High
28554,500000,37,2,2,0.009042333333333335,0.09061083053784053,0,0.5406521256832306,54.07,High
26596,120000,30,0,0,0.0,0.0,0,0.540572376915307,54.06,High
27190,120000,29,1,1,0.0027166666666666667,1.1666666666666667,1,0.5400712230941254,54.01,High
10389,10000,22,0,0,0.8319,0.08991465320351004,1,0.5400031502147443,54.0,High
26568,200000,50,0,0,0.00195,1.0,0,0.5398555933939413,53.99,High
24797,70000,46,2,2,0.38942380952380956,0.05302706073686399,0,0.5396405740594726,53.96,High
15661,200000,37,1,1,0.00024,2.923611111111111,0,0.5396001851624812,53.96,High
21341,20000,57,1,2,1.0018666666666667,0.06238355070535001,0,0.5392934703178068,53.93,High
25264,20000,23,0,0,0.7797583333333333,0.0769469173141251,0,0.5388824169435433,53.89,High
2734,170000,31,1,2,0.018127450980392156,0.6617090319091401,0,0.5383747410440286,53.84,High
22713,380000,30,0,0,0.8312899122807018,0.19543343387812537,0,0.5380265910934222,53.8,High
5284,50000,38,0,0,0.013436666666666668,1.0136442570081865,0,0.5365554107941376,53.66,High
13721,100000,27,1,2,0.9801116666666667,0.03724745649730388,1,0.5361876691709231,53.62,High
23989,20000,27,0,0,0.06935833333333334,0.25063078216989065,0,0.5358556146784494,53.59,High
10943,60000,42,1,2,0.16431944444444443,0.6466401825712113,1,0.5357860246997329,53.58,High
22059,90000,27,0,0,0.005555555555555556,0.0,0,0.5354691591666569,53.55,High
12044,20000,52,1,2,0.4585833333333333,0.04724695620570598,0,0.5355049481503148,53.55,High
25138,260000,52,1,1,0.0,0.0,0,0.5353873468622339,53.54,High
6515,290000,48,2,2,0.7714494252873564,0.02830915383939174,1,0.5353628831556351,53.54,High
2,120000,26,2,2,0.023718055555555555,0.29279147391227967,1,0.5349425249197369,53.49,High
2091,250000,42,2,2,0.004836,1.1162117452440032,0,0.5347797590392265,53.48,High
23852,260000,57,2,2,0.025147435897435896,0.9655875605404027,0,0.5345749566058808,53.46,High
25712,10000,36,0,0,0.6385166666666667,0.15201900237529692,0,0.5346156800601662,53.46,High
6695,50000,24,0,0,0.16729333333333332,0.08402406949868495,0,0.5339058957027173,53.39,High
3215,20000,59,0,0,0.053075,0.5609985869053227,0,0.5338540960654143,53.39,High
27166,280000,40,2,2,0.6716113095238095,0.030133642705398443,0,0.5337198354646208,53.37,High
9187,100000,35,0,0,0.004661666666666667,0.6242402574186628,0,0.5337110391483255,53.37,High
26460,20000,49,0,0,0.7776833333333333,0.0718908724630848,1,0.5336372797141787,53.36,High
17948,160000,36,1,1,0.0010416666666666667,1.0,0,0.53339632265068,53.34,High
22,120000,39,0,0,0.0026333333333333334,0.8333333333333334,1,0.5330523930815819,53.31,High
27185,80000,27,2,2,0.02725416666666667,1.0348570554961014,1,0.53274407340387,53.27,High
21649,450000,25,0,0,0.0,0.0,0,0.5326843252868424,53.27,High
12629,110000,28,1,2,1.3563318181818182,0.03350279664737443,0,0.5326078138801557,53.26,High
2035,50000,25,0,0,0.01114,3.226810293237582,0,0.5325229510359645,53.25,High
16220,180000,44,1,2,0.042218518518518516,0.09073164312659006,1,0.5319759942595714,53.2,High
19758,90000,33,2,2,0.9145833333333333,0.054621108580106305,0,0.5318989271113457,53.19,High
27116,230000,33,1,1,0.0015579710144927536,1.0,0,0.5318433228953466,53.18,High
6156,30000,24,2,2,-0.00028333333333333335,0.0,1,0.5316827135678638,53.17,High
29514,30000,32,2,2,0.9374,0.04865704193632506,0,0.5315090466270895,53.15,High
23206,170000,45,3,2,0.6863235294117647,0.04109706449539319,1,0.5314578340868239,53.15,High
6490,250000,31,2,2,0.2860666666666667,0.19061058028431602,1,0.531259614440269,53.13,High
17511,90000,36,1,1,0.0,0.0,1,0.5306562759336886,53.07,High
6679,20000,42,0,0,0.9129583333333334,0.05249418100497467,1,0.5305566182916187,53.06,High
24419,80000,43,1,1,0.004291666666666667,1.0,0,0.5304806118755457,53.05,High
9247,160000,37,1,2,0.00520625,1.0,1,0.5303882832255966,53.04,High
8148,20000,24,0,0,0.7805583333333334,0.06393927423745822,1,0.5302826179177558,53.03,High
24693,170000,45,2,2,0.013578431372549021,0.8072202166064982,0,0.5301807738477148,53.02,High
13007,80000,24,0,0,0.007789583333333333,1.0,0,0.5300293248013519,53.0,High
1861,20000,24,1,1,0.054725,1.3045530683721638,0,0.5300252873414296,53.0,High
3476,20000,28,0,0,0.8993666666666666,0.04061191208628294,0,0.5297904475636417,52.98,High
17739,50000,59,1,1,-0.01026,0.0,1,0.5296267685061722,52.96,High
21958,200000,28,0,0,0.0,0.0,0,0.5294957378188211,52.95,High
2431,160000,36,0,0,0.0024958333333333334,0.7913188647746243,1,0.529406281940015,52.94,High
6354,360000,46,1,1,-0.0024842592592592594,0.0,0,0.5293420496504588,52.93,High
11287,200000,42,1,2,0.00676,0.7917899408284024,0,0.5278219067656159,52.78,High
21897,180000,27,1,1,0.0019444444444444444,1.217142857142857,0,0.527286472671333,52.73,High
28216,80000,37,1,2,0.3435020833333334,0.04870179098865242,0,0.5270900101277233,52.71,High
4511,10000,25,0,0,0.061533333333333336,0.8697183098591549,0,0.5271109287058295,52.71,High
29227,20000,22,0,0,0.319675,0.13607570188472667,0,0.5266645708981945,52.67,High
24148,70000,29,1,2,0.28832857142857143,0.0660621975590018,1,0.5265214215712166,52.65,High
9532,200000,40,0,0,0.00195,1.0,1,0.5258032315780026,52.58,High
18089,140000,40,1,2,0.8920904761904762,0.045001307789622025,0,0.5256878331021637,52.57,High
22082,170000,28,1,1,0.002006862745098039,1.0,0,0.5255451441138106,52.55,High
16821,20000,41,1,2,0.8248583333333334,0.049412525383146604,0,0.5249645501192776,52.5,High
20491,210000,27,2,2,0.0025063492063492065,0.5493983533882204,0,0.524977651148743,52.5,High
24460,270000,31,4,2,0.057972222222222224,0.07663312569877016,0,0.5240696510075927,52.41,High
21820,310000,26,3,2,0.020688709677419356,0.2910527273199761,0,0.5236134759071988,52.36,High
13030,20000,64,0,0,0.016575,0.7390648567119156,1,0.5236493748780175,52.36,High
18253,100000,60,2,3,0.055675,0.1886843286933094,1,0.5234633987198742,52.35,High
6998,90000,33,1,2,0.015309259259259259,0.6603362767630337,0,0.5233915486652642,52.34,High
1367,260000,42,0,0,0.0021006410256410256,1.0808666463228562,0,0.5232274277125927,52.32,High
24363,40000,37,1,2,0.5810166666666667,0.05890536702905826,0,0.5228357887876491,52.28,High
17721,150000,36,1,1,0.00136,1.0,0,0.5222016955231739,52.22,High
6738,390000,47,1,1,0.0016594017094017093,1.0,0,0.5220684198865909,52.21,High
14996,20000,24,0,0,0.03373333333333333,0.7579051383399209,0,0.521978669528363,52.2,High
10045,200000,44,1,1,-0.0002,0.0,0,0.521000635907344,52.1,High
14141,240000,27,2,2,0.08141041666666667,0.22980269723878496,0,0.5208312115929513,52.08,High
7946,20000,37,1,2,0.9687666666666666,0.05214533943502047,1,0.5205891065116436,52.06,High
22307,100000,27,2,2,0.044285,0.5893267095705844,1,0.5204678682189934,52.05,High
26355,100000,30,1,2,0.012131666666666667,3.1744745157301826,0,0.5203745754666255,52.04,High
9426,140000,45,3,2,0.43230357142857145,0.04268385035868203,0,0.5202552146983355,52.03,High
5844,10000,37,0,0,0.07833333333333334,7.128723404255319,0,0.5202882256842705,52.03,High
26206,80000,27,0,0,0.00325,1.0,0,0.5202276369407829,52.02,High
3199,20000,24,1,2,0.9510083333333333,0.10219854365103706,0,0.5202373985885258,52.02,High
6700,60000,43,1,1,0.0021666666666666666,1.0,0,0.5201202689366986,52.01,High
18281,200000,54,2,2,0.0379725,0.5092062238023131,0,0.5199085394091891,51.99,High
7144,30000,39,1,2,0.7443555555555555,0.05420796513016479,1,0.5198976604033172,51.99,High
110,360000,35,1,1,-0.0002861111111111111,0.0,0,0.5197987882000261,51.98,High
22544,200000,47,1,1,0.0005541666666666667,1.0,1,0.5197966135700296,51.98,High
8584,180000,25,1,2,0.9825203703703703,0.039128394284540326,0,0.5194635671922202,51.95,High
14304,20000,27,2,3,0.7498083333333333,0.1767118263556242,0,0.519155362099613,51.92,High
23749,50000,59,2,2,0.8401933333333332,0.054352569646668625,0,0.5191410582712523,51.91,High
22620,400000,49,1,1,0.023826666666666666,1.0947817571348628,0,0.5185607531503632,51.86,High
11068,120000,34,0,0,0.005101388888888889,1.2866866321807786,0,0.518440543122366,51.84,High
66,200000,57,2,2,0.39136333333333334,0.020275277023056155,1,0.5183057826402803,51.83,High
12459,360000,32,0,0,0.0011574074074074076,0.0,0,0.5183428736408167,51.83,High
29288,60000,25,2,2,0.822,0.032779129494457965,0,0.5181726730568705,51.82,High
12055,80000,60,1,1,0.008489583333333333,1.457914110429448,1,0.5179026899846633,51.79,High
4360,100000,25,0,0,0.005856666666666666,1.0,0,0.5176955127166822,51.77,High
27174,160000,33,0,0,0.0020375,1.0,0,0.5177008014406564,51.77,High
10120,90000,26,2,2,0.805787037037037,0.04047342717609882,0,0.5176964083621589,51.77,High
21579,70000,25,0,0,0.009830952380952381,0.6880600629692419,0,0.5171533139368082,51.72,High
10715,30000,38,1,2,0.31646111111111114,0.12950511735688078,0,0.5169164232101161,51.69,High
16713,20000,35,0,0,0.9011083333333334,0.05031766435778162,0,0.5165599407069605,51.66,High
5037,320000,33,1,2,0.0143515625,0.8356015242242787,0,0.5160808986490754,51.61,High
1174,180000,32,0,0,0.0037,1.0,0,0.5160356119145937,51.6,High
2635,200000,42,0,0,0.0,0.0,1,0.5159678465141622,51.6,High
22558,80000,43,0,0,0.502075,0.03319557171073379,0,0.5159329423922936,51.59,High
9836,80000,32,2,2,0.821975,0.046128734653324815,0,0.5158559974286341,51.59,High
2053,140000,42,0,0,0.0029035714285714285,2.064370643706437,0,0.5159178810399491,51.59,High
1934,20000,39,0,0,0.03148333333333333,1.2440444679724723,0,0.5157161243995066,51.57,High
15704,10000,29,0,0,0.93255,0.09522277625864566,0,0.5155938003741626,51.56,High
2215,50000,41,1,2,0.45532666666666666,0.05117937305084994,0,0.5154897004621681,51.55,High
11708,150000,24,2,2,0.9156955555555556,0.05050562656681139,0,0.515412933112378,51.54,High
20436,20000,27,0,0,0.08089166666666667,0.9958792623879674,0,0.5152733032626691,51.53,High
7342,50000,34,0,0,0.6543766666666666,0.05440801169560854,0,0.5150061781199574,51.5,High
3843,50000,24,0,0,0.14354,0.10830894988621058,0,0.5148603886117162,51.49,High
10255,160000,41,0,0,0.002629166666666667,0.0,1,0.5147967967490568,51.48,High
13345,80000,25,0,0,0.004875,1.0,1,0.5144755274247406,51.45,High
17283,130000,37,0,0,0.0,0.0,1,0.5142470605497038,51.42,High
24891,80000,30,4,2,0.6161541666666667,0.24290119491198767,0,0.5142403755481947,51.42,High
23790,20000,51,1,1,-0.011833333333333333,0.0,0,0.5141036663673556,51.41,High
20340,100000,55,0,0,0.0039,1.0,1,0.5138590352850245,51.39,High
8523,320000,34,0,0,-0.002916666666666667,0.0,0,0.5138620378743284,51.39,High
4902,20000,50,1,2,0.48131666666666667,0.11257315003982132,0,0.5136227052241834,51.36,High
24199,140000,30,2,2,0.012047619047619048,0.7947628458498024,0,0.5133795444524772,51.34,High
5577,150000,26,0,0,0.00403,0.0,1,0.5133156529867173,51.33,High
2712,360000,37,2,2,0.0014134259259259258,0.004585653455617425,0,0.5130603835741233,51.31,High
14642,50000,23,1,2,0.19954333333333332,0.07819521240165044,0,0.5130441986619119,51.3,High
12591,80000,44,0,0,0.0108875,0.5644852659778032,0,0.5129150169397761,51.29,High
21130,240000,37,2,2,0.8988104166666666,0.03138407478403167,0,0.5119542136731878,51.2,High
16381,90000,33,3,2,0.4048814814814815,0.0571726522622075,1,0.5119789102059331,51.2,High
314,200000,49,3,2,0.27753916666666667,0.048900005104384664,1,0.5117464323657878,51.17,High
27936,50000,28,1,2,0.5195666666666666,0.051382562391736705,0,0.5113627460982871,51.14,High
27144,60000,30,1,2,0.19184444444444443,0.9758195297115718,0,0.5109966054986895,51.1,High
4973,50000,26,0,0,0.5824966666666667,0.030415052446652054,0,0.5108453861656815,51.08,High
3263,180000,40,0,0,0.005189814814814815,0.8231935771632471,0,0.5107387321787451,51.07,High
17999,80000,33,1,2,1.1224229166666666,0.030996931860576914,0,0.5106371391677927,51.06,High
9098,20000,56,0,0,0.8581833333333334,0.051484725486007264,0,0.5105045000415335,51.05,High
24861,200000,38,1,2,0.021693333333333335,0.7070528580208973,0,0.5104966936408708,51.05,High
19572,50000,38,0,0,0.013253333333333332,1.0138329979879275,0,0.5104721147859601,51.05,High
4416,170000,48,0,0,0.0022941176470588237,0.5,0,0.5103609020125777,51.04,High
21315,50000,52,0,0,0.0,0.0,1,0.5094020750609465,50.94,High
4517,80000,39,1,2,0.8696291666666666,0.060729908821288765,0,0.5091001691003363,50.91,High
16336,140000,37,1,1,-0.00012857142857142858,0.0,0,0.5090105026365291,50.9,High
8898,20000,24,2,2,0.580825,0.35472531887114594,0,0.5090085766585856,50.9,High
15723,250000,44,0,0,0.79684,0.026893730234425983,0,0.5088188527841978,50.88,High
9727,140000,30,0,0,0.0023285714285714285,1.0,1,0.5087068143994552,50.87,High
19355,30000,39,1,2,0.7341944444444444,0.0756687223336234,1,0.508694131438744,50.87,High
12105,70000,23,1,2,0.21450238095238094,0.05683142600259737,0,0.5084819509189121,50.85,High
4383,40000,51,0,0,1.747204166666667,0.0996878346119634,1,0.5080793394513884,50.81,High
2404,320000,32,1,2,0.0014901041666666667,0.6808808109052779,1,0.5073021446295073,50.73,High
5325,30000,38,0,0,0.020311111111111113,0.0,0,0.5071244940268552,50.71,High
3521,180000,44,1,1,0.0,0.0,0,0.5069949095769124,50.7,High
23994,20000,25,0,0,0.02275,0.7142857142857143,0,0.5067681145814107,50.68,High
23042,210000,32,0,0,0.0,0.0,0,0.5066135783959781,50.66,High
13014,280000,43,2,2,0.009802976190476192,0.5404092537494687,0,0.5063916432899386,50.64,High
22550,180000,35,1,2,0.005327777777777778,1.3903371567605145,0,0.5060823187463387,50.61,High
17376,350000,31,2,2,0.7630995238095237,0.030372372323649977,0,0.5061177682912128,50.61,High
18460,30000,23,1,2,0.8421055555555556,0.10574024106241629,0,0.5061428072551241,50.61,High
20127,50000,48,1,2,0.22209,0.5546099929458027,0,0.5057633018480107,50.58,High
2702,50000,47,1,2,0.40158,0.06554941315138536,0,0.5053007874190433,50.53,High
16255,80000,29,2,2,0.7756166666666667,0.06168478844790167,1,0.5051765411448818,50.52,High
28887,200000,42,0,0,0.00558,1.0120967741935485,0,0.5050618797636212,50.51,High
15463,120000,36,0,0,0.0032944444444444445,1.2318718381112985,0,0.5043066623425182,50.43,High
17622,20000,31,0,0,0.017333333333333336,1.4,0,0.5039901046336398,50.4,High
1226,20000,22,0,0,0.30496666666666666,0.02732539075308777,1,0.5035363314428631,50.35,High
20845,30000,28,0,0,0.0086,0.6136950904392765,0,0.5034293702976262,50.34,High
23010,90000,43,0,0,0.0,0.0,0,0.5033330345668103,50.33,High
29449,120000,30,2,2,0.012541666666666666,0.6592469545957919,0,0.5030038744194818,50.3,High
10095,170000,31,1,2,0.6868225490196078,0.10569844938113707,0,0.5030412025888742,50.3,High
14594,80000,44,1,2,0.9989145833333334,0.04051480878203216,0,0.5026499439836845,50.26,High
19991,150000,32,1,2,0.13735111111111112,0.2950346233497282,0,0.5025222056309143,50.25,High
22905,150000,30,2,2,0.00042888888888888886,20.901554404145077,0,0.5024112812120257,50.24,High
24938,450000,37,2,2,0.87831,0.03243349918214146,1,0.5019809335965261,50.2,High
28242,110000,46,1,2,0.915430303030303,0.047502085457410324,0,0.5014145692044172,50.14,High
10168,10000,22,0,0,0.0264,1.3333333333333333,1,0.5012712327319548,50.13,High
3833,120000,48,1,2,0.018276388888888887,0.6926818147275629,1,0.5012786466551848,50.13,High
16100,30000,29,0,0,0.02567777777777778,1.1733016010385116,1,0.5012180027138016,50.12,High
24532,50000,36,0,0,0.7166833333333333,0.03127369130950443,1,0.5010381663237308,50.1,High
17796,470000,54,2,2,0.7770992907801418,0.03217730968960765,0,0.5007093784354578,50.07,High
509,80000,30,1,2,0.15796875,0.06330365974282888,0,0.5007009710069947,50.07,High
6026,440000,31,4,2,0.4975943181818182,0.08983069297810907,1,0.5005721607433872,50.06,High
10238,140000,41,4,2,0.4563738095238095,0.05217110034067728,0,0.500016451812497,50.0,High
14801,110000,36,0,0,0.00571060606060606,0.33430618201114354,1,0.4999217137576461,49.99,Moderate
15667,130000,27,2,2,1.0179589743589743,0.04055374756929401,0,0.4998245474021776,49.98,Moderate
12528,80000,41,0,0,0.0,0.0,0,0.49971573011429654,49.97,Moderate
16402,30000,36,1,2,0.8740055555555556,0.06319563186097216,0,0.49960744299996906,49.96,Moderate
24236,190000,31,2,2,0.5440008771929825,0.0383335940183275,0,0.49963113946265264,49.96,Moderate
19059,50000,25,1,2,0.7993466666666668,0.04274324031292222,0,0.49944444764229523,49.94,Moderate
3367,260000,26,2,2,1.0225025641025642,0.0514116947860453,0,0.499296091305935,49.93,Moderate
5989,280000,28,3,2,0.8941380952380952,0.1323274874979363,0,0.499257687470255,49.93,Moderate
3299,230000,26,3,4,0.007230434782608696,0.12888354379635197,1,0.49927784609855336,49.93,Moderate
26527,60000,52,1,2,1.02025,0.039532794249775384,0,0.4993202235625578,49.93,Moderate
28750,360000,30,0,0,0.0011574074074074076,0.0,0,0.4993352321038262,49.93,Moderate
3721,80000,46,1,1,0.0013541666666666667,1.0,1,0.4990381927746505,49.9,Moderate
15259,130000,29,1,1,0.0,0.0,0,0.49890866456756566,49.89,Moderate
18528,40000,26,1,2,0.9772166666666666,0.05939488001637303,0,0.49846754935417303,49.85,Moderate
28747,120000,32,0,0,0.006768055555555555,0.7416375949107326,0,0.4981536426643288,49.82,Moderate
20466,190000,25,1,2,0.029227192982456143,0.15984873495603108,0,0.49803554058886884,49.8,Moderate
14089,130000,32,1,2,0.6969217948717948,0.05253688840487197,0,0.49775758721250535,49.78,Moderate
244,180000,32,2,2,0.01355,0.3975673090064234,0,0.4976584990564982,49.77,Moderate
21387,40000,57,1,2,2.019525,0.034676058314042496,0,0.4974981406500345,49.75,Moderate
21505,80000,29,1,2,0.30349791666666665,0.11253509428263511,0,0.4971695966294358,49.72,Moderate
21803,80000,24,1,2,0.01823125,0.7754542338018512,0,0.4970216833539091,49.7,Moderate
4402,140000,50,1,2,0.727352380952381,0.03797203163463049,0,0.4968510500865763,49.69,Moderate
21440,360000,26,0,0,0.856624537037037,0.03466826351706661,1,0.49686910181336014,49.69,Moderate
13531,60000,60,0,0,0.014358333333333334,1.0,0,0.49664115766148625,49.66,Moderate
29682,360000,40,3,3,0.012289351851851853,1.1398756828027876,1,0.49654451128176824,49.65,Moderate
14523,30000,25,1,2,0.42863888888888885,0.2762491089365563,0,0.49643527638878954,49.64,Moderate
17129,50000,24,1,2,0.72317,0.034431738042230736,0,0.4961320223385718,49.61,Moderate
29968,50000,32,1,2,0.76933,0.2440955116789934,0,0.4961233373133954,49.61,Moderate
29086,220000,56,1,1,0.004688636363636364,1.0266602035870092,0,0.49597233833235777,49.6,Moderate
8389,180000,30,0,0,0.0024527777777777777,0.8674971687429218,1,0.4960363834148805,49.6,Moderate
12387,10000,39,2,2,0.6626666666666667,0.2794517102615694,1,0.4958239077767573,49.58,Moderate
28970,50000,40,0,0,0.82837,0.11426053575093255,0,0.4957135903263357,49.57,Moderate
1035,60000,39,1,1,-0.01947222222222222,0.0,0,0.49560798330487416,49.56,Moderate
29859,30000,41,1,2,0.7621333333333333,0.08390191275950548,0,0.4956057308085203,49.56,Moderate
13750,130000,33,1,2,0.07469615384615384,0.33865403429277585,0,0.4954451001452024,49.54,Moderate
1977,180000,31,1,2,0.21160462962962964,0.11814486310510955,0,0.49529679975598495,49.53,Moderate
24220,290000,30,2,3,0.0037827586206896553,8.989972652689152,0,0.4949378288418499,49.49,Moderate
12819,70000,25,2,2,0.5763214285714285,0.04166408460886988,0,0.4945506388279015,49.46,Moderate
5001,170000,61,1,1,0.00019607843137254904,1.0,0,0.49442643672060477,49.44,Moderate
2204,60000,30,2,2,0.8282416666666667,0.07318046598047404,0,0.49391792235000387,49.39,Moderate
16251,50000,24,2,2,1.0178533333333333,0.05317072531733452,0,0.4937552432553119,49.38,Moderate
17455,210000,45,0,0,0.8478404761904762,0.034805514289806314,0,0.49355138442624424,49.36,Moderate
27365,50000,28,1,2,0.5754933333333334,0.0474433529493536,0,0.49349966526380595,49.35,Moderate
24587,200000,33,0,0,0.002924166666666667,0.8281561698489598,0,0.4931589876023575,49.32,Moderate
10494,30000,25,0,0,0.01578888888888889,0.9802955665024631,0,0.49309208489443584,49.31,Moderate
3694,50000,29,1,2,0.47979333333333335,0.0798955105670497,0,0.49294003877633086,49.29,Moderate
27686,30000,24,2,2,0.7917666666666666,0.08912558413674063,0,0.49287641570226576,49.29,Moderate
1276,20000,26,0,0,0.025516666666666667,0.8641410842586544,1,0.4920612271819101,49.21,Moderate
4349,180000,51,0,0,0.0023083333333333332,1.111913357400722,0,0.49146308576963815,49.15,Moderate
9003,30000,36,1,2,0.7069166666666666,0.0730873511729341,1,0.49140592641962494,49.14,Moderate
17896,20000,28,2,2,0.39111666666666667,0.20251843013593557,0,0.4913854502552951,49.14,Moderate
21327,50000,52,0,0,0.34038,0.023082045556926573,1,0.49134120672382425,49.13,Moderate
25867,160000,35,1,1,0.006636458333333333,2.318317375608225,0,0.49133819826746344,49.13,Moderate
22320,200000,27,0,0,0.0,0.0,0,0.4912679381406061,49.13,Moderate
22353,350000,32,1,2,0.7899738095238095,0.041478168353984005,0,0.4910598138152765,49.11,Moderate
26222,250000,37,1,1,0.020851333333333333,1.0,0,0.49101602051279336,49.1,Moderate
4958,60000,27,1,2,0.42230555555555555,0.14470828126027757,1,0.490524708652878,49.05,Moderate
4415,350000,39,1,2,0.07919142857142857,0.5354595855732343,0,0.4904417288881583,49.04,Moderate
21044,20000,42,0,0,0.9005583333333333,0.06114725124228488,0,0.4903461153514646,49.03,Moderate
9343,20000,50,0,0,0.9245083333333334,0.05071163952010528,0,0.4902183780585559,49.02,Moderate
12670,60000,55,0,0,0.0,0.0,0,0.49018170045527454,49.02,Moderate
14538,60000,29,0,0,0.11302222222222222,0.12453303185214314,1,0.4900302452879353,49.0,Moderate
6367,160000,27,1,1,0.004452083333333334,1.2260177819372953,1,0.4898651132879061,48.99,Moderate
13437,260000,30,0,0,0.9009384615384616,0.0222318038740231,0,0.4897501471672981,48.98,Moderate
10329,110000,32,3,2,0.3293090909090909,0.09618853062426384,0,0.489681515031253,48.97,Moderate
22090,60000,28,2,2,0.2729666666666667,0.49878902592909186,0,0.4894399354283086,48.94,Moderate
4575,200000,26,1,2,0.011349166666666667,0.5404214700051398,1,0.48937090666719607,48.94,Moderate
11938,360000,34,1,2,0.0014148148148148147,0.7850130890052356,1,0.48849379394551323,48.85,Moderate
4393,20000,29,0,0,0.8654083333333334,0.05368371385376845,0,0.488360616349779,48.84,Moderate
7402,20000,23,0,0,0.925325,0.04929799439836454,0,0.488145208378684,48.81,Moderate
27107,150000,32,0,0,0.0030822222222222223,0.5219899062725306,0,0.4880420821615171,48.8,Moderate
14055,30000,51,0,0,0.42211666666666664,0.05761966807491346,0,0.48789547576636444,48.79,Moderate
13267,110000,29,1,2,0.7482984848484848,0.10438024042423519,1,0.4878360931930874,48.78,Moderate
7490,200000,40,1,2,0.7128225,0.03431546189034905,0,0.48780173349967576,48.78,Moderate
12598,150000,30,1,2,0.006383333333333334,0.8788511749347259,1,0.48708973796567695,48.71,Moderate
5922,230000,45,0,0,0.0015717391304347827,0.9506685108344859,0,0.4868023771934466,48.68,Moderate
2698,30000,26,0,0,0.9369944444444444,0.05518235018587801,0,0.4864690857019402,48.65,Moderate
18684,200000,27,1,1,0.0050275,0.5609149676777723,0,0.48633528260603764,48.63,Moderate
295,130000,29,1,1,0.0,0.0,0,0.4861721117626159,48.62,Moderate
16132,270000,42,1,1,-0.0012222222222222222,0.0,0,0.4861392179981537,48.61,Moderate
10611,50000,61,1,2,0.5036033333333334,0.08685407165692575,0,0.4860493945585457,48.6,Moderate
2009,360000,32,1,1,-0.0008361111111111111,0.0,1,0.4860113204877063,48.6,Moderate
22282,210000,30,0,0,0.0022365079365079367,0.0,0,0.48592294526677854,48.59,Moderate
24356,210000,33,0,0,0.0030880952380952383,1.0,0,0.48524992000624184,48.52,Moderate
16010,140000,30,1,2,0.6269761904761905,0.041772680666843885,0,0.4847495950985372,48.47,Moderate
5035,50000,23,0,0,0.5720566666666667,0.034810071263336385,1,0.48464774442870806,48.46,Moderate
27994,50000,29,1,2,0.1713366666666667,0.190307581564561,0,0.4842903631841183,48.43,Moderate
20448,10000,26,0,0,0.7105,0.14543748533896317,0,0.48432696518238366,48.43,Moderate
28628,210000,31,0,0,0.0029436507936507934,0.8624966298193583,0,0.4842914976497489,48.43,Moderate
20642,190000,28,0,0,1.031201754385965,0.03188836053999337,0,0.48407358490252356,48.41,Moderate
4311,140000,49,0,0,0.0036142857142857144,0.8389328063241107,0,0.4840327132132352,48.4,Moderate
13390,340000,36,3,2,0.10101323529411765,0.4657029024540562,0,0.4840200717365019,48.4,Moderate
8350,80000,29,2,2,0.82843125,0.04587485885722764,0,0.48339215321322104,48.34,Moderate
12256,120000,28,1,2,0.01366111111111111,0.6518910126067508,1,0.48328193458442664,48.33,Moderate
15675,550000,31,3,2,0.00833151515151515,0.5601585800538299,0,0.48275946686059173,48.28,Moderate
14741,160000,58,1,1,0.005016666666666667,1.0,0,0.48267679733924734,48.27,Moderate
4008,100000,24,1,1,0.004138333333333333,1.0322190898107129,0,0.4824576026064551,48.25,Moderate
25751,30000,38,2,2,0.10376111111111111,0.5300637147293462,1,0.4824499899251403,48.24,Moderate
15312,240000,37,1,1,0.004201388888888889,1.0307438016528925,0,0.4822181760388338,48.22,Moderate
12330,60000,36,1,2,0.051186111111111106,0.8249850762468117,1,0.48209292258261854,48.21,Moderate
4358,30000,43,2,2,0.9662666666666667,0.048870797111448414,0,0.4819752843638818,48.2,Moderate
14685,130000,30,0,0,0.0037,1.9896049896049897,0,0.48179802541233924,48.18,Moderate
19002,200000,27,2,2,0.002969166666666667,2.527364580409767,0,0.4817307779162862,48.17,Moderate
5413,50000,49,1,2,0.44461666666666666,0.053604228361509916,0,0.48159373729410004,48.16,Moderate
13671,320000,40,0,0,0.00134375,1.0,0,0.4813523572959739,48.14,Moderate
29451,200000,30,1,1,0.003906666666666667,1.0,0,0.48116448122244604,48.12,Moderate
6530,20000,23,0,0,0.8934166666666666,0.05753194664676803,0,0.4810600985338507,48.11,Moderate
21895,30000,27,1,2,0.9938833333333333,0.08662988613687052,0,0.4810929138896453,48.11,Moderate
7154,150000,37,0,0,0.5818744444444445,0.01763648897146578,0,0.480898446323759,48.09,Moderate
23830,240000,50,0,0,0.9091645833333334,0.03208073345722607,0,0.48088708713155065,48.09,Moderate
2307,30000,26,1,2,0.13206666666666667,0.44476695271748273,0,0.4807951725182145,48.08,Moderate
27324,50000,44,1,2,0.8017166666666667,0.03783132029187369,0,0.4807369803846935,48.07,Moderate
778,20000,26,0,0,0.027,1.4265432098765432,0,0.480492057621758,48.05,Moderate
18134,280000,36,1,2,0.01497202380952381,0.6173021110801893,1,0.48047981983338434,48.05,Moderate
20963,290000,32,2,3,0.3209149425287356,0.35953237152394735,1,0.480210946816905,48.02,Moderate
21148,130000,42,1,1,-0.0004,0.0,1,0.4801378967712115,48.01,Moderate
14823,80000,35,0,0,0.004577083333333333,0.7496586253982703,1,0.47978909081849697,47.98,Moderate
15271,230000,42,0,0,0.0018695652173913043,1.0,1,0.47971374776662923,47.97,Moderate
2553,20000,31,0,0,0.74335,0.04526804331741441,1,0.47942889753590107,47.94,Moderate
7603,10000,47,0,0,0.36561666666666665,0.12654419473948125,1,0.4794476879837095,47.94,Moderate
29081,120000,54,1,1,0.002826388888888889,1.393120393120393,1,0.4790956258740992,47.91,Moderate
10076,160000,34,1,1,0.0009166666666666666,3.5568181818181817,1,0.47904511314174053,47.9,Moderate
18572,180000,27,0,0,0.0014666666666666667,1.0,0,0.4788579857074229,47.89,Moderate
2643,50000,25,1,3,0.5111666666666667,0.06959243560482556,0,0.4784992279900691,47.85,Moderate
18099,50000,41,4,2,0.82395,0.20187309100471307,0,0.47842668351447354,47.84,Moderate
20236,200000,54,1,2,0.01164,0.8388459335624284,0,0.47791114255132955,47.79,Moderate
21882,160000,26,0,0,0.0024375,1.0,0,0.4776970569344652,47.77,Moderate
1212,160000,26,0,0,0.0024375,1.0,0,0.4776970569344652,47.77,Moderate
17427,30000,39,1,2,0.9488444444444444,0.0468406014333224,0,0.4776120347358062,47.76,Moderate
17708,90000,33,1,2,0.9506314814814815,0.0412708121891686,0,0.4774659353466069,47.75,Moderate
8756,190000,39,1,1,-0.0016596491228070174,0.0,1,0.4775056171752874,47.75,Moderate
13312,150000,28,2,2,0.030744444444444446,0.6193350198771232,0,0.47696103883661656,47.7,Moderate
10593,80000,26,0,0,0.02613333333333333,0.08506058673469388,0,0.4769647462870845,47.7,Moderate
22089,90000,28,0,0,0.009444444444444445,1.5276470588235294,0,0.4769607587270713,47.7,Moderate
6412,350000,41,0,0,0.8061714285714285,0.03157192136849069,0,0.47687585743095534,47.69,Moderate
16892,120000,33,1,1,0.0008333333333333334,1.0,0,0.47675203492378215,47.68,Moderate
1663,90000,27,2,2,0.010494444444444445,2.293982706899594,0,0.4766586453183643,47.67,Moderate
28609,140000,38,1,2,0.6674357142857142,0.08026455196327094,0,0.47670750318271804,47.67,Moderate
4597,60000,30,0,0,0.0044,0.8333333333333334,1,0.4765726454840109,47.66,Moderate
15453,120000,27,1,2,0.6683819444444444,0.04426111982711149,0,0.4763525325297034,47.64,Moderate
25303,20000,21,1,2,0.9589166666666666,0.04364299991309638,0,0.47619132918578894,47.62,Moderate
27465,70000,50,0,0,0.7269476190476191,0.12273432945322582,0,0.47572449905763564,47.57,Moderate
14883,100000,50,1,1,0.09412833333333334,0.8422366627122545,0,0.4754642908293955,47.55,Moderate
16735,20000,40,0,0,0.5632416666666668,0.11766707600349169,0,0.4754429029757684,47.54,Moderate
4351,170000,34,0,0,0.0022117647058823527,1.0,1,0.47526247196768406,47.53,Moderate
16524,20000,24,0,0,0.9384,0.0545431940892299,0,0.4752822576429343,47.53,Moderate
9883,70000,47,2,2,0.45612619047619046,0.31024204872294114,0,0.47508273956995567,47.51,Moderate
8072,30000,33,0,0,1.0122444444444445,0.19693310794494084,0,0.47501282364887043,47.5,Moderate
24750,50000,44,1,2,0.7808833333333333,0.04542291848974452,0,0.4749887275329714,47.5,Moderate
442,100000,32,2,2,0.8851,0.039989831657439835,0,0.4748968394377661,47.49,Moderate
23563,150000,36,1,2,1.0030511111111111,0.0439359465453184,1,0.47462752244094975,47.46,Moderate
24177,110000,30,2,2,0.3848787878787879,0.27720258247382096,0,0.4742942113451445,47.43,Moderate
14422,320000,26,0,0,0.0009875,1.0,0,0.47433605044556904,47.43,Moderate
26419,150000,36,1,2,0.06191222222222223,0.8789684320094758,0,0.47396706956275136,47.4,Moderate
13209,30000,34,0,0,0.9431555555555556,0.056689128693275526,0,0.47395696024287265,47.4,Moderate
18189,50000,48,1,2,0.16968333333333332,0.16697770356546507,1,0.4739437754618331,47.39,Moderate
7858,250000,31,1,1,-0.0011826666666666667,0.0,0,0.4739157942984992,47.39,Moderate
26368,180000,48,0,0,0.003473148148148148,1.0634497467342041,1,0.4738805453592419,47.39,Moderate
5171,360000,34,1,1,-0.00010046296296296295,0.0,0,0.47366416620804747,47.37,Moderate
15337,220000,34,0,0,0.0034893939393939393,1.0303951367781155,0,0.47360619960636,47.36,Moderate
7411,20000,52,0,0,0.888,0.054035285285285284,0,0.4734489924734551,47.34,Moderate
12129,50000,46,0,0,0.68702,0.03095494551347365,1,0.47289889458466516,47.29,Moderate
5680,50000,52,0,0,0.0,0.0,0,0.47251161516380547,47.25,Moderate
10240,60000,24,1,2,0.9675083333333333,0.03655725043999047,0,0.47235159794574894,47.24,Moderate
8784,50000,34,1,2,0.34176,0.21986189138576778,0,0.47241061277248936,47.24,Moderate
18622,270000,26,1,1,0.003911111111111111,1.0,0,0.472302432987013,47.23,Moderate
712,30000,42,0,0,1.1073722222222222,0.04597470488192769,0,0.4721999568339954,47.22,Moderate
16941,180000,51,1,2,0.6708907407407407,0.04175764116804359,1,0.47184452843898234,47.18,Moderate
29481,20000,32,1,2,0.971575,0.07119024950895882,0,0.4717414362372205,47.17,Moderate
1376,30000,50,1,2,0.07735555555555555,0.5093363975869003,0,0.4715311178460873,47.15,Moderate
16509,20000,24,0,0,0.1847916666666667,0.20717023675310034,0,0.4713857137664311,47.14,Moderate
19547,30000,36,0,0,0.9200111111111111,0.048833951280781634,0,0.47137636154045737,47.14,Moderate
27265,310000,41,0,0,0.7544811827956989,0.16142118596058674,0,0.47139206377099013,47.14,Moderate
6792,20000,22,1,1,0.002,8.333333333333334,0,0.4707326246023402,47.07,Moderate
26436,160000,44,1,1,0.007039583333333333,1.0017756732761172,0,0.4704256255774944,47.04,Moderate
9889,160000,38,2,2,0.7050958333333333,0.04060470503418566,0,0.47015055350036616,47.02,Moderate
28797,30000,37,0,0,0.007333333333333333,0.8,1,0.4700547091824788,47.01,Moderate
16504,30000,25,0,0,0.27786666666666665,0.11396353166986564,0,0.469371934476333,46.94,Moderate
13620,80000,25,2,2,0.6381583333333333,0.039664921192494026,1,0.469423799190376,46.94,Moderate
22190,200000,29,0,0,0.8880475,0.03395182502437463,0,0.46895434528070484,46.9,Moderate
11603,10000,50,0,0,0.9334,0.06715591743446897,0,0.46863248908620564,46.86,Moderate
26790,50000,29,1,1,0.029766666666666663,1.3295632698768196,0,0.46846062030894475,46.85,Moderate
24097,20000,25,0,0,0.04114166666666667,1.3570994531091756,0,0.46845220824024136,46.85,Moderate
703,10000,22,0,0,0.4357666666666667,0.11611718809760575,1,0.4680489567318761,46.8,Moderate
12072,50000,26,1,2,0.2371,0.08941374947279629,0,0.46795033686541815,46.8,Moderate
7563,120000,27,1,2,0.2494625,0.09186417464214729,0,0.46779070001398526,46.78,Moderate
19136,30000,34,0,0,0.9477388888888889,0.03336596460581618,0,0.46770587035315847,46.77,Moderate
1353,130000,30,0,0,0.03896025641025641,0.08874921846720853,0,0.4677119866270088,46.77,Moderate
14562,60000,38,0,0,0.01693611111111111,0.47334754797441364,0,0.46759592657356647,46.76,Moderate
2093,20000,23,0,0,0.5729833333333333,0.0581168736728817,0,0.46749737978139677,46.75,Moderate
7543,80000,28,1,1,0.003120833333333333,1.5246995994659547,1,0.4669686456706606,46.7,Moderate
8172,230000,32,1,1,0.00010869565217391305,7.6,1,0.4665141083346699,46.65,Moderate
9237,240000,35,0,0,0.002927083333333333,0.0,0,0.46650450731299126,46.65,Moderate
5676,200000,28,1,1,0.004055,1.0,0,0.4663848084602222,46.64,Moderate
13652,140000,31,0,0,0.00533452380952381,0.884177638919884,0,0.46613590595643045,46.61,Moderate
29212,50000,22,0,0,0.64349,0.0976446150419328,0,0.46606736685456485,46.61,Moderate
11761,140000,27,1,1,-0.0034857142857142856,0.0,0,0.46591283399227895,46.59,Moderate
15574,260000,63,1,2,0.9877557692307692,0.036499472061439456,0,0.46551218356672003,46.55,Moderate
13703,60000,37,1,1,-0.0015722222222222223,0.0,0,0.46537495445061194,46.54,Moderate
10747,20000,47,0,0,0.165825,0.14598723553947435,0,0.46535887424558553,46.54,Moderate
12301,80000,28,0,0,0.0069125,1.0,0,0.4653403552041608,46.53,Moderate
2998,80000,37,1,2,0.1881375,0.43660443381392156,0,0.4651601052761626,46.52,Moderate
4905,30000,22,1,2,0.9275388888888889,0.04911444264091952,0,0.46487163088557937,46.49,Moderate
646,150000,39,1,1,0.5630333333333334,0.029956781718074716,0,0.4647925883547089,46.48,Moderate
132,240000,41,1,1,0.007832638888888889,0.7929781008954695,0,0.4648162560777399,46.48,Moderate
20552,50000,28,0,0,0.82084,0.03371343176908208,0,0.4646192962813772,46.46,Moderate
29569,50000,48,1,1,0.03858333333333334,0.4557235421166307,0,0.4643909472213331,46.44,Moderate
9623,20000,45,0,0,0.026758333333333332,0.48582995951417,0,0.4643356277385133,46.43,Moderate
9719,50000,31,2,2,0.9623366666666667,0.04559042053889664,1,0.46431519228906476,46.43,Moderate
20665,370000,39,2,2,0.9113234234234234,0.02962575958733413,1,0.4642481173541714,46.42,Moderate
2220,340000,41,2,2,0.02876274509803922,0.8033097007294294,1,0.46418681327283345,46.42,Moderate
13582,110000,29,0,0,0.0031,1.1544477028347997,0,0.46395830341616373,46.4,Moderate
23443,100000,43,0,0,0.6522566666666666,0.029298282373503272,0,0.4634590839154611,46.35,Moderate
3436,280000,40,1,1,-3.571428571428572e-05,0.0,0,0.46338587208054577,46.34,Moderate
12351,20000,21,0,0,0.3234416666666666,0.03864684512920929,0,0.4633949028006763,46.34,Moderate
28453,50000,37,1,2,0.69996,0.11617330514124617,0,0.4632910911963933,46.33,Moderate
23657,160000,41,2,2,0.630021875,0.04148334796576177,0,0.4632104909776908,46.32,Moderate
9000,280000,35,2,2,0.003067261904761905,1.0302736270133903,0,0.4626809360073928,46.27,Moderate
266,150000,25,0,0,0.007893333333333334,0.17792792792792791,0,0.46248279707839696,46.25,Moderate
1047,220000,30,1,2,0.7918090909090909,0.03364753518027379,1,0.4621430466955628,46.21,Moderate
74,290000,37,1,1,0.0031689655172413792,1.0,0,0.46212577776977637,46.21,Moderate
15618,200000,26,0,0,0.0,0.0,0,0.46197136610417516,46.2,Moderate
11755,160000,27,1,1,0.012925,0.5,0,0.461851598345814,46.19,Moderate
19454,160000,35,1,1,0.0,0.0,1,0.4619190142174007,46.19,Moderate
478,70000,37,1,2,0.9061857142857143,0.03924087882752931,0,0.461840419748422,46.18,Moderate
1148,360000,33,2,2,0.1166375,0.19817255901276906,0,0.46148385110717677,46.15,Moderate
17627,130000,29,1,2,0.7066320512820513,0.04880500314783199,0,0.4614325630962346,46.14,Moderate
3320,210000,27,1,2,0.018166666666666668,0.28990825688073396,0,0.46131160024887624,46.13,Moderate
16345,20000,43,1,2,0.9683666666666666,0.05598774568861657,0,0.4613184532103318,46.13,Moderate
7454,30000,43,0,0,0.0065,0.6666666666666666,0,0.46123886510570344,46.12,Moderate
12985,360000,51,0,0,0.902837037037037,0.03617352296874872,0,0.46121590771902893,46.12,Moderate
16955,20000,50,0,0,0.39091666666666663,0.4942229801748028,0,0.46111398463585496,46.11,Moderate
12526,327680,42,0,0,0.9106694539388022,0.03189590990863186,1,0.460956946909792,46.1,Moderate
27946,160000,27,0,0,0.003846875,1.5174654752233956,0,0.46071228453291574,46.07,Moderate
29690,200000,36,0,0,0.00198,1.0,0,0.4606467659735504,46.06,Moderate
20358,130000,27,0,0,0.008401282051282051,1.4983976804517014,1,0.4602977658802699,46.03,Moderate
1967,90000,29,3,1,0.47630370370370373,0.21979440444161055,0,0.4601675436932364,46.02,Moderate
24140,100000,29,0,0,0.0069366666666666665,1.114848630466122,1,0.46006534889227546,46.01,Moderate
6836,190000,31,2,3,0.023805263157894736,1.4637777286461788,0,0.4600816805191195,46.01,Moderate
1050,100000,49,1,2,0.2532666666666667,0.037266385891023955,0,0.45989238264833177,45.99,Moderate
15067,420000,39,0,0,0.8696214285714285,0.03618478392805481,0,0.4599476760604264,45.99,Moderate
9780,150000,25,0,0,0.7240688888888889,0.12635538055003975,0,0.4599384814162349,45.99,Moderate
18367,20000,23,0,0,0.03345833333333333,0.9419676214196762,0,0.4596676236795714,45.97,Moderate
28233,340000,39,0,0,0.8662617647058823,0.03651649469718319,0,0.4590605105297314,45.91,Moderate
8731,30000,22,1,2,0.7579166666666667,0.0711892981491662,0,0.45895186172274693,45.9,Moderate
2713,60000,39,1,2,0.8863361111111111,0.05954600869371727,0,0.4589468202521985,45.89,Moderate
28690,170000,31,2,2,0.07143921568627451,0.36899599275402095,0,0.4586778643107664,45.87,Moderate
12215,10000,46,0,0,0.5643333333333334,0.06940342587123449,0,0.4585524266116308,45.86,Moderate
6899,130000,39,1,2,1.0091089743589743,0.03897701069107679,0,0.45841977580670784,45.84,Moderate
9211,120000,31,2,2,0.7289097222222223,0.14614673742175815,1,0.4583732195164893,45.84,Moderate
27507,170000,51,0,0,1.01235,0.03258289535995165,1,0.45768457944512925,45.77,Moderate
3947,150000,35,0,0,0.00501888888888889,0.9408899712198362,0,0.45760575402238807,45.76,Moderate
23922,50000,23,0,0,0.01444,0.0,0,0.4574134917126198,45.74,Moderate
4555,160000,48,2,2,0.047184375,0.0,1,0.45730855417772676,45.73,Moderate
20025,90000,44,0,0,0.016366666666666668,4.750396017198462,0,0.4569671669304579,45.7,Moderate
13413,100000,28,0,0,0.007723333333333334,1.0,1,0.45660765634457817,45.66,Moderate
7139,50000,22,0,0,0.6638566666666668,0.050553081237415705,0,0.4564994953917664,45.65,Moderate
6760,180000,29,2,2,0.641575,0.04459511531950452,0,0.4563942102894518,45.64,Moderate
10863,50000,42,1,1,-2.6666666666666667e-05,0.0,0,0.45634203526575723,45.63,Moderate
5361,20000,26,0,0,0.8210666666666666,0.06556511854498213,0,0.4562825259862463,45.63,Moderate
23304,50000,25,0,0,0.7598533333333333,0.03974451209882609,0,0.4561194853562945,45.61,Moderate
3116,200000,46,2,2,0.03103,0.6412611451283704,0,0.4559726549326452,45.6,Moderate
3758,180000,27,1,1,-0.0011111111111111111,0.0,1,0.45553020369832525,45.55,Moderate
7255,60000,43,0,0,1.0241027777777778,0.03880090160221549,0,0.45545324194544873,45.55,Moderate
22937,360000,44,2,2,0.13336620370370372,0.033696553974541,0,0.4551848816456949,45.52,Moderate
17808,100000,23,0,0,0.00291,1.0,0,0.45491634349237403,45.49,Moderate
29143,80000,52,0,0,0.8167645833333333,0.023476777019081897,0,0.45479942161367404,45.48,Moderate
6273,70000,26,0,0,0.6863523809523809,0.029652961827188587,0,0.4548169810862967,45.48,Moderate
19429,200000,28,2,2,0.008611666666666667,0.5910586413779756,0,0.45483438256596725,45.48,Moderate
6152,50000,48,0,0,0.9578866666666667,0.1452885866804006,0,0.45466964974477314,45.47,Moderate
9219,500000,47,0,0,0.000792,1.0,1,0.4546337784708846,45.46,Moderate
8184,160000,48,1,2,0.925659375,0.04015831057365639,0,0.45460531497541135,45.46,Moderate
18284,190000,54,0,0,0.9780043859649123,0.03513061416687221,0,0.45424523905355824,45.42,Moderate
22043,150000,25,1,1,0.010266666666666667,1.0,0,0.45418872982991976,45.42,Moderate
25993,360000,38,0,0,0.002566203703703704,1.003066931264658,0,0.45394519323061094,45.39,Moderate
2504,260000,30,0,0,0.0015346153846153847,1.0,1,0.45377134652586915,45.38,Moderate
2946,260000,48,0,0,0.8645519230769231,0.03125970841572743,0,0.45342911722389334,45.34,Moderate
26549,90000,53,0,0,0.01069814814814815,1.0,0,0.45328673393467994,45.33,Moderate
3332,120000,40,0,0,0.012888888888888889,0.10775862068965517,0,0.4532090293338667,45.32,Moderate
18124,60000,35,1,2,0.614575,0.04466953224224509,0,0.4531430850311591,45.31,Moderate
1447,210000,37,1,1,0.0017253968253968252,1.0,1,0.4529819443403516,45.3,Moderate
28951,280000,33,4,2,0.3029267857142857,0.046817064472202734,1,0.45304351337580745,45.3,Moderate
8690,230000,26,0,0,0.0027108695652173914,0.2699812884255547,1,0.4530424395880612,45.3,Moderate
18385,30000,22,1,2,0.8674944444444445,0.05272528162204049,0,0.45284725896010436,45.28,Moderate
28814,160000,38,0,0,0.006828125,0.0,0,0.45272368407586405,45.27,Moderate
7247,180000,25,0,0,0.0,0.0,0,0.45257618156970664,45.26,Moderate
5730,110000,27,1,2,0.2652818181818182,0.08395874027620712,0,0.4522295009651996,45.22,Moderate
6492,300000,38,3,2,0.6056694444444445,0.041597681170055176,0,0.4520095083252318,45.2,Moderate
24027,110000,26,1,2,0.1126969696969697,0.06110513578919064,0,0.4519485026677712,45.19,Moderate
5678,50000,55,0,0,0.66903,0.10811672620560114,0,0.4513923857541343,45.14,Moderate
142,180000,28,0,0,0.0035444444444444442,1.457680250783699,0,0.4513491982377231,45.13,Moderate
2055,50000,55,0,0,0.69444,0.031704202906898606,0,0.45132160351113737,45.13,Moderate
3865,30000,23,0,0,0.7218055555555556,0.04990571483548201,0,0.4513092493874904,45.13,Moderate
13867,30000,36,0,0,0.027766666666666665,0.6838735494197679,0,0.45089748172909194,45.09,Moderate
16762,50000,45,0,0,0.7316833333333332,0.07910070385640418,0,0.4508220647286075,45.08,Moderate
3405,80000,30,1,2,0.6005104166666667,0.06487536644174227,0,0.4507968442239143,45.08,Moderate
4921,30000,26,1,2,0.8877277777777778,0.058876907961024086,0,0.45041455447999995,45.04,Moderate
14976,50000,28,0,0,0.01515,0.0,1,0.4503559412435247,45.04,Moderate
2564,20000,32,0,0,0.8623166666666666,0.07151278532634957,0,0.4503091649054512,45.03,Moderate
8433,150000,27,1,2,0.9346555555555556,0.07572605475576268,0,0.45015159172767044,45.02,Moderate
7439,30000,43,0,0,0.9261,0.04531548068963035,0,0.450053566256046,45.01,Moderate
11589,280000,30,0,0,0.002919642857142857,0.8672782874617737,0,0.45008848832399895,45.01,Moderate
2254,10000,48,0,0,0.7625166666666667,0.056479639789294225,0,0.44942042743039945,44.94,Moderate
6762,230000,29,1,2,0.001346376811594203,3.329924650161464,0,0.4494275384370798,44.94,Moderate
6790,50000,45,0,0,0.3296233333333334,0.03686025463407728,0,0.4491571653996914,44.92,Moderate
655,10000,33,0,0,0.8251166666666666,0.16452218878138444,0,0.44884933858951476,44.88,Moderate
17111,20000,27,0,0,0.8824666666666666,0.0597850721462567,0,0.4485249642026772,44.85,Moderate
7799,40000,25,1,2,0.9600166666666666,0.04328483880488186,0,0.448437781087399,44.84,Moderate
28314,120000,34,0,0,0.005673611111111111,1.0,0,0.4483770413680879,44.84,Moderate
4569,30000,23,0,0,0.9091944444444444,0.0733249824325563,0,0.4483935063066798,44.84,Moderate
13251,180000,28,1,2,0.01228611111111111,0.8843168286984702,0,0.44838705551114383,44.84,Moderate
29851,50000,46,0,0,1.1377033333333333,0.0354398188162702,0,0.4482184520541343,44.82,Moderate
18345,20000,21,0,0,0.17018333333333333,0.5160611105670355,0,0.44823548658580176,44.82,Moderate
19383,120000,48,0,0,0.006955555555555555,0.625,0,0.4476671044527447,44.77,Moderate
14946,40000,24,1,2,1.0030833333333333,0.04195397524300075,1,0.44726961794170744,44.73,Moderate
27596,50000,38,0,0,0.1713333333333333,0.0,1,0.4472704406722882,44.73,Moderate
4923,230000,30,0,0,0.0033442028985507244,0.7971830985915493,0,0.4471975554086561,44.72,Moderate
18587,80000,27,0,0,0.006,0.8645833333333334,0,0.44699407236480765,44.7,Moderate
18854,80000,26,1,2,0.9333625,0.04486466940765244,0,0.44673867865338424,44.67,Moderate
17243,120000,36,1,2,0.03737638888888889,0.8087770800044591,0,0.44623071076252935,44.62,Moderate
17532,180000,35,0,0,0.0024879629629629627,1.187569780424265,0,0.44609438774789567,44.61,Moderate
7852,260000,51,0,0,0.0047448717948717955,0.9119156984598757,0,0.4461464797974214,44.61,Moderate
25182,10000,22,0,0,0.6816333333333333,0.24979216587608197,0,0.4454797639787719,44.55,Moderate
10450,300000,41,1,1,0.004157777777777778,0.9478888295029396,0,0.4452533943076833,44.53,Moderate
25906,30000,35,0,0,0.8690111111111111,0.060432675710577796,0,0.4453037099470234,44.53,Moderate
20824,70000,38,0,0,0.7620357142857143,0.033691084344878226,1,0.44521190942627775,44.52,Moderate
22308,300000,27,0,0,0.002788888888888889,1.0,0,0.4451725101774182,44.52,Moderate
28485,40000,44,0,0,0.38062916666666663,0.06087508620595286,0,0.44508411214853577,44.51,Moderate
20329,50000,55,0,0,0.003666666666666667,0.0,0,0.44468545185961117,44.47,Moderate
28505,50000,46,0,0,0.01543,1.6956146035860877,0,0.44458273380686714,44.46,Moderate
1831,20000,38,0,0,0.343875,0.0620380467708712,1,0.44428313379829715,44.43,Moderate
23323,80000,44,1,2,0.46531875,0.05327889036637072,1,0.4443033396790157,44.43,Moderate
9744,10000,24,0,0,0.7892166666666667,0.229362447996959,0,0.4439519257573161,44.4,Moderate
24319,210000,39,0,0,0.002472222222222222,1.8584269662921349,0,0.4438823874424129,44.39,Moderate
2808,180000,26,1,1,0.007266666666666667,1.0,0,0.4439323588016296,44.39,Moderate
20772,20000,44,0,0,0.3128666666666666,0.09801832516513957,0,0.44374751033801146,44.37,Moderate
27239,80000,42,1,2,0.24191041666666666,0.185571449486294,0,0.44345285475231416,44.35,Moderate
7285,110000,24,3,2,0.4422878787878788,0.2732554554485972,0,0.4434189904195728,44.34,Moderate
8727,80000,22,0,0,0.012402083333333333,1.0592978330253653,0,0.4432146266090133,44.32,Moderate
16657,360000,34,1,1,0.0009444444444444445,1.0,0,0.44307926219524546,44.31,Moderate
6060,350000,36,0,0,1.0076657142857144,0.03741839933689271,0,0.4429294700155246,44.29,Moderate
2805,120000,30,0,0,0.006877777777777778,0.8614701130856219,0,0.442766665996996,44.28,Moderate
21487,90000,27,1,2,0.5625592592592593,0.05281089728818692,0,0.44276657311946555,44.28,Moderate
9427,180000,30,2,2,0.7832916666666667,0.038098953254014696,0,0.4421436731040023,44.21,Moderate
17893,60000,29,1,2,0.02637222222222222,0.6122814409100484,0,0.44177980978762643,44.18,Moderate
21912,130000,24,1,2,0.0661423076923077,0.17489484600027136,0,0.44180354332034144,44.18,Moderate
17006,150000,24,2,2,0.0016666666666666668,1.1666666666666667,0,0.44170053467157167,44.17,Moderate
25200,30000,24,1,1,0.06717777777777778,1.0176149520344029,0,0.44171801233347935,44.17,Moderate
18910,210000,29,0,0,0.003195238095238095,1.0009935419771485,0,0.4415430805189827,44.15,Moderate
27199,30000,35,2,2,0.7853666666666667,0.23578512513617136,1,0.4415096977755906,44.15,Moderate
25698,140000,39,0,0,0.008048809523809524,0.9723413696198787,0,0.44107826101799047,44.11,Moderate
20238,20000,52,0,0,0.9549916666666666,0.057286712798541,0,0.4409021112323153,44.09,Moderate
4306,100000,36,0,0,0.003133333333333333,0.1595744680851064,0,0.4407731413788767,44.08,Moderate
18660,50000,22,1,2,0.54106,0.04962481055705467,0,0.44069098826279285,44.07,Moderate
16057,50000,35,0,0,0.028926666666666666,0.466697395713298,0,0.4404088105797317,44.04,Moderate
12681,200000,26,0,0,0.007948333333333333,0.5793667435521074,0,0.43979519351618507,43.98,Moderate
20427,30000,24,0,0,0.8956777777777777,0.077092456364516,0,0.4397061166891349,43.97,Moderate
4155,10000,34,0,0,0.5777333333333333,0.09998846065081929,0,0.43955417223091225,43.96,Moderate
9635,240000,34,0,0,0.0034513888888888893,0.0,0,0.4396369560151481,43.96,Moderate
1089,30000,35,0,0,0.8795222222222223,0.05653321879303157,0,0.43950941755017786,43.95,Moderate
20019,520000,42,0,0,0.7152727564102563,0.03352226669851155,0,0.43939597933778096,43.94,Moderate
21417,180000,27,1,2,0.04092777777777778,0.15811501742002623,0,0.4391930515620064,43.92,Moderate
23305,50000,37,0,0,0.85608,0.026126841728187397,0,0.43918405806194194,43.92,Moderate
7567,50000,37,1,2,0.6768233333333333,0.0703974941762252,0,0.43913507083442416,43.91,Moderate
10644,360000,38,3,2,0.06271203703703704,0.1411212331497586,0,0.4388828547961583,43.89,Moderate
23273,130000,49,1,1,0.0,0.0,0,0.4385112537129831,43.85,Moderate
17682,300000,47,0,0,0.0018611111111111113,1.0695522388059702,1,0.438454506804214,43.85,Moderate
11791,50000,41,0,0,0.5902733333333333,0.037925932618786774,0,0.4382530087550635,43.83,Moderate
4256,50000,30,0,0,0.75327,0.041698195866024135,0,0.43814910392638706,43.81,Moderate
6909,90000,31,2,2,0.15106296296296295,0.7176183587907912,0,0.438083203512593,43.81,Moderate
24926,50000,47,0,0,0.78514,0.031705598152346505,0,0.4380657213743264,43.81,Moderate
7421,280000,31,1,1,0.0033398809523809522,1.955266440919622,0,0.4379813914740594,43.8,Moderate
15890,70000,27,1,2,0.7363547619047619,0.045086963129185274,0,0.4379710954710484,43.8,Moderate
5814,150000,44,0,0,0.007635555555555555,0.7005238649592549,0,0.4379476824900554,43.79,Moderate
11946,230000,28,0,0,0.002971014492753623,1.3175609756097562,0,0.437791402947664,43.78,Moderate
2498,210000,45,0,0,0.0031301587301587304,3.1052231237322516,0,0.4375442196803657,43.75,Moderate
4049,150000,39,3,2,0.5696733333333334,0.054108982535800244,1,0.43746866760175684,43.75,Moderate
3927,20000,24,0,0,0.9175083333333334,0.05217028001562202,0,0.4371457595369472,43.71,Moderate
17731,360000,54,1,1,0.005602314814814814,0.7867944797950582,0,0.43699340171986467,43.7,Moderate
3531,100000,24,0,0,0.0030833333333333333,0.7783783783783784,0,0.4369008079066792,43.69,Moderate
25525,50000,34,0,0,0.04118,0.2590254168690303,0,0.4369000749603772,43.69,Moderate
21019,10000,46,0,0,0.9253,0.06723945387081667,0,0.4364068614979896,43.64,Moderate
19574,80000,46,1,2,0.8598375,0.03780995440029851,0,0.4362653973267064,43.63,Moderate
12596,30000,38,0,0,0.5319555555555555,0.05583173197426686,0,0.43587664582591457,43.59,Moderate
7207,450000,41,1,2,0.005183333333333333,0.7060378706680958,0,0.4356944363991064,43.57,Moderate
20482,20000,26,1,2,0.6446,0.2939807632640397,0,0.43574557330499347,43.57,Moderate
10272,60000,29,0,0,0.7129277777777777,0.04130073951701513,0,0.43570844247951934,43.57,Moderate
15898,200000,27,2,2,0.053305,0.7177563080386455,0,0.43561077603161275,43.56,Moderate
6804,50000,27,0,0,0.17339666666666667,0.019223745170034025,0,0.43545494151791386,43.55,Moderate
7593,30000,22,0,0,0.9134277777777777,0.1002207800896501,0,0.4355294323236215,43.55,Moderate
13657,200000,43,1,2,0.7397275,0.05148292220220734,0,0.43543246066079083,43.54,Moderate
8255,30000,22,1,2,0.45855,0.30218442190964273,0,0.435374751958811,43.54,Moderate
17075,200000,25,1,2,0.7426416666666668,0.10005947237900738,0,0.435324498141793,43.53,Moderate
23955,20000,24,0,0,0.6593083333333333,0.084280243184145,0,0.4350195713536735,43.5,Moderate
11649,50000,47,1,2,0.5357066666666667,0.04092413758773458,0,0.43474864946037417,43.47,Moderate
24867,150000,36,1,1,-0.0012377777777777777,0.0,0,0.43463330680475876,43.46,Moderate
2908,500000,38,0,0,0.3416596666666667,0.04564776449078469,1,0.434648150797179,43.46,Moderate
8293,170000,35,0,0,0.002311764705882353,1.0178117048346056,1,0.4345281139456636,43.45,Moderate
6014,30000,21,0,0,0.96005,0.05081332569484228,0,0.43439465274480066,43.44,Moderate
29254,50000,25,0,0,0.80478,0.038602682306551686,0,0.4342436971607762,43.42,Moderate
10973,50000,22,0,0,0.5786533333333334,0.051395193437636814,0,0.43409866253000484,43.41,Moderate
16322,180000,44,1,2,0.024499074074074072,0.9101250992100987,0,0.43391082836334544,43.39,Moderate
5023,230000,26,1,2,0.004684057971014492,1.1313428217821782,0,0.4338628015864316,43.39,Moderate
13923,40000,24,1,2,0.924725,0.042954211612461365,1,0.4338256084469244,43.38,Moderate
19917,30000,49,0,0,0.02896666666666667,0.5822784810126582,0,0.43371234773386524,43.37,Moderate
16437,50000,52,1,2,0.3254666666666667,0.06414379352724293,0,0.433654845068892,43.37,Moderate
13493,20000,58,0,0,0.9011416666666666,0.03815530299527451,0,0.4334095823404562,43.34,Moderate
14604,150000,31,0,0,0.7883722222222221,0.03119085034564891,0,0.43328959022901936,43.33,Moderate
9275,50000,38,0,0,0.14319666666666667,0.023278009264647688,0,0.4331734745418017,43.32,Moderate
4058,10000,24,0,0,0.7397833333333333,0.07601324712190506,0,0.4331577863357942,43.32,Moderate
20832,80000,42,0,0,0.0047708333333333335,0.9344978165938864,0,0.43295324810066554,43.3,Moderate
13327,50000,27,0,0,0.6668933333333333,0.03320371073834896,1,0.43265051853489883,43.27,Moderate
16703,30000,47,0,0,2.1644055555555557,0.11502003372750537,0,0.4326628807053523,43.27,Moderate
17418,150000,33,1,2,0.9884333333333334,0.04309963016670601,0,0.4324531859499318,43.25,Moderate
25172,50000,22,0,0,0.14983666666666667,0.0849369313252208,0,0.4324248920497007,43.24,Moderate
7236,20000,53,0,0,0.5416083333333334,0.07413106026802886,0,0.4321018981162545,43.21,Moderate
20000,240000,37,1,2,0.012853472222222223,0.8283537738397536,0,0.4319839839003537,43.2,Moderate
19782,240000,40,0,0,0.0016194444444444446,1.0677530017152659,0,0.43181321528180483,43.18,Moderate
20751,230000,36,0,0,0.0032543478260869565,0.922957025161434,0,0.4315154113274888,43.15,Moderate
6228,30000,47,0,0,0.8464611111111111,0.07068645274771435,0,0.4312592655145233,43.13,Moderate
1795,120000,37,0,0,0.007633333333333333,1.0,1,0.4311811570575505,43.12,Moderate
19932,50000,49,1,2,0.84785,0.042692300131705684,1,0.43103728789819445,43.1,Moderate
25902,240000,36,0,0,0.9123291666666666,0.03240256547268362,0,0.43085601971291027,43.09,Moderate
6437,50000,26,0,0,0.77117,0.043224364709899675,0,0.4306505528045603,43.07,Moderate
11786,20000,44,0,0,0.058775,3.008223451013753,0,0.43074530895133734,43.07,Moderate
28740,240000,30,0,0,0.0020826388888888886,1.0,0,0.43068714082753484,43.07,Moderate
18353,80000,23,0,0,0.005941666666666666,2.5392706872370265,0,0.4304013448723697,43.04,Moderate
18699,160000,27,1,1,0.0010208333333333334,1.0,0,0.43016638839681104,43.02,Moderate
16686,50000,36,2,2,0.4901466666666666,0.04760479856369522,0,0.43023863358415343,43.02,Moderate
5193,330000,41,0,0,0.0020818181818181816,0.0,0,0.4300124985602725,43.0,Moderate
27871,140000,27,0,0,0.004219047619047619,1.0,0,0.42976808023785973,42.98,Moderate
9564,300000,33,0,0,0.005815555555555556,0.9553878486816966,0,0.42980637173882,42.98,Moderate
19604,360000,48,0,0,0.0011574074074074076,0.0,1,0.42971253568567325,42.97,Moderate
578,80000,31,1,2,0.1150625,0.5455006337135615,0,0.4294821794822286,42.95,Moderate
4270,30000,39,0,0,0.9548777777777777,0.11930555393942215,1,0.4290428080670686,42.9,Moderate
4656,100000,46,1,2,0.45922833333333335,0.05988306470637337,0,0.4288914875439654,42.89,Moderate
1566,50000,29,0,0,0.06159666666666667,0.2806428919313816,0,0.4287968405416437,42.88,Moderate
8841,120000,31,0,0,0.011080555555555557,0.7518174981198296,0,0.42867497464119725,42.87,Moderate
14169,30000,23,0,0,0.9655333333333334,0.04329788947961979,0,0.428541710373558,42.85,Moderate
27093,50000,36,0,0,0.09721,0.43020265404793745,0,0.42832905815983585,42.83,Moderate
23867,180000,28,1,2,0.88525,0.05377221333165982,0,0.4282742892444454,42.83,Moderate
6859,30000,48,0,0,0.9436166666666667,0.07644935855543977,0,0.4279050889301673,42.79,Moderate
4039,50000,58,0,0,0.11598,0.1332701040409266,0,0.42778690703962147,42.78,Moderate
7347,170000,40,0,0,0.005019607843137255,0.9111328125,0,0.4274793948397119,42.75,Moderate
26407,280000,30,2,2,0.09965059523809525,1.2789747510647322,0,0.42748731970597104,42.75,Moderate
25599,50000,43,0,0,0.6431633333333333,0.030059756723279207,0,0.42732918168660555,42.73,Moderate
4901,320000,28,1,1,0.0040296875,1.060747059583818,1,0.42734869817223947,42.73,Moderate
2832,110000,42,0,0,0.007281818181818182,1.0,0,0.42707958582986016,42.71,Moderate
1303,50000,30,1,2,0.7668,0.046948356807511735,0,0.4270894950666325,42.71,Moderate
27517,20000,55,0,0,0.979975,0.05586026854426558,0,0.4268106977463454,42.68,Moderate
29277,50000,26,0,0,0.7726,0.03693588747950643,0,0.42678930160536843,42.68,Moderate
12970,50000,34,1,2,0.7510633333333333,0.043107771648196555,0,0.4268267380515062,42.68,Moderate
9092,240000,50,0,0,0.8683972222222223,0.035221336881803324,0,0.42651360305620867,42.65,Moderate
4166,50000,51,3,6,0.48669666666666667,0.23971125067632817,1,0.4262804918284212,42.63,Moderate
14960,20000,28,0,0,0.6063166666666667,0.061395310481321644,0,0.42614208525266195,42.61,Moderate
9911,60000,30,0,0,0.8139694444444444,0.035668824587327536,0,0.42614353338235644,42.61,Moderate
8758,160000,41,0,0,0.006835416666666667,0.6836330387077111,0,0.4257302204240369,42.57,Moderate
13861,150000,32,2,2,0.24022666666666667,0.04408799097148989,0,0.4255733868440457,42.56,Moderate
26918,490000,41,2,2,0.4403557823129252,0.03707577206433264,0,0.4255763689273482,42.56,Moderate
26518,80000,48,0,0,0.020902083333333335,0.880594039669092,1,0.42551970727118654,42.55,Moderate
29531,100000,38,0,0,0.008305,0.3913305237808549,0,0.4251185600659388,42.51,Moderate
23659,180000,36,2,2,0.05710648148148148,0.18714227807053102,0,0.4249996173577294,42.5,Moderate
3085,210000,45,0,0,0.0020476190476190477,5.018604651162791,0,0.42489409722051136,42.49,Moderate
24621,50000,32,0,0,0.2652233333333333,0.06692473010167532,0,0.424628280721432,42.46,Moderate
3488,70000,27,0,0,0.0034333333333333334,1.1386962552011095,0,0.42455855762061845,42.46,Moderate
14031,50000,31,1,2,0.9281733333333333,0.03710513840805597,1,0.4242594621104465,42.43,Moderate
5767,90000,26,0,0,0.1865648148148148,0.061055139212864165,0,0.42420396450010306,42.42,Moderate
4352,60000,25,1,2,0.6251666666666666,0.04505465209277526,1,0.4242339706430627,42.42,Moderate
8481,140000,30,0,0,0.04808214285714286,0.12275619599395875,0,0.42396953914588,42.4,Moderate
11013,20000,45,2,1,0.3599,0.822242289524868,0,0.4240272568374822,42.4,Moderate
7655,30000,24,0,0,0.939038888888889,0.048217148739550485,0,0.4240326048071134,42.4,Moderate
14691,50000,37,0,0,0.6692666666666667,0.039844606036457814,1,0.423934865816225,42.39,Moderate
27024,10000,41,0,0,0.673,0.29583952451708767,0,0.42392904380827306,42.39,Moderate
23986,50000,37,0,0,0.36507666666666666,0.05787825388274609,1,0.42381105558882304,42.38,Moderate
12322,200000,26,2,2,0.55379,0.041077544436218305,0,0.4237450197065241,42.37,Moderate
12644,50000,27,0,0,0.0,0.0,0,0.4237238972969698,42.37,Moderate
25117,150000,54,0,0,0.002908888888888889,1.576394194041253,1,0.42359559327704577,42.36,Moderate
5466,80000,34,1,1,0.010416666666666668,1.48,0,0.423527719387741,42.35,Moderate
16430,90000,50,1,2,0.26485925925925924,0.16525897751426333,0,0.42347304257893226,42.35,Moderate
13955,60000,46,1,2,0.37856944444444446,0.09905712294089591,0,0.42343329960303994,42.34,Moderate
27690,30000,25,0,0,0.3696111111111111,0.07362092289192845,0,0.42330284774279825,42.33,Moderate
6858,180000,33,0,0,0.01126111111111111,0.41835224469659593,1,0.4233483167861717,42.33,Moderate
16576,20000,24,0,0,0.9062583333333334,0.07309358074868277,0,0.4232518747052611,42.33,Moderate
5876,340000,33,0,0,0.9311387254901962,0.03376531897744855,1,0.42279775923934065,42.28,Moderate
14305,60000,41,0,0,0.6845777777777777,0.12063802506005324,0,0.42260045355401327,42.26,Moderate
14168,100000,28,0,0,0.010895,0.9150986691142726,1,0.4226332988229478,42.26,Moderate
8818,60000,24,0,0,0.024858333333333333,1.3081908593138898,1,0.42254534023911733,42.25,Moderate
26221,210000,40,0,0,0.0019492063492063492,1.2890879478827362,0,0.42224957821955383,42.22,Moderate
5379,150000,26,0,0,0.7126544444444445,0.03424442888792917,0,0.42211544360285713,42.21,Moderate
9285,20000,24,0,0,0.8393083333333334,0.05674315160300644,0,0.42203080017972805,42.2,Moderate
2536,20000,46,0,0,0.6657,0.06947573982274298,0,0.42196772758095186,42.2,Moderate
1500,20000,27,2,2,0.285875,0.8841568284506631,0,0.42184108853533414,42.18,Moderate
13130,10000,53,0,0,0.8271166666666666,0.23583936163781813,0,0.4213472033039375,42.13,Moderate
24632,170000,42,0,0,0.008465686274509804,1.063346844238564,0,0.4213308997060561,42.13,Moderate
6718,140000,27,1,2,0.09643452380952382,0.29705573730016666,1,0.42133385754458924,42.13,Moderate
28903,60000,38,1,2,0.5488916666666667,0.09057646469400459,0,0.42100278433302535,42.1,Moderate
14445,490000,28,0,0,0.8290115646258504,0.03470734347189958,0,0.4205283275945657,42.05,Moderate
20330,80000,60,0,0,0.00641875,0.9282700421940928,0,0.42049359352419924,42.05,Moderate
26680,40000,26,1,1,0.0256625,0.9100503328462413,0,0.42050731929491647,42.05,Moderate
18782,200000,30,4,2,0.1370625,0.7603343973248214,0,0.42032980842850004,42.03,Moderate
15837,50000,27,0,0,0.86603,0.03884007097521641,0,0.42023239079925373,42.02,Moderate
13100,80000,26,0,0,0.6817083333333332,0.03636697023409327,0,0.4200159168555633,42.0,Moderate
3634,420000,25,2,2,0.14570555555555556,0.08472185152705228,1,0.41977718590274443,41.98,Moderate
17601,80000,31,2,2,0.69489375,0.04796896408024008,0,0.4196002705931106,41.96,Moderate
21248,350000,35,2,2,0.022837142857142858,0.3273072271570958,0,0.4194984300147859,41.95,Moderate
8562,80000,38,1,2,0.5270583333333333,0.06930368238809746,0,0.4191277865492083,41.91,Moderate
15926,30000,31,0,0,0.0,0.0,0,0.41909737763443816,41.91,Moderate
18291,30000,28,1,2,0.6352555555555556,0.08500515977821699,0,0.4191350641886527,41.91,Moderate
7922,20000,24,0,0,0.608225,0.08220642032142711,1,0.4189107107089178,41.89,Moderate
16583,180000,26,0,0,0.007885185185185184,0.0,1,0.41869003358573464,41.87,Moderate
7170,20000,51,0,0,0.08666666666666667,0.0,1,0.4186136576581577,41.86,Moderate
20636,20000,30,0,0,3.759125,0.04362495704895864,0,0.41828259085541697,41.83,Moderate
19937,240000,36,2,2,0.8105902777777777,0.046071535660741056,0,0.41830278228768314,41.83,Moderate
2728,200000,27,1,2,0.12603916666666667,0.04791499996694149,0,0.4181256707609914,41.81,Moderate
5750,160000,30,1,2,0.013645833333333334,0.4848091603053435,0,0.418123963428333,41.81,Moderate
19997,60000,37,0,0,0.791475,0.039209492824578585,1,0.4180245045757212,41.8,Moderate
15860,260000,29,1,1,0.03341538461538462,1.1543508287292819,0,0.41782145140806687,41.78,Moderate
10659,50000,43,0,0,-0.0006033333333333333,0.0,0,0.417842537468303,41.78,Moderate
12762,50000,35,0,0,0.40950666666666663,0.030125679679614496,1,0.4177491804013282,41.77,Moderate
29527,60000,46,0,0,0.5974694444444444,0.03885368382390545,0,0.41761314824799617,41.76,Moderate
27744,10000,24,0,0,0.79585,0.1884777282151159,0,0.4176249583400273,41.76,Moderate
8318,60000,37,0,0,0.6403055555555556,0.036970196520758315,0,0.41746364836646627,41.75,Moderate
18118,200000,42,1,2,0.6941866666666667,0.042283295559311616,0,0.41754229493650313,41.75,Moderate
4624,50000,41,0,0,0.98938,0.031043010100601724,0,0.4169606097202702,41.7,Moderate
22506,310000,33,0,0,0.0016516129032258064,0.2451171875,1,0.4168096628874287,41.68,Moderate
9996,140000,31,1,1,0.00028690476190476187,6.8879668049792535,0,0.41678467719284756,41.68,Moderate
21677,50000,23,1,2,0.9797666666666667,0.040516449494777666,0,0.41642217213754146,41.64,Moderate
11907,100000,25,1,2,0.9276283333333333,0.040183119316824084,1,0.4163271848159599,41.63,Moderate
20559,50000,32,0,0,0.7274466666666667,0.04759111779099499,0,0.41627250197621496,41.63,Moderate
16757,320000,36,0,0,0.6000286458333333,0.02534774815438499,0,0.4157482426726252,41.57,Moderate
4828,60000,31,0,0,0.7162722222222223,0.043046948320393394,0,0.41568823397823723,41.57,Moderate
11696,20000,53,0,0,0.03116666666666667,0.5802139037433155,0,0.41545626672056635,41.55,Moderate
8219,30000,46,0,0,1.1315388888888889,0.03790315057664832,0,0.4152934091207407,41.53,Moderate
23271,60000,37,0,0,0.7800222222222223,0.04130936440557249,0,0.415261557499063,41.53,Moderate
8490,180000,34,0,0,0.0010398148148148148,1.5173642030276047,0,0.4151767131931109,41.52,Moderate
25414,50000,23,0,0,0.15413,0.13908172754601095,1,0.41503622895839754,41.5,Moderate
21429,160000,35,1,2,0.173453125,0.06305738221781822,0,0.4148027100617761,41.48,Moderate
12321,210000,40,2,2,0.6551936507936508,0.037051931817080615,0,0.41457728018284506,41.46,Moderate
12833,110000,26,0,0,0.9700030303030303,0.03929384787926311,0,0.414108438460269,41.41,Moderate
1756,130000,34,0,0,0.054865384615384614,0.12662694239981306,0,0.414121851954695,41.41,Moderate
10828,160000,63,1,1,0.005978125,1.0866004530405995,0,0.41406466833691036,41.41,Moderate
21437,30000,24,0,0,0.15518333333333334,0.18705473812336662,0,0.41413865449197357,41.41,Moderate
16274,30000,31,0,0,0.3488,0.07302816004077473,0,0.41396927953621665,41.4,Moderate
7039,460000,61,1,1,0.003840217391304348,1.1813378620624588,0,0.41400633842512474,41.4,Moderate
27722,150000,24,0,0,0.0025144444444444446,1.4003535130357931,1,0.413912228566207,41.39,Moderate
22469,30000,44,0,0,0.90725,0.047653164324423625,1,0.41387721951217604,41.39,Moderate
7314,30000,22,0,0,0.6337222222222223,0.03088454457789077,1,0.413648799023367,41.36,Moderate
15721,210000,35,0,0,0.005598412698412699,0.1762120782534732,0,0.4135873348683384,41.36,Moderate
3371,30000,36,0,0,1.109622222222222,0.06544269320889992,1,0.4134537680283303,41.35,Moderate
24976,90000,44,0,0,0.20854444444444445,0.05872271653613227,0,0.4134084443714987,41.34,Moderate
21325,150000,50,1,2,0.035105555555555557,0.9534736508941288,0,0.4131959370870059,41.32,Moderate
572,50000,23,0,0,0.6491166666666667,0.048763704521529255,0,0.41318774675889425,41.32,Moderate
28299,30000,31,0,0,0.9169666666666667,0.050892435203024465,0,0.4132200406944409,41.32,Moderate
14194,50000,41,0,0,0.7078833333333333,0.0451910625573894,0,0.4131222174020618,41.31,Moderate
5985,70000,33,0,0,0.6521642857142858,0.029893139692379587,0,0.41303834347609764,41.3,Moderate
18463,30000,24,1,2,0.9754222222222223,0.05296851505900579,0,0.4129218729685729,41.29,Moderate
9448,200000,29,0,0,0.0007025,0.8825622775800712,0,0.41291453721977556,41.29,Moderate
6970,450000,45,1,1,0.0017751851851851852,2.0630085541414562,0,0.412829839129634,41.28,Moderate
7391,380000,44,0,0,0.8729907894736842,0.037464975967371694,0,0.41284698361453104,41.28,Moderate
2699,150000,47,1,2,0.44898,0.024173311357595737,0,0.4123793406305434,41.24,Moderate
5321,500000,30,0,0,0.002817,1.027689030883919,0,0.4123418575448818,41.23,Moderate
18691,240000,25,1,1,0.002086111111111111,3.543941411451398,0,0.4122220159959039,41.22,Moderate
17024,70000,23,0,0,0.14436428571428572,0.1039038147543417,1,0.4119939254511374,41.2,Moderate
16368,380000,38,0,0,0.9293285087719297,0.034013900812178574,1,0.4116748861485245,41.17,Moderate
26457,50000,49,0,0,0.6556433333333332,0.2542032507511706,1,0.4115792332076252,41.16,Moderate
29758,50000,30,0,0,0.6759466666666667,0.04246390247751302,0,0.4116029976560871,41.16,Moderate
27540,50000,52,0,0,0.5918933333333334,0.050938232113894394,1,0.41119415965266204,41.12,Moderate
29541,10000,40,0,0,0.9852166666666666,0.08317967283000355,1,0.411118239800629,41.11,Moderate
4822,360000,43,0,0,0.0,0.0,0,0.41110228681743305,41.11,Moderate
8108,30000,39,0,0,0.7791611111111111,0.03716247531176693,0,0.4109615842731534,41.1,Moderate
2781,180000,34,0,0,0.007962962962962963,0.06976744186046512,1,0.41091832038346426,41.09,Moderate
18070,140000,29,1,2,0.9329678571428571,0.046371474544241176,0,0.41085185887668213,41.09,Moderate
16659,50000,34,0,0,0.8197466666666667,0.046176867650168346,0,0.41019726741135837,41.02,Moderate
10635,50000,30,1,2,0.91653,0.0691703126647973,0,0.4102148873114084,41.02,Moderate
7419,20000,59,1,1,0.8616,1.489834803466419,0,0.4101687713158545,41.02,Moderate
7594,200000,68,0,0,0.870835,0.03800662582463957,0,0.41008012577223885,41.01,Moderate
24894,260000,39,0,0,0.031417307692307696,0.09673338638264879,0,0.41010535768573625,41.01,Moderate
25257,60000,23,1,2,0.3640777777777778,0.08392590105899228,0,0.4099604582995953,41.0,Moderate
9206,280000,29,0,0,0.0036970238095238098,0.9294799549186926,0,0.4099790308484287,41.0,Moderate
15654,200000,42,0,0,0.008008333333333334,0.16233090530697192,0,0.4099001258904115,40.99,Moderate
27350,180000,30,1,2,0.018689814814814815,1.3413921228635126,0,0.4097563271633244,40.98,Moderate
6737,30000,33,0,0,0.9538,0.04620116027119592,0,0.4096764885967032,40.97,Moderate
28130,10000,49,0,0,0.9329333333333334,0.15331570673145634,0,0.40974773420302435,40.97,Moderate
28096,150000,41,0,0,0.010874444444444445,1.0,0,0.40972314194428433,40.97,Moderate
5143,60000,48,0,0,0.7673416666666667,0.06074724065406182,0,0.40950363034856824,40.95,Moderate
28705,100000,42,0,0,0.011925,1.0645702306079665,0,0.409406208147243,40.94,Moderate
8284,20000,51,0,0,0.4542083333333333,0.22344739014769288,0,0.4094163790701301,40.94,Moderate
64,50000,46,0,0,0.19294666666666668,0.017275931172690207,1,0.4092194239745673,40.92,Moderate
13498,10000,37,0,0,0.09226666666666666,0.9342485549132948,1,0.409082615824692,40.91,Moderate
26571,280000,56,1,2,0.0070851190476190476,1.1639082584222464,0,0.40908421310058124,40.91,Moderate
13812,100000,26,0,0,0.013865,0.9318427695636495,0,0.40891569416972007,40.89,Moderate
4327,150000,41,0,0,0.018922222222222222,0.9312977099236641,0,0.4088715934381023,40.89,Moderate
1676,50000,49,0,0,1.8929233333333335,0.04273988909570206,1,0.4088187698409354,40.88,Moderate
8771,130000,29,1,2,0.054082051282051284,0.32619002465389724,0,0.40879050951843,40.88,Moderate
26967,60000,44,0,0,0.7688194444444444,0.04873272513774727,0,0.4086897021200014,40.87,Moderate
19878,40000,38,0,0,0.7730041666666667,0.04641523062079225,0,0.40865453733104085,40.87,Moderate
25915,150000,33,0,0,-2e-05,0.0,0,0.4086434025206448,40.86,Moderate
18510,180000,25,0,0,-0.0004685185185185185,0.0,0,0.4084340351847756,40.84,Moderate
4079,240000,31,0,0,0.0029236111111111108,0.9097387173396675,0,0.40810971875758295,40.81,Moderate
5762,300000,39,2,2,0.015161666666666667,0.5672932468579385,0,0.4081182907856499,40.81,Moderate
23093,470000,33,0,0,0.0002762411347517731,1.0,1,0.40811052709517986,40.81,Moderate
5101,360000,48,0,0,0.0017111111111111112,0.8428030303030303,0,0.40803465882955997,40.8,Moderate
23464,20000,46,0,0,0.10140833333333334,0.8875010272002629,1,0.40803641585079964,40.8,Moderate
13333,50000,49,0,0,0.67048,0.04043869068925745,0,0.40786024425076034,40.79,Moderate
9767,360000,49,1,1,0.004023148148148148,1.8073647871116225,0,0.4078426568079797,40.78,Moderate
26539,30000,50,0,0,0.43381111111111115,0.07422585354609021,0,0.40774461197517786,40.77,Moderate
14481,50000,29,0,0,0.76881,0.08931552225734143,1,0.4077288902756512,40.77,Moderate
27297,10000,43,0,0,0.8809,0.10112763461611231,0,0.4076365075334937,40.76,Moderate
25143,300000,72,1,2,0.010922777777777778,1.9681603173795839,0,0.407623365671093,40.76,Moderate
16607,80000,32,1,2,0.51608125,0.04855905279772645,0,0.40720314070606006,40.72,Moderate
6811,10000,30,0,0,0.76975,0.0922160874742882,0,0.40718360000775644,40.72,Moderate
18956,50000,23,0,0,0.8722633333333333,0.043159749158319924,1,0.4069534470970523,40.7,Moderate
10722,30000,28,0,0,0.23401666666666668,0.17736153645276928,0,0.40667472047345576,40.67,Moderate
29145,20000,51,0,0,0.685075,0.08271600433042611,0,0.40661275894448584,40.66,Moderate
4636,50000,28,1,1,0.008463333333333333,9.546278062229224,0,0.4065297205366632,40.65,Moderate
29263,10000,24,0,0,0.6226166666666667,0.3212249377626683,0,0.4063842749040812,40.64,Moderate
12666,200000,39,1,1,0.012469166666666667,1.337565996123772,0,0.4063225428893406,40.63,Moderate
5167,330000,37,0,0,0.004354545454545455,0.020528879610299235,0,0.4062546159370836,40.63,Moderate
6537,50000,29,0,0,0.8362066666666668,0.030841657963342397,0,0.4062248301954099,40.62,Moderate
17213,50000,30,1,2,0.25557,0.1281318881976236,0,0.406234493581998,40.62,Moderate
28630,500000,32,0,0,0.8575426666666667,0.19901866884757533,0,0.40590479595309725,40.59,Moderate
27982,60000,28,0,0,0.6821472222222222,0.04269606186347848,0,0.40586956314234174,40.59,Moderate
29130,30000,52,1,2,0.6901333333333334,0.050264039155074706,0,0.4057459163595039,40.57,Moderate
26676,50000,24,0,0,0.7047433333333333,0.05234056843389792,0,0.4056110703903347,40.56,Moderate
17980,20000,39,0,0,0.8744333333333334,0.2258986772385926,0,0.4055566280781331,40.56,Moderate
28815,230000,34,0,0,0.001482608695652174,1.0733137829912023,0,0.405513148335606,40.55,Moderate
5677,160000,43,0,0,0.0088125,0.0,0,0.4054385299325464,40.54,Moderate
10065,60000,28,0,0,0.783925,0.13954707968803706,1,0.40519109395731345,40.52,Moderate
21532,50000,23,0,0,0.74874,0.04321482312507234,0,0.40507402435257217,40.51,Moderate
8501,400000,28,1,2,0.83340125,0.23026923305750582,0,0.405042879035646,40.5,Moderate
7403,250000,24,0,0,0.005896666666666667,0.7707179197286602,1,0.4050190270739555,40.5,Moderate
6212,50000,52,0,0,0.5749333333333334,0.04812152133580705,0,0.40494333984213343,40.49,Moderate
1440,130000,23,0,0,0.7750858974358975,0.03372661756265228,0,0.40492701969636347,40.49,Moderate
15670,210000,29,0,0,0.004393650793650793,1.0016257225433527,0,0.40475034789015824,40.48,Moderate
13177,50000,24,0,0,0.7010833333333333,0.03396172590039225,0,0.40475484657381283,40.48,Moderate
600,300000,36,1,2,0.04431444444444445,1.114773211644059,1,0.40469784897004074,40.47,Moderate
8188,160000,51,1,2,0.4471552083333333,0.05823854040240502,1,0.4046573042556448,40.47,Moderate
2216,200000,38,1,2,0.016095,1.766490628559594,0,0.40462976528133526,40.46,Moderate
16436,250000,51,0,0,0.004540666666666667,0.0,0,0.4044974380161223,40.45,Moderate
6525,30000,33,0,0,0.8473,0.0475759602397157,0,0.40454972627231567,40.45,Moderate
14189,50000,35,0,0,0.49644666666666665,0.038661420494984354,0,0.4043414042142212,40.43,Moderate
26931,20000,45,0,0,0.4939666666666667,0.2024428099062015,1,0.4042850191254832,40.43,Moderate
18018,50000,46,0,0,0.7291966666666667,0.03740646099131922,0,0.40423006033506576,40.42,Moderate
1679,390000,40,2,2,0.7070940170940171,0.043325274990934366,0,0.4041384181555406,40.41,Moderate
6355,170000,53,0,0,0.002126470588235294,1.3688335638543108,0,0.40396669155376375,40.4,Moderate
13665,20000,39,0,0,0.24975,0.1058058058058058,0,0.40396408049056576,40.4,Moderate
1610,210000,43,1,2,0.40197777777777777,0.050346303594133765,0,0.4039160348087,40.39,Moderate
11593,260000,27,0,0,0.0017903846153846153,0.8571428571428571,0,0.4038137585628828,40.38,Moderate
6356,120000,34,1,1,0.012222222222222223,1.0380681818181818,0,0.40374795711296313,40.37,Moderate
29093,200000,52,0,0,1.4373958333333334,0.024697441843611855,0,0.4036522470969329,40.37,Moderate
25345,80000,22,0,0,0.7219625,0.03184606772050718,0,0.4034240877533818,40.34,Moderate
28800,200000,42,2,2,0.022795,2.3217445346201653,0,0.40314175737763747,40.31,Moderate
2670,10000,43,0,0,0.51655,0.11412254380021294,1,0.4030816235556118,40.31,Moderate
10165,120000,50,0,0,0.8997194444444444,0.21930447454299026,1,0.4030397277463055,40.3,Moderate
1539,130000,25,0,0,0.007330769230769231,2.9896817068905213,1,0.4028903547926994,40.29,Moderate
29901,20000,29,0,0,0.140075,0.0,1,0.4028289332598608,40.28,Moderate
7334,260000,31,0,0,0.8682679487179487,0.03365010505737181,0,0.4027267345388564,40.27,Moderate
8260,60000,23,0,0,0.5981722222222222,0.05357988687761793,1,0.4026833975061065,40.27,Moderate
9529,50000,53,0,0,0.7018766666666667,0.03170072614846863,0,0.4025611785697547,40.26,Moderate
29789,140000,41,0,0,0.008561904761904762,1.4904060066740823,0,0.40264236973211964,40.26,Moderate
5063,50000,30,0,0,0.6815166666666668,0.03484385317062434,0,0.4026165841002237,40.26,Moderate
13826,120000,41,0,0,0.007683333333333334,0.5657989877078814,0,0.402630316383289,40.26,Moderate
9307,400000,27,1,1,0.0008625,1.710144927536232,0,0.40252404418770854,40.25,Moderate
23251,60000,40,0,0,0.790625,0.03513394817742644,0,0.40233270821623746,40.23,Moderate
25245,30000,25,0,0,0.5904611111111111,0.32220580901931634,0,0.4021390986941258,40.21,Moderate
3814,60000,42,0,0,0.6326638888888889,0.0439060585970258,0,0.40189386123283355,40.19,Moderate
23116,30000,47,0,0,0.8152111111111111,0.06266270495713448,0,0.4017600298752985,40.18,Moderate
16313,140000,38,0,0,0.8302511904761906,0.034904812226936484,0,0.4016220157816332,40.16,Moderate
997,140000,45,2,2,0.3079,0.04355155508127252,0,0.4016377564673287,40.16,Moderate
24772,20000,40,1,2,1.0127166666666667,0.08640126392706088,0,0.4014951294839648,40.15,Moderate
20250,40000,52,0,0,0.0,0.0,0,0.4014559798227237,40.15,Moderate
25909,80000,32,0,0,0.012475,0.0,0,0.4009784268266317,40.1,Moderate
27606,150000,26,2,2,0.35119333333333336,0.04949473857387827,0,0.4008335090143819,40.08,Moderate
13363,50000,37,0,0,0.59332,0.12230611923863458,0,0.4008478969351338,40.08,Moderate
5557,50000,33,0,0,0.8070933333333333,0.03544406264455164,0,0.40068260318626175,40.07,Moderate
23319,310000,31,0,0,0.8984456989247313,0.03326712979225173,1,0.40021782341784834,40.02,Moderate
26440,150000,48,1,2,0.2648911111111111,0.05033514819506548,0,0.40009927032061227,40.01,Moderate
4559,40000,27,1,2,0.7884208333333333,0.06764576870431929,1,0.4000290122666072,40.0,Moderate
19765,60000,46,0,0,0.7486944444444444,0.0384595406819278,0,0.39992083439210824,39.99,Moderate
14050,100000,45,1,1,0.0087,1.0,1,0.3998870150396079,39.99,Moderate
1990,50000,42,0,0,0.7375466666666667,0.04190017354834044,1,0.3997184626743683,39.97,Moderate
8274,80000,28,1,2,0.5355958333333333,0.048427374497249945,0,0.3994993533000903,39.95,Moderate
339,50000,31,0,0,0.7802666666666667,0.04531356801093643,1,0.39924203537640324,39.92,Moderate
26216,240000,42,1,2,0.01660763888888889,1.0211582688689107,0,0.399240236712568,39.92,Moderate
20767,130000,38,0,0,0.3392269230769231,0.026455326402037817,0,0.3989646163694399,39.9,Moderate
4933,50000,38,0,0,1.0116133333333333,0.03953750444833994,0,0.3989228083087417,39.89,Moderate
20327,390000,53,0,0,0.0009816239316239315,1.0531127557683935,0,0.3988611398555213,39.89,Moderate
2574,120000,29,0,0,0.0038777777777777777,1.7886819484240688,0,0.3987590959367515,39.88,Moderate
20598,70000,33,0,0,0.7156095238095238,0.06813372549541516,1,0.3985765788667972,39.86,Moderate
6024,70000,71,1,2,0.8577238095238094,0.042671078491244824,0,0.3985713596600571,39.86,Moderate
3058,30000,47,0,0,0.9866277777777778,0.05856649755339456,0,0.398649242170229,39.86,Moderate
18422,160000,25,1,1,0.006433333333333333,1.7257124352331605,1,0.39856704397625903,39.86,Moderate
17103,50000,24,1,2,0.82492,0.0505948051528229,0,0.39858501167278115,39.86,Moderate
9044,60000,31,1,1,0.006194444444444445,3.367713004484305,1,0.39845479503787196,39.85,Moderate
263,160000,38,1,2,0.06591354166666666,0.6975994437157261,0,0.3985135498918991,39.85,Moderate
9037,30000,45,0,0,0.8502944444444444,0.044879878212122595,0,0.3983785332768165,39.84,Moderate
20657,160000,45,0,0,0.5698729166666667,0.022879735613568816,1,0.39841725064818495,39.84,Moderate
7024,260000,42,1,2,0.15279487179487178,0.14035492532304078,0,0.39834829458896376,39.83,Moderate
22454,180000,44,1,2,0.7826074074074074,0.07949683867792375,0,0.39826885275938095,39.83,Moderate
2683,160000,30,0,0,0.001975,0.8333333333333334,0,0.39820839846331635,39.82,Moderate
8888,220000,43,1,2,0.016806060606060606,0.5693292463036422,0,0.39813075844308415,39.81,Moderate
29320,280000,26,0,0,0.0039,0.8974358974358975,0,0.39802591246146835,39.8,Moderate
1655,50000,30,0,0,0.6276333333333334,0.05958893196664719,0,0.3977470490999206,39.77,Moderate
29304,30000,26,2,2,0.804038888888889,0.24614619248654362,0,0.39756140425237757,39.76,Moderate
14059,50000,46,0,0,0.74367,0.06499298523986893,0,0.39750174885124356,39.75,Moderate
6921,260000,32,0,0,0.0037961538461538462,1.0,1,0.39743199195888124,39.74,Moderate
8117,130000,42,0,0,0.3388307692307692,0.02270250635670178,0,0.3974348860125653,39.74,Moderate
13780,50000,47,0,0,0.019006666666666668,8.505261311820414,0,0.3971773596544216,39.72,Moderate
15732,220000,42,0,0,0.0452719696969697,0.9337003631252196,0,0.39714917292393576,39.71,Moderate
5592,30000,49,1,2,0.9632444444444445,0.04373529276057768,0,0.3970951481826282,39.71,Moderate
29546,50000,30,0,0,0.7929366666666667,0.03971733766042685,1,0.3971406327620644,39.71,Moderate
155,30000,26,0,0,0.38928888888888885,0.12415800890512615,0,0.3970636109959161,39.71,Moderate
23239,50000,37,0,0,0.79979,0.05627310502340198,0,0.3969733734260248,39.7,Moderate
20661,10000,36,0,0,0.4345833333333333,0.7056567593480345,1,0.39693582149228124,39.69,Moderate
27869,30000,26,0,0,0.8505944444444444,0.45209559327790366,1,0.3968275621058699,39.68,Moderate
15822,130000,27,0,0,0.0027076923076923077,1.9422348484848484,0,0.39683244121453326,39.68,Moderate
7653,100000,38,1,2,0.8968683333333333,0.04459963465465945,0,0.39667438199603783,39.67,Moderate
8119,450000,48,1,2,0.0044577777777777775,0.5361415752741775,1,0.3963557591124644,39.64,Moderate
8062,50000,24,0,0,0.7116166666666667,0.036442841417429796,0,0.39630139468963704,39.63,Moderate
2246,180000,32,0,0,0.004322222222222222,1.9121679520137103,0,0.3961887726611401,39.62,Moderate
12087,50000,42,0,0,0.7529533333333333,0.04282248567861665,0,0.396026396810744,39.6,Moderate
199,500000,34,0,0,0.0021523333333333334,3.3856280006194828,0,0.3959182220777763,39.59,Moderate
25813,50000,36,1,2,0.8259833333333333,0.23408059081095262,0,0.39589472335810005,39.59,Moderate
2910,220000,25,1,2,0.03899924242424243,0.26004778647603877,0,0.3956592215404165,39.57,Moderate
9553,80000,35,0,0,0.20353958333333333,0.04685820735114996,0,0.3957135963681246,39.57,Moderate
21607,50000,23,0,0,0.7018333333333333,0.03937307052956542,0,0.39572374816135103,39.57,Moderate
6986,50000,40,0,0,0.70164,0.07516675218060544,0,0.3955299368167739,39.55,Moderate
1292,20000,53,0,0,0.7129333333333333,0.08076959042453713,0,0.39495454289123527,39.5,Moderate
16997,50000,22,0,0,0.03381,2.6947648624667258,0,0.3949886036438054,39.5,Moderate
2585,30000,22,0,0,0.07616111111111111,0.6680283025749507,0,0.3948468869088974,39.48,Moderate
2117,230000,27,0,0,0.028144202898550727,0.4963825021241536,1,0.3945222606621036,39.45,Moderate
179,20000,22,0,0,0.6992833333333333,0.08238196248540172,0,0.39430265499427447,39.43,Moderate
8664,100000,42,0,0,0.9588733333333332,0.023282532972724933,0,0.3943123398037365,39.43,Moderate
1579,210000,36,1,1,0.009507936507936509,1.0,0,0.3940537576521025,39.41,Moderate
10623,200000,51,0,0,0.002728333333333333,0.725717776420281,1,0.39378662341691006,39.38,Moderate
25080,30000,59,0,0,0.04992777777777777,1.1847112495827306,0,0.39307879360098996,39.31,Moderate
23109,60000,28,1,2,0.8257861111111111,0.04272023627318077,0,0.3931423306367737,39.31,Moderate
29246,50000,25,1,2,0.2581733333333333,0.10974539069359086,0,0.39296207855176135,39.3,Moderate
26660,50000,25,2,2,0.5506933333333334,0.4231756331412522,0,0.3927790778183928,39.28,Moderate
7918,60000,25,0,0,0.7284444444444444,0.04750991458206223,0,0.3926570024602144,39.27,Moderate
17556,180000,31,0,0,0.004157407407407407,1.0,0,0.3926000249426564,39.26,Moderate
22129,220000,28,1,2,0.44253106060606057,0.04675241080492552,0,0.39248264591899196,39.25,Moderate
3170,50000,46,0,0,0.48634333333333335,0.02068497563449689,0,0.39224010186999864,39.22,Moderate
13132,60000,28,0,0,0.6774861111111111,0.039361200516615756,0,0.3918753967188917,39.19,Moderate
23774,240000,53,0,0,0.006956944444444444,1.0159712517468558,0,0.39189699711270926,39.19,Moderate
28208,310000,48,0,0,0.00011236559139784947,1.0,0,0.3914595017049919,39.15,Moderate
2479,80000,27,1,2,0.596975,0.06179418456942641,0,0.3912443307314843,39.12,Moderate
14199,50000,50,0,0,0.4788266666666666,0.38762809088883937,0,0.39110901910491863,39.11,Moderate
26330,350000,34,2,2,0.01249,1.4383697434137785,0,0.39109025497958644,39.11,Moderate
5764,20000,35,0,0,0.4874416666666667,0.16528473492554666,0,0.3909021725004505,39.09,Moderate
2184,150000,55,0,0,0.010766666666666667,0.7863777089783281,0,0.39087881001663316,39.09,Moderate
7005,210000,29,1,2,0.02685873015873016,0.17038000118196325,0,0.3906856832882663,39.07,Moderate
20420,50000,24,0,0,0.7370566666666667,0.040702433553277226,0,0.3905750799639635,39.06,Moderate
13114,220000,29,0,0,0.8928954545454545,0.03625165659558366,0,0.3902551012133763,39.03,Moderate
1126,300000,38,0,0,0.0012694444444444444,0.0,0,0.390207476684763,39.02,Moderate
6178,50000,35,0,0,0.6926133333333333,0.19623262618873447,1,0.390215917383247,39.02,Moderate
4762,160000,30,0,0,0.7225135416666667,0.22792392876142747,0,0.39008352505296384,39.01,Moderate
1108,120000,47,0,0,0.013519444444444443,0.9113416889254161,0,0.3901261615142713,39.01,Moderate
23825,50000,51,0,0,0.6373533333333333,0.058272229950942965,0,0.3899542500663012,39.0,Moderate
22628,180000,37,1,2,0.004772222222222222,1.3859138533178115,1,0.39003889370375483,39.0,Moderate
6516,50000,41,0,0,0.60959,0.07438879684159298,1,0.38997931244294126,39.0,Moderate
9447,200000,29,0,0,0.4483608333333334,0.027853310112948462,0,0.3897729383648529,38.98,Moderate
9784,120000,34,0,0,0.0071333333333333335,1.35202492211838,0,0.3898136651150919,38.98,Moderate
8199,60000,27,2,2,0.7051972222222223,0.043210922082474956,0,0.3897163458848704,38.97,Moderate
3424,60000,43,0,0,0.7558027777777777,0.035411207362296894,1,0.3896848326485384,38.97,Moderate
21042,50000,47,0,0,0.67671,0.04678518124455084,0,0.3895940191434683,38.96,Moderate
27357,340000,31,0,0,0.9761205882352941,0.03816629052782976,0,0.38961561974730896,38.96,Moderate
20520,50000,26,0,0,0.46101333333333333,0.049890097177232764,0,0.3895054681999519,38.95,Moderate
9137,300000,28,1,2,0.11059777777777778,0.10900359661636762,0,0.38922523351198196,38.92,Moderate
28488,180000,36,1,1,0.010157407407407407,1.0,0,0.3892097503504916,38.92,Moderate
17030,50000,24,0,0,0.84046,0.03369186715211511,0,0.38903151616483,38.9,Moderate
14787,30000,25,0,0,0.7155666666666667,0.06291051381189733,1,0.3890053707230797,38.9,Moderate
16819,30000,34,0,0,0.8217777777777777,0.11216197944835046,0,0.3889817227170919,38.9,Moderate
24066,20000,23,0,0,0.5249833333333334,0.6679100923838852,0,0.3888564157507959,38.89,Moderate
7477,30000,42,0,0,0.4099833333333333,0.1446264753309755,1,0.38879989169331747,38.88,Moderate
29665,420000,32,0,0,0.0019916666666666668,0.7808328352261407,0,0.3886674620917625,38.87,Moderate
18814,50000,27,0,0,0.7544466666666667,0.05184373536454974,0,0.3886326564527359,38.86,Moderate
22388,290000,30,0,0,0.5721281609195402,0.2690951207580489,0,0.38832405687512583,38.83,Moderate
14425,210000,27,2,2,0.5590809523809523,0.04138026977380679,0,0.3882959728729108,38.83,Moderate
7133,150000,35,0,0,0.7204866666666667,0.03146021670537507,1,0.3880628664345406,38.81,Moderate
22777,260000,29,0,0,0.7264294871794872,0.03255120319793864,1,0.38805493165727695,38.81,Moderate
10615,120000,28,1,2,0.11898194444444445,0.41789720662565516,0,0.38794474251305927,38.79,Moderate
14549,130000,35,0,0,-0.05447051282051282,0.0,0,0.38774975174091314,38.77,Moderate
8498,50000,26,0,0,0.71444,0.04252281507194446,0,0.38753300120391837,38.75,Moderate
27352,210000,39,0,0,0.006871428571428572,1.0,0,0.3872068370034526,38.72,Moderate
10790,60000,24,1,2,0.6418222222222223,0.055770029776331276,0,0.3872099352612604,38.72,Moderate
3627,50000,37,0,0,0.7036233333333333,0.033559622335814145,0,0.387063149822814,38.71,Moderate
1738,380000,41,1,2,0.9104723684210526,0.03767082539090707,0,0.3869974835363626,38.7,Moderate
11427,20000,53,0,0,1.1621166666666667,0.13102528432314597,0,0.387018998239069,38.7,Moderate
15310,140000,39,1,1,0.06829761904761904,0.7782290395677183,0,0.3865210556412446,38.65,Moderate
18839,320000,27,1,2,0.5693677083333333,0.041255559438192584,0,0.38624709613702385,38.62,Moderate
8580,30000,47,0,0,1.14755,0.037688989586510395,0,0.3860110025995604,38.6,Moderate
21024,50000,43,0,0,0.6012633333333334,0.05191291669207613,1,0.38598550203847937,38.6,Moderate
19528,30000,35,0,0,0.7407555555555556,0.0877632447351053,1,0.3860028364174454,38.6,Moderate
10052,70000,24,0,0,0.7605190476190477,0.18318629507416614,0,0.38586523453170835,38.59,Moderate
21588,30000,22,1,2,0.9580555555555555,0.0742244128732966,0,0.3857982202309198,38.58,Moderate
20121,100000,42,0,0,0.8531766666666667,0.03343777959234703,1,0.38582821643509424,38.58,Moderate
12057,60000,41,0,0,0.9983944444444444,0.04314148827840255,0,0.385266697019316,38.53,Moderate
22102,50000,28,0,0,0.9018433333333333,0.06837846928328276,1,0.3850206843696031,38.5,Moderate
25237,80000,25,0,0,0.04592916666666667,1.0004535970244035,0,0.38490796265386595,38.49,Moderate
9924,60000,22,0,0,0.5697583333333334,0.03157771569817613,0,0.3848640298075538,38.49,Moderate
19286,160000,32,0,0,0.035071875,0.2119160058213787,1,0.3848345201144023,38.48,Moderate
27476,50000,49,0,0,0.5965866666666666,0.04080994099767567,0,0.38471183435370593,38.47,Moderate
2675,80000,40,0,0,0.6495833333333333,0.03264592687620269,0,0.3847444655286639,38.47,Moderate
27944,360000,28,0,0,0.0008310185185185186,1.0462395543175487,0,0.3845630636849542,38.46,Moderate
23000,110000,42,0,0,0.819978787878788,0.03080087068032063,0,0.38460034591518194,38.46,Moderate
17462,170000,44,1,1,0.011230392156862746,1.0,1,0.3845812046456425,38.46,Moderate
18820,150000,26,1,1,0.0008233333333333334,3.252361673414305,0,0.38454067678003195,38.45,Moderate
25055,20000,49,0,0,0.630175,0.07655280940479496,1,0.38453129147187526,38.45,Moderate
25745,240000,33,0,0,0.003259027777777778,0.7202216066481995,0,0.38437121199440083,38.44,Moderate
13965,100000,39,0,0,0.012898333333333333,0.8603178705259077,0,0.3844029411035005,38.44,Moderate
11175,50000,34,0,0,0.1713333333333333,0.0,0,0.3841711320057178,38.42,Moderate
23550,50000,39,0,0,0.8358533333333333,0.06838919108615546,0,0.3839926669052268,38.4,Moderate
7007,320000,33,1,1,0.0014203125,1.0,0,0.38393291997593326,38.39,Moderate
17862,20000,28,0,0,0.6016833333333333,0.1191102739536301,0,0.3836586162955728,38.37,Moderate
26500,30000,55,0,0,0.0031666666666666666,2.6315789473684212,0,0.38366603505060776,38.37,Moderate
1744,90000,32,1,2,0.07072037037037036,0.7548770588389326,0,0.3836053507194984,38.36,Moderate
25060,360000,49,1,2,0.005500925925925926,0.44470627840430904,1,0.3835773745217853,38.36,Moderate
27315,30000,37,0,0,0.9779333333333333,0.05342899993182903,1,0.3835828836730146,38.36,Moderate
15655,120000,40,0,0,0.052734722222222224,0.3844715425742053,0,0.3835718172988272,38.36,Moderate
19267,200000,37,0,0,0.0011866666666666668,0.8841292134831461,0,0.3835318780545802,38.35,Moderate
24619,20000,41,0,0,0.36865833333333337,0.22190827098261715,0,0.38343641559233127,38.34,Moderate
2661,200000,29,0,0,0.006799166666666666,0.5151366589042775,1,0.3832463335536453,38.32,Moderate
29124,50000,54,0,0,0.7411466666666667,0.03293545137264779,0,0.38298372992341306,38.3,Moderate
477,50000,44,0,0,0.65306,0.04016476280893027,0,0.3829864232390189,38.3,Moderate
11398,290000,35,0,0,0.001510919540229885,1.0650437428680106,1,0.38253066606701297,38.25,Moderate
24149,30000,29,0,0,0.8980333333333334,0.04769681897479678,0,0.3824812707616046,38.25,Moderate
14812,200000,36,0,0,0.044285,1.1431447819050844,0,0.3823830508093139,38.24,Moderate
1449,10000,34,0,0,0.9435833333333334,0.08488916364920958,0,0.3823319978502891,38.23,Moderate
14032,20000,29,0,0,0.5232166666666667,0.06518969196954735,0,0.3823235558655209,38.23,Moderate
14767,150000,29,0,0,0.009687777777777778,0.7144167909163895,1,0.38212638507324104,38.21,Moderate
2318,50000,46,0,0,0.5719266666666667,0.0442947230996981,0,0.3821135607525056,38.21,Moderate
8254,240000,45,0,0,0.6614256944444444,0.174417005353545,0,0.38201169921038164,38.2,Moderate
6375,500000,45,2,2,0.001216,19.763980263157894,0,0.38199557030038095,38.2,Moderate
21722,60000,22,0,0,0.7979166666666667,0.03582245430809399,0,0.3819720733302395,38.2,Moderate
21230,200000,37,1,1,0.005860833333333333,0.6310251670695294,0,0.38172805395050524,38.17,Moderate
22781,50000,44,0,0,0.78116,0.04154931981497602,0,0.3815640594194073,38.16,Moderate
23403,80000,48,0,0,0.067925,0.27456753772543246,0,0.38149380076727585,38.15,Moderate
19800,150000,40,0,0,0.00455,1.0,0,0.3815168213945879,38.15,Moderate
12427,30000,24,0,0,0.7445166666666667,0.06566527127965198,0,0.38136523331492883,38.14,Moderate
16013,300000,36,1,1,0.002382222222222222,1.6455223880597014,0,0.3813951764054943,38.14,Moderate
10137,50000,26,0,0,0.55982,0.038768413656770626,0,0.38124129705060916,38.12,Moderate
13916,420000,50,0,0,0.7999611111111111,0.17896752917552539,0,0.3811390553830882,38.11,Moderate
28734,240000,28,1,1,0.0030756944444444443,1.3883495145631068,0,0.38098461554438295,38.1,Moderate
17435,50000,32,0,0,0.027053333333333335,0.8335386890093642,0,0.38091200790167157,38.09,Moderate
15693,80000,26,0,0,0.0011875,4.0701754385964914,0,0.3807634584417157,38.08,Moderate
12972,240000,29,0,0,0.0006097222222222222,1.643507972665148,1,0.38065500077150155,38.07,Moderate
4800,20000,24,0,0,0.1361,0.01144991427871663,0,0.38064919969779604,38.06,Moderate
18306,20000,23,0,0,0.7317083333333333,0.05861852969648653,0,0.38045512342987586,38.05,Moderate
11756,50000,34,0,0,0.7882533333333333,0.5253514098682319,0,0.3802645976148289,38.03,Moderate
27867,70000,25,0,0,0.6817761904761905,0.20504913635950914,0,0.3800131791616207,38.0,Moderate
25817,200000,45,0,0,0.002165,0.08506543494996151,0,0.3799554442486505,38.0,Moderate
21200,150000,32,0,0,0.5532077777777779,0.024654188601027943,0,0.37993690533232705,37.99,Moderate
25032,90000,58,0,0,0.7759018518518519,0.04115640819404898,0,0.3798052106305132,37.98,Moderate
28267,140000,44,1,1,0.013353571428571428,1.0016047071409468,0,0.37973690719032377,37.97,Moderate
28280,230000,36,0,0,0.0045326086956521735,1.0161470823341328,0,0.37963040875848975,37.96,Moderate
18840,150000,27,0,0,0.03517,1.2949799387103909,0,0.3795999603608773,37.96,Moderate
3074,360000,30,0,0,0.0006657407407407407,67.56815020862308,1,0.3795267116930723,37.95,Moderate
1615,360000,44,1,2,0.46181527777777776,0.028671075596403483,0,0.3795099394654602,37.95,Moderate
16177,50000,47,0,0,0.6076833333333334,0.04325169359041167,0,0.379423154045009,37.94,Moderate
4706,150000,41,1,1,0.005708888888888889,1.2045543012845465,0,0.3794271109472401,37.94,Moderate
23384,110000,35,0,0,0.015742424242424242,0.7367661212704524,0,0.3793710855914825,37.94,Moderate
28254,50000,38,0,0,0.94042,0.045547025088081214,0,0.3791302875960332,37.91,Moderate
13596,50000,39,0,0,0.7411566666666667,0.04497474667973932,0,0.37914764290380465,37.91,Moderate
18298,310000,47,0,0,0.8446741935483871,0.035490556262069616,0,0.3790731971835667,37.91,Moderate
17355,30000,41,0,0,0.03683888888888889,0.7454380938018399,0,0.3790270905035039,37.9,Moderate
23290,150000,35,0,0,0.034575555555555554,1.0147181695481715,0,0.3789513096537514,37.9,Moderate
19580,230000,44,0,0,0.0065659420289855075,0.9302505242246992,0,0.37873087882598405,37.87,Moderate
19680,260000,40,0,0,0.0033737179487179484,0.8801064031920958,0,0.3785363672703332,37.85,Moderate
2226,60000,31,1,1,0.1565361111111111,0.7697904281937076,1,0.3784679688380378,37.85,Moderate
17436,380000,44,0,0,0.895253947368421,0.0399161465016052,0,0.37852936478122035,37.85,Moderate
21907,330000,27,0,0,0.0011282828282828282,1.4476275738585498,0,0.3784305036785878,37.84,Moderate
28768,160000,41,0,0,0.085321875,0.05824756742238338,0,0.37831421568414786,37.83,Moderate
14280,220000,27,0,0,0.0042151515151515155,1.0,1,0.37823563232794527,37.82,Moderate
11849,60000,39,0,0,0.021777777777777778,0.9766581632653061,0,0.37824958171608924,37.82,Moderate
8540,100000,37,0,0,0.05783833333333333,0.6769155404431894,0,0.37816278918610685,37.82,Moderate
27403,20000,37,0,0,0.9461666666666666,0.09247842170160296,0,0.37805378350617597,37.81,Moderate
22106,230000,28,0,0,0.015329710144927537,1.0884897187426141,0,0.3779560645797098,37.8,Moderate
24011,90000,25,0,0,0.7727851851851852,0.03560234265667235,0,0.37794131487616384,37.79,Moderate
24521,350000,33,1,2,0.08089,0.061623957284731176,0,0.37782541522438734,37.78,Moderate
826,170000,33,1,1,0.009831372549019607,1.0,0,0.37774277611060464,37.77,Moderate
21262,30000,51,0,0,0.3143444444444445,0.07415785938991198,0,0.3777488176816929,37.77,Moderate
13282,450000,36,0,0,0.0026825925925925928,0.891619494684523,1,0.37761139949900113,37.76,Moderate
14139,50000,35,0,0,0.68297,0.18902245584237473,0,0.37761102814613406,37.76,Moderate
18389,60000,23,0,0,0.8981972222222223,0.17012781775841113,0,0.3776287320422585,37.76,Moderate
27,60000,27,1,1,-0.0010944444444444445,0.0,1,0.3775243443210705,37.75,Moderate
15225,60000,28,0,0,0.956386111111111,0.03774626124386071,0,0.3773646516708835,37.74,Moderate
22769,60000,44,0,0,0.9697055555555556,0.038150183045254284,1,0.3773936338524859,37.74,Moderate
6712,80000,23,0,0,0.04424375,0.3006545180581061,0,0.37728469564038286,37.73,Moderate
2336,50000,29,0,0,0.6487633333333334,0.0555672587332823,0,0.37716086407445404,37.72,Moderate
202,140000,31,2,2,0.1558,0.2926523626138517,0,0.3771377890501712,37.71,Moderate
12628,340000,32,0,0,0.0024509803921568627,1.0,1,0.3769715837242288,37.7,Moderate
28721,130000,41,0,0,0.01134102564102564,0.962242821614289,0,0.3767417385791329,37.67,Moderate
15706,50000,35,0,0,0.7043566666666667,0.07107667990175431,0,0.3765674501028773,37.66,Moderate
28124,80000,41,1,2,0.8556791666666667,0.03496004635693869,1,0.37653787564682273,37.65,Moderate
21684,20000,22,0,0,0.9079333333333334,0.07526250091783537,0,0.37645216584685365,37.65,Moderate
17094,80000,24,0,0,0.9735,0.022288563602122925,0,0.3764044577829623,37.64,Moderate
7373,50000,34,0,0,1.14773,0.03670433522402191,0,0.37634718552311025,37.63,Moderate
386,410000,42,0,0,0.7079081300813007,0.036636052402188056,0,0.3763048657779262,37.63,Moderate
1400,50000,23,1,2,0.3815733333333334,0.052458243063806,0,0.37629015419538375,37.63,Moderate
19927,40000,42,0,0,0.9621083333333333,0.04186119026790122,1,0.376118222259815,37.61,Moderate
29073,160000,52,0,0,0.5633385416666667,0.02533260602250349,0,0.3759699058243024,37.6,Moderate
25108,30000,50,0,0,0.9305555555555556,0.10631044776119403,0,0.3758814264020315,37.59,Moderate
5626,530000,39,0,0,0.7096446540880503,0.03541146911156704,0,0.3759361513756267,37.59,Moderate
5723,380000,48,0,0,0.6635881578947368,0.0343031406210653,0,0.3758680774189171,37.59,Moderate
13707,50000,24,0,0,0.6906466666666667,0.040715464733534754,0,0.375921469829033,37.59,Moderate
13679,20000,22,0,0,0.8263583333333334,0.033107106481248046,0,0.3757894616177554,37.58,Moderate
613,50000,37,0,0,0.9273166666666667,0.04056507126296303,0,0.37579575750023486,37.58,Moderate
19014,160000,31,0,0,0.002877083333333333,0.9319333816075308,1,0.3758273315655614,37.58,Moderate
7127,20000,31,0,0,0.06330833333333334,0.7936027379228643,0,0.37557110520615666,37.56,Moderate
10880,300000,33,0,0,0.7026022222222222,0.2227505052645562,0,0.37560637503358973,37.56,Moderate
29578,450000,42,1,2,0.002137037037037037,0.8474870017331022,1,0.37557114737484554,37.56,Moderate
20352,60000,26,0,0,0.8588194444444444,0.036057249130751194,0,0.37553656465143365,37.55,Moderate
20581,500000,30,2,2,0.03426133333333334,0.2144399906600249,0,0.37546660410247273,37.55,Moderate
29515,130000,29,0,0,0.7620525641025641,0.03658977693509937,0,0.3754866921097114,37.55,Moderate
17912,20000,38,0,0,0.6587,0.14434998228834572,1,0.37530345817635263,37.53,Moderate
18166,50000,42,0,0,0.5949233333333334,0.04762518419740359,0,0.3753153472301275,37.53,Moderate
27496,170000,57,0,0,0.0001647058823529412,29.642857142857142,1,0.3752396983463492,37.52,Moderate
24390,210000,43,0,0,0.7291857142857143,0.03477351339937787,0,0.375003381597296,37.5,Moderate
5520,80000,47,0,0,0.020764583333333333,0.29798334503862745,0,0.3750061814637448,37.5,Moderate
8775,150000,25,1,2,0.24667555555555556,0.045502864761630214,0,0.37494593204656346,37.49,Moderate
26721,50000,26,0,0,0.62227,0.04138075112089607,0,0.37475437090341596,37.48,Moderate
14856,30000,46,1,1,0.7675722222222222,0.32777950681441487,0,0.37455226082878756,37.46,Moderate
19332,20000,35,0,0,0.511525,0.20719091605167556,0,0.37436247540098383,37.44,Moderate
27741,50000,25,0,0,0.77309,0.04195285585550626,0,0.37439276891627243,37.44,Moderate
13618,30000,29,0,0,0.81975,0.05021856256988919,0,0.37440208217017923,37.44,Moderate
21499,140000,30,0,0,0.0013357142857142858,1.0,0,0.37430533928283427,37.43,Moderate
9937,50000,48,0,0,0.1884566666666667,0.07977076958451987,0,0.3741987714504944,37.42,Moderate
7243,320000,47,2,2,0.08140208333333333,0.8829242699562357,0,0.3741115848267957,37.41,Moderate
25396,20000,24,0,0,0.39305,1.128270364245431,0,0.3740531823914579,37.41,Moderate
14138,30000,38,0,0,0.15033333333333335,0.05543237250554324,0,0.3741368167394159,37.41,Moderate
18961,200000,29,0,0,0.05479,1.1099957413153252,1,0.3740468180760485,37.4,Moderate
25738,60000,29,0,0,0.038330555555555555,1.1341401550837018,0,0.3740230429245987,37.4,Moderate
2114,50000,33,0,0,0.76264,0.03553008846463163,1,0.37397828207090184,37.4,Moderate
5012,280000,49,0,0,0.054236904761904764,1.0835290502425425,1,0.37398859352540786,37.4,Moderate
28988,260000,41,1,2,0.8100217948717948,0.05634542913533507,0,0.3740101851398917,37.4,Moderate
5532,190000,25,1,1,0.01112280701754386,1.4600946372239747,0,0.3740015490164558,37.4,Moderate
27186,90000,27,1,2,0.5101981481481481,0.039973575988994835,0,0.3738347594995261,37.38,Moderate
5329,200000,30,0,0,0.0063425,1.027985810011825,0,0.37369644831849985,37.37,Moderate
14424,50000,24,1,2,0.39475666666666664,0.5580484180127843,0,0.3735512860163372,37.36,Moderate
18310,240000,28,0,0,0.0032944444444444445,0.9685919055649241,0,0.37344530094749023,37.34,Moderate
15209,140000,27,2,2,0.5403202380952381,0.03438216754173561,0,0.3734467633856013,37.34,Moderate
20178,60000,43,0,0,0.7610388888888889,0.052942979990802046,0,0.37333959430400954,37.33,Moderate
17169,50000,26,0,0,0.5522033333333334,0.041114082373038915,0,0.37320818525163657,37.32,Moderate
29187,80000,41,1,2,0.72550625,0.03477456833303182,0,0.3731429231389006,37.31,Moderate
17164,20000,27,0,0,1.0002833333333334,0.0824766316210407,0,0.3730035711194372,37.3,Moderate
921,260000,33,1,1,0.0028717948717948715,1.0,0,0.3730434724337147,37.3,Moderate
22586,60000,31,1,2,0.8361333333333333,0.03966339765056078,0,0.37282605708903954,37.28,Moderate
14674,120000,27,1,2,0.04762638888888889,0.7180601323962555,0,0.372603796185129,37.26,Moderate
13424,50000,53,1,2,0.49871666666666664,0.035197005647829425,1,0.37256427167632794,37.26,Moderate
22448,50000,42,0,0,0.73035,0.17853084137742178,0,0.37248952444992905,37.25,Moderate
24393,80000,41,0,0,1.0121458333333333,0.052794187267151065,1,0.3725161755751315,37.25,Moderate
12721,20000,32,0,0,0.643625,0.10099048358904641,0,0.3724937080233017,37.25,Moderate
26894,200000,29,1,2,0.12797916666666667,0.8933355038254924,0,0.3724084299199163,37.24,Moderate
9826,490000,51,1,2,0.010296258503401361,0.9509101119883717,0,0.37206422572160364,37.21,Moderate
11311,30000,27,0,0,0.4027277777777778,0.07093294339987033,0,0.37212930485712953,37.21,Moderate
12795,190000,31,0,0,0.0004894736842105263,3.546594982078853,1,0.3718568858634524,37.19,Moderate
13348,20000,38,0,0,0.9859416666666666,0.03957299705019736,0,0.3719158880521913,37.19,Moderate
10046,50000,39,0,0,0.6325566666666667,0.05796582124394652,0,0.3718802116734545,37.19,Moderate
12874,20000,25,0,0,0.7833666666666667,0.06366750351048892,1,0.3718663698821369,37.19,Moderate
9450,80000,30,0,0,0.012283333333333334,0.5440976933514247,1,0.37194376773635807,37.19,Moderate
22453,50000,44,0,0,0.7196733333333333,0.039471612120313845,0,0.37184857932655907,37.18,Moderate
2454,60000,23,1,2,0.7483,0.042117688983919106,0,0.3717830711564966,37.18,Moderate
2594,90000,49,0,0,0.0031888888888888887,6.466318234610918,0,0.37174177619391197,37.17,Moderate
2229,60000,29,0,0,0.845161111111111,0.03923643749712415,0,0.371635150478593,37.16,Moderate
16831,50000,46,0,0,0.7068466666666667,0.08159242457109982,0,0.37154544395166533,37.15,Moderate
7162,100000,37,0,0,0.5536383333333333,0.02379411348563894,1,0.3711967768274973,37.12,Moderate
3791,250000,46,0,0,0.006101333333333333,2.96875,1,0.37121829084715957,37.12,Moderate
11208,170000,36,1,2,0.24289411764705882,0.07065533275210695,0,0.37118273586270883,37.12,Moderate
21303,50000,51,0,0,0.7465333333333333,0.02672352205751027,0,0.37111971985544123,37.11,Moderate
1818,180000,44,0,0,0.00807685185185185,0.9964461767740457,0,0.3708816043125711,37.09,Moderate
10739,30000,26,0,0,0.32045555555555555,0.22155958531257586,0,0.37087528406905623,37.09,Moderate
21229,20000,49,0,0,0.6449583333333333,0.06607661993668841,0,0.370865108822807,37.09,Moderate
25223,70000,23,0,0,0.05407619047619048,0.5087178584008454,0,0.3708655793524823,37.09,Moderate
27903,60000,25,0,0,0.7840805555555556,0.07808508904626438,0,0.3707720741165438,37.08,Moderate
20383,50000,23,0,0,0.16425333333333333,0.0,0,0.3707512063553326,37.08,Moderate
11999,280000,41,0,0,0.0048101190476190474,1.173864620715258,0,0.3706031930575234,37.06,Moderate
5493,260000,28,1,1,0.0030032051282051285,0.8954108858057631,0,0.37052675838388865,37.05,Moderate
16935,350000,58,0,0,0.0021252380952380954,0.9159758010306969,0,0.37009233125109386,37.01,Moderate
9136,240000,54,1,2,0.7735402777777778,0.23890697352899457,0,0.36997364969244473,37.0,Moderate
11289,50000,23,0,0,0.6580666666666667,0.21829601864046197,0,0.36999064760888256,37.0,Moderate
29521,50000,34,0,0,0.5028933333333333,0.031815892038073015,1,0.37003461566618884,37.0,Moderate
9036,420000,25,1,2,0.004607539682539683,1.9378175867711653,0,0.36979381158395735,36.98,Moderate
29490,50000,47,0,0,0.60664,0.199360411446657,0,0.3697705146198475,36.98,Moderate
475,120000,32,0,0,0.026680555555555555,1.0500780843310775,0,0.3696999534420977,36.97,Moderate
10658,200000,30,0,0,0.006975833333333334,0.8580814717477004,0,0.3696631714536634,36.97,Moderate
14365,180000,33,2,2,0.07609074074074075,0.6840760300810436,0,0.36973589991922473,36.97,Moderate
13824,60000,30,0,0,0.8165194444444444,0.03301955794752115,0,0.3696454361740469,36.96,Moderate
11345,180000,43,1,1,0.008533333333333334,1.0,0,0.3695025045002618,36.95,Moderate
10653,50000,25,0,0,0.5339466666666667,0.0397730110373071,0,0.36942202750127906,36.94,Moderate
13221,30000,25,0,0,0.69165,0.08724708225901026,0,0.36919867498284764,36.92,Moderate
24644,50000,44,0,0,1.0093033333333332,0.07469838931804446,1,0.36905501701669946,36.91,Moderate
29157,80000,54,0,0,0.5869541666666667,0.0342481312425019,0,0.36885272885752785,36.89,Moderate
2608,490000,51,0,0,0.0005846938775510204,0.9144851657940664,1,0.3687873301223002,36.88,Moderate
6868,50000,29,0,0,0.57046,0.05891736493356239,0,0.3686459100654812,36.86,Moderate
213,40000,43,0,0,0.8997708333333334,0.038917316909398224,0,0.3686243887848263,36.86,Moderate
21010,50000,38,0,0,0.8008133333333333,0.03771998468223972,0,0.36851114089221787,36.85,Moderate
9854,50000,45,0,0,0.98984,0.054921334087663996,0,0.36849129734763003,36.85,Moderate
5312,80000,46,1,2,0.38692291666666667,0.11345390716281774,0,0.368509549425192,36.85,Moderate
18873,100000,27,1,1,0.005465,2.3903629155230255,0,0.36827614551048654,36.83,Moderate
13927,80000,44,0,0,0.14070208333333334,0.06507544012911441,0,0.3682913864603529,36.83,Moderate
20279,150000,54,0,0,0.045594444444444444,1.0242475935177289,1,0.3681101179295109,36.81,Moderate
14282,80000,27,2,2,0.5741,0.04266460546943041,0,0.36799456375315326,36.8,Moderate
12360,20000,40,0,0,0.7744583333333332,0.07860332490450314,0,0.3679469258451961,36.79,Moderate
27992,110000,29,1,2,0.07704545454545454,0.8487905604719764,0,0.3678552057360943,36.79,Moderate
17589,20000,43,0,0,0.5410916666666667,0.14581632810213918,0,0.3678024184200052,36.78,Moderate
12774,300000,34,0,0,0.8394477777777778,0.03418517199799339,1,0.3677058368706298,36.77,Moderate
17816,30000,23,0,0,0.8389333333333333,0.044368510277601185,0,0.36752064114838845,36.75,Moderate
19553,80000,37,0,0,0.025,1.1838333333333333,1,0.3674425226450737,36.74,Moderate
19305,230000,31,1,2,0.03319565217391304,0.22361929709670378,0,0.36715622253872876,36.72,Moderate
21913,30000,22,0,0,0.11376111111111112,0.9486741221858671,0,0.36702255052945515,36.7,Moderate
1979,20000,50,0,0,0.25238333333333335,0.9243875057782474,0,0.366990059104606,36.7,Moderate
6572,30000,22,0,0,0.8516055555555556,0.03979411438524617,0,0.3669668695431223,36.7,Moderate
21223,140000,33,0,0,0.007575,1.1823039446801824,0,0.366920389692994,36.69,Moderate
6277,30000,32,0,0,0.5855944444444444,0.05326021990949368,0,0.36686362444412607,36.69,Moderate
27448,140000,33,0,0,0.01680952380952381,1.0195467422096318,0,0.3667169853225577,36.67,Moderate
19019,90000,28,0,0,0.03807592592592593,0.47575507027868297,0,0.3667044442201538,36.67,Moderate
8357,360000,44,1,1,0.002554166666666667,1.1549755301794453,0,0.3663837708384276,36.64,Moderate
3161,280000,37,0,0,0.7589910714285715,0.0339532822787143,0,0.36643598264447924,36.64,Moderate
29135,200000,50,0,0,0.0026616666666666668,1.004070131496556,0,0.36629336736028584,36.63,Moderate
18577,110000,24,2,2,0.7364681818181819,0.23725438157957,0,0.36622430772714826,36.62,Moderate
14214,20000,38,0,0,0.4230833333333333,0.45806578688201693,0,0.3658420877726028,36.58,Moderate
29319,100000,28,0,0,0.7497583333333333,0.061564281824143335,0,0.3657369260235914,36.57,Moderate
13539,50000,22,0,0,0.68169,0.15095815791146514,0,0.365563578875241,36.56,Moderate
19463,30000,49,0,0,0.8605277777777778,0.06986668388263016,1,0.36560472552518025,36.56,Moderate
22593,160000,35,1,1,0.0012916666666666667,1.0,0,0.3656316222884792,36.56,Moderate
21153,110000,48,0,0,0.7872227272727272,0.1530697677104204,0,0.3653679585460721,36.54,Moderate
14822,80000,25,1,2,0.1842,0.09565010857763301,0,0.3651285648944991,36.51,Moderate
28358,210000,32,1,2,0.042446031746031745,1.2849182902658838,0,0.36508219647388174,36.51,Moderate
13604,30000,31,0,0,0.8461277777777777,0.04774692553659481,1,0.36497513749605376,36.5,Moderate
18157,110000,40,0,0,0.7548787878787879,0.036530046967203245,0,0.3649898731462954,36.5,Moderate
28560,400000,39,0,0,0.004235,0.836875245966155,1,0.36490571559532364,36.49,Moderate
29019,150000,41,0,0,0.0052,0.3002136752136752,0,0.36478063360242685,36.48,Moderate
26552,80000,59,0,0,0.8748395833333334,0.034627776997211396,1,0.3647855670840398,36.48,Moderate
8023,60000,27,0,0,0.06733055555555556,0.5029497916580717,0,0.3646608134674706,36.47,Moderate
25477,70000,24,0,0,0.22650714285714285,0.010511599550103539,0,0.36471373962868836,36.47,Moderate
10350,20000,35,0,0,0.26350833333333334,0.31292495493501155,1,0.36447180136351304,36.45,Moderate
10621,20000,23,0,0,0.13775,0.4307320024198427,0,0.36452451391825114,36.45,Moderate
819,150000,45,0,0,0.020894444444444445,1.4291411858548257,0,0.3643770573231877,36.44,Moderate
21631,280000,25,2,2,0.00968452380952381,10.550706822372465,0,0.3642750387316726,36.43,Moderate
5462,190000,48,0,0,0.97755,0.03651358973875792,0,0.36405191415408084,36.41,Moderate
22914,140000,33,0,0,-0.0024845238095238093,0.0,0,0.363773607820523,36.38,Moderate
19246,150000,37,0,0,0.006494444444444444,1.0,0,0.3637564231267774,36.38,Moderate
26091,300000,38,0,0,0.05747611111111111,0.0536938051557652,0,0.3636390006652233,36.36,Moderate
29028,210000,41,0,0,0.02367698412698413,1.0136090906043642,1,0.3635587266214157,36.36,Moderate
16885,20000,37,0,0,0.7311083333333332,0.05381099472262433,1,0.3635658217382776,36.36,Moderate
29365,20000,22,0,0,0.0168,1.0401785714285714,0,0.36351235777202245,36.35,Moderate
5554,400000,44,1,1,0.00222625,1.0469773535466966,0,0.36339660546843255,36.34,Moderate
13771,200000,32,0,0,0.013485,0.9510567296996663,0,0.3633267232424256,36.33,Moderate
508,180000,28,1,2,0.20929814814814812,0.0448058325443944,0,0.3632752688099561,36.33,Moderate
27461,330000,50,0,0,0.0005368686868686868,1.110065851364064,0,0.36319429336025616,36.32,Moderate
29147,40000,52,0,0,0.876325,0.05848286879867629,0,0.3632098217682031,36.32,Moderate
262,50000,29,0,0,0.6740033333333333,0.08166131720416812,0,0.3631703752006443,36.32,Moderate
21568,30000,25,0,0,0.7398388888888889,0.059006840828708954,0,0.3631774008651342,36.32,Moderate
3340,550000,49,0,0,0.019166666666666665,0.6974387351778656,1,0.3629947982179336,36.3,Moderate
1469,360000,39,0,0,0.002000462962962963,1.2200879426058782,0,0.3629212716785796,36.29,Moderate
29932,60000,41,0,0,0.5024388888888889,0.18465485023054212,0,0.36294968871677896,36.29,Moderate
28059,20000,40,0,0,0.436875,0.18891750119217932,0,0.3629056175053035,36.29,Moderate
17572,500000,35,0,0,0.028810333333333334,0.05982807094676679,0,0.3629007217193187,36.29,Moderate
15788,70000,26,0,0,1.3362571428571428,0.031876527899534594,0,0.3625980126751005,36.26,Moderate
8056,130000,24,0,0,0.008293589743589744,1.5011593754830732,1,0.3625484189638711,36.25,Moderate
29469,130000,31,0,0,0.019408974358974356,0.8493956007662329,0,0.3624478639136887,36.24,Moderate
6069,450000,30,0,0,0.00934962962962963,5.337704008873396,0,0.3622189318536527,36.22,Moderate
27089,50000,44,0,0,0.029673333333333336,0.6404178836216581,1,0.36219256329863814,36.22,Moderate
25164,60000,41,0,0,0.8282111111111111,0.055045009994767836,0,0.36196307778755443,36.2,Moderate
26452,360000,49,0,0,0.002375925925925926,0.8838659392049883,0,0.3620091932781664,36.2,Moderate
19621,50000,33,0,0,0.6725833333333333,0.028799405278156363,0,0.36189811407229183,36.19,Moderate
14215,30000,50,0,0,0.003694444444444444,0.0,1,0.36182343587950183,36.18,Moderate
12627,80000,55,0,0,0.6160916666666667,0.04972203811662226,0,0.36163452205677704,36.16,Moderate
24576,150000,31,0,0,0.02966,1.5619240278714317,0,0.361414929677157,36.14,Moderate
26009,100000,39,0,0,0.00314,0.0,0,0.36133916315080433,36.13,Moderate
24556,100000,31,0,0,0.6788983333333333,0.05155411094935668,0,0.3613087404623278,36.13,Moderate
10033,200000,27,0,0,0.008585833333333334,3.439483645540134,1,0.36129918295954505,36.13,Moderate
12009,20000,24,0,0,0.8463833333333334,0.06421440245751531,0,0.36116019220947576,36.12,Moderate
9809,230000,32,0,0,0.030069565217391306,1.0440283400809716,0,0.36103270463833725,36.1,Moderate
4632,20000,26,0,0,0.8347666666666667,0.10004791758175938,0,0.3610106414102353,36.1,Moderate
28041,200000,30,1,2,0.019839166666666668,1.032007392783635,0,0.3609650182935267,36.1,Moderate
13901,30000,27,0,0,0.5390833333333334,0.06564641624156232,0,0.3607471676820251,36.07,Moderate
7499,210000,30,1,1,0.013535714285714286,0.5726766344180593,0,0.36070473844315215,36.07,Moderate
16630,170000,45,0,0,0.6349019607843137,0.039376158122297715,0,0.3606023307985765,36.06,Moderate
6594,50000,56,0,0,0.76617,0.034283079038159504,0,0.3606091365691524,36.06,Moderate
14434,50000,26,0,0,0.6201266666666666,0.02383921564411572,0,0.3604425038457374,36.04,Moderate
11895,60000,32,0,0,0.9447472222222223,0.048590304872849585,0,0.3603378070273591,36.03,Moderate
10314,210000,33,1,1,0.0277484126984127,1.0,0,0.360193506481482,36.02,Moderate
18689,360000,28,1,2,0.010950462962962962,0.43440578362152793,1,0.36013584118181236,36.01,Moderate
1703,150000,30,2,2,0.20696222222222221,0.34799695059753255,1,0.35986487413649343,35.99,Moderate
11197,120000,28,0,0,0.034029166666666666,0.8610668952287662,0,0.35980599445800526,35.98,Moderate
21985,30000,28,1,2,0.20443333333333333,1.0959019511929997,0,0.35963694780581135,35.96,Moderate
4242,30000,30,0,0,0.9218944444444443,0.02892594355825263,0,0.35947755585562585,35.95,Moderate
15520,170000,42,0,0,0.8769117647058824,0.03278998267091509,0,0.35950697029583534,35.95,Moderate
26763,180000,29,1,1,-0.0001722222222222222,0.0,0,0.35949395513967536,35.95,Moderate
7157,50000,30,0,0,0.7825566666666667,0.054607334080173105,0,0.3594395397495209,35.94,Moderate
798,50000,22,0,0,0.12172,0.28883229269361377,0,0.35944241772904134,35.94,Moderate
20625,120000,32,0,0,0.01266388888888889,1.0418951524457118,0,0.3594392661583651,35.94,Moderate
10762,180000,27,0,0,0.006854629629629629,0.725921923544509,1,0.35944525006116773,35.94,Moderate
27279,360000,41,0,0,0.00317962962962963,1.024606872451951,1,0.35934595442778144,35.93,Moderate
4254,60000,51,0,0,0.65425,0.07659321530166009,0,0.35916241211513494,35.92,Moderate
1295,300000,41,1,2,0.05160722222222222,0.3192813236734738,0,0.3589593885367575,35.9,Moderate
29455,70000,30,1,2,0.6996095238095238,0.229890142800746,1,0.35889636810320863,35.89,Moderate
2950,60000,46,0,0,0.8164444444444444,0.032107376156777355,0,0.3588688881173473,35.89,Moderate
2330,90000,36,0,0,0.7356055555555555,0.036754802669506356,0,0.3588394966417742,35.88,Moderate
21012,50000,41,0,0,0.5806866666666667,0.04977440501475265,0,0.35872535459969507,35.87,Moderate
3524,200000,30,0,0,0.0018283333333333335,1.3422971741112124,0,0.3584534860058448,35.85,Moderate
14374,50000,24,0,0,0.05706666666666667,1.5714953271028038,1,0.35852342385641167,35.85,Moderate
1838,290000,40,0,0,0.5810350574712644,0.032971282916634106,1,0.35844953358936654,35.84,Moderate
3426,210000,26,0,0,0.6321452380952381,0.027498954806196588,0,0.3584375105105489,35.84,Moderate
7375,180000,38,1,2,0.2921564814814815,0.04246836265446282,1,0.3583447649802609,35.83,Moderate
17178,250000,31,1,2,0.005253333333333333,5.239720812182741,0,0.358169919737275,35.82,Moderate
10820,30000,23,0,0,0.05715555555555556,0.864599533437014,0,0.3579932728390007,35.8,Moderate
15765,70000,24,0,0,0.11438571428571429,0.15455226676657924,0,0.35802356096858345,35.8,Moderate
3467,200000,52,0,0,0.005185,0.9884281581485053,0,0.3578318431886153,35.78,Moderate
1193,270000,34,0,0,0.012273456790123457,0.986571442941206,1,0.35768248053586815,35.77,Moderate
29632,50000,30,0,0,0.59534,0.03295595794000067,0,0.35773027835667487,35.77,Moderate
17849,80000,27,1,2,0.595325,0.0735557608589146,0,0.35718270578972894,35.72,Moderate
21676,120000,25,2,2,0.42341944444444446,0.04461034828873392,0,0.35714433127509454,35.71,Moderate
5590,50000,39,0,0,0.5501466666666667,0.03060396015607959,0,0.35678572849740353,35.68,Moderate
13063,50000,48,0,0,0.6158866666666667,0.049045820118420055,0,0.3568058558776755,35.68,Moderate
15770,30000,24,0,0,0.0,0.0,0,0.35673963796793257,35.67,Moderate
29067,30000,56,0,0,0.9789333333333333,0.04533846363388722,0,0.3565291679144201,35.65,Moderate
1403,70000,44,0,0,0.12456666666666666,0.1815818647501816,1,0.356505593190671,35.65,Moderate
25114,50000,57,0,0,0.7498666666666667,0.03942923186344239,0,0.356265261854951,35.63,Moderate
7290,20000,33,0,0,0.95325,0.056027624792376954,0,0.3563030888932743,35.63,Moderate
29256,30000,25,0,0,0.46413333333333334,0.08510485492674519,1,0.3562600505482875,35.63,Moderate
26766,180000,26,0,0,0.005402777777777778,0.8721508140531277,1,0.3562129011084656,35.62,Moderate
26548,520000,54,0,0,1.0893964743589744,0.03501115208167778,0,0.35615013786235333,35.62,Moderate
9001,50000,36,0,0,0.34443,0.030639994580417888,0,0.3561951673290698,35.62,Moderate
17329,30000,39,1,2,0.8781944444444444,0.2145816859085877,0,0.3560829371217533,35.61,Moderate
27980,160000,28,0,0,0.00016666666666666666,0.0,0,0.35596245236740753,35.6,Moderate
27429,20000,40,0,0,0.7604166666666667,0.06744109589041096,1,0.3558215849184923,35.58,Moderate
11890,30000,22,0,0,0.0,0.0,0,0.3556584920971427,35.57,Moderate
1426,120000,27,0,0,0.033576388888888885,0.7311685625646329,0,0.35567892653099487,35.57,Moderate
11910,350000,38,0,0,0.013068095238095238,0.4983055788361331,0,0.3556166220547837,35.56,Moderate
21530,80000,22,0,0,0.7912520833333333,0.11137411433882481,0,0.35560365752740386,35.56,Moderate
18710,30000,26,0,0,0.6936444444444444,0.06500288332158646,1,0.35545403099682554,35.55,Moderate
28451,320000,37,0,0,0.2113203125,1.268155323055689,0,0.3554711248582798,35.55,Moderate
18366,20000,23,0,0,0.4234916666666667,0.8712882976839371,0,0.3554279217411688,35.54,Moderate
22753,200000,34,0,0,0.46745666666666663,0.3364518636308535,0,0.35524710542317134,35.52,Moderate
1845,210000,48,0,0,0.00045238095238095237,1.0,0,0.3552098648366074,35.52,Moderate
12286,110000,35,0,0,1.0630878787878788,0.03506224007251603,0,0.35511306352018474,35.51,Moderate
14602,30000,29,0,0,0.3253944444444445,0.6031483157193833,0,0.355077301580895,35.51,Moderate
26811,60000,27,0,0,0.6971222222222223,0.037579095009642814,0,0.3550162533387583,35.5,Moderate
24526,240000,41,0,0,0.9316722222222222,0.03588231435709984,1,0.3549592203724294,35.5,Moderate
12213,100000,45,0,0,0.012406666666666668,0.9547286405158517,0,0.3549231691827377,35.49,Moderate
7095,160000,27,0,0,0.12446875,0.008536279186542806,1,0.35466328592104196,35.47,Moderate
16867,360000,40,0,0,0.001023148148148148,1.2669683257918551,0,0.3544946648044707,35.45,Moderate
26358,500000,32,0,0,0.80995,0.035878757948021485,0,0.3544717391948137,35.45,Moderate
19416,230000,37,0,0,0.004873188405797101,1.057992565055762,1,0.3543318272417982,35.43,Moderate
10652,500000,54,0,0,0.017454,1.4856193422711126,0,0.3542690176971534,35.43,Moderate
7537,300000,32,0,0,0.0045161111111111105,1.0070119325870341,1,0.3543265198561101,35.43,Moderate
21408,30000,30,0,0,0.059638888888888894,1.057196087564043,0,0.354271548016875,35.43,Moderate
14726,30000,43,0,0,0.7584166666666666,0.03743910925539318,0,0.35423850578271276,35.42,Moderate
1841,70000,31,0,0,0.6253547619047619,0.0340035560767412,0,0.3541848720525808,35.42,Moderate
25746,240000,38,2,2,0.19144930555555556,0.12730016286585874,0,0.3541675766736475,35.42,Moderate
18734,50000,24,0,0,0.5763733333333334,0.06939946331081706,0,0.35385892894525495,35.39,Moderate
9542,160000,25,0,0,0.0016541666666666668,1.3664987405541562,0,0.35387502911096835,35.39,Moderate
12276,50000,38,0,0,0.73865,0.15578871364426092,0,0.3538112056932158,35.38,Moderate
27642,40000,23,0,0,0.9824583333333334,0.0466516815810679,0,0.3534582279182447,35.35,Moderate
9819,50000,41,0,0,0.49483666666666665,0.10112427669736142,0,0.35336786168008383,35.34,Moderate
19972,130000,41,0,0,0.07712051282051281,0.0825381520763374,0,0.3532594271397196,35.33,Moderate
29705,240000,35,1,1,0.03883472222222222,0.52769929544723,0,0.3530614950940677,35.31,Moderate
18567,320000,26,0,0,0.8568973958333334,0.03868182390078548,0,0.35309145108851403,35.31,Moderate
7445,30000,25,0,0,0.8438333333333333,0.06978734610573441,0,0.35303992244173976,35.3,Moderate
2402,330000,29,0,0,0.004068686868686869,0.46809831181727907,0,0.3529761450685587,35.3,Moderate
15196,120000,26,0,0,0.0026333333333333334,1.8059071729957805,0,0.3528444271330173,35.28,Moderate
26432,50000,38,0,0,0.6153,0.07319464759737797,0,0.3525751668556881,35.26,Moderate
10256,50000,23,0,0,0.12129666666666666,0.05331281431201737,0,0.3524279866502787,35.24,Moderate
24509,80000,44,0,0,0.02818333333333333,0.7283412182140745,0,0.3523962012882825,35.24,Moderate
29060,30000,52,0,0,0.78955,0.059246124726461624,0,0.35234027850553434,35.23,Moderate
8780,360000,26,0,0,0.03353888888888889,0.4598724532052344,0,0.35216137045873913,35.22,Moderate
4679,170000,29,0,0,0.5963617647058823,0.03271471290784479,0,0.3520550792867679,35.21,Moderate
10427,500000,40,0,0,0.000881,0.24177071509648126,0,0.35197140587446646,35.2,Moderate
28624,200000,31,2,2,0.3850825,0.03944609272039108,0,0.3520100300000625,35.2,Moderate
432,390000,27,0,0,0.7576371794871795,0.035068541365953866,1,0.3518588821767859,35.19,Moderate
24962,80000,35,0,0,0.838875,0.041034619778473155,0,0.35191711153515065,35.19,Moderate
29117,20000,54,0,0,0.839325,0.0823578470794984,0,0.3517238830704933,35.17,Moderate
2142,140000,41,0,0,0.014767857142857143,0.6916565900846433,0,0.35153049560936867,35.15,Moderate
20241,90000,55,0,0,0.0205462962962963,0.6946372239747634,0,0.3513754232528449,35.14,Moderate
17267,20000,33,0,0,0.9883166666666666,0.05902291775578003,0,0.3513750795657695,35.14,Moderate
3464,30000,22,0,0,0.4633833333333333,1.025908475104605,0,0.3513250984572778,35.13,Moderate
3748,200000,43,0,0,0.014213333333333333,2.6778846153846154,0,0.3511779849819273,35.12,Moderate
26420,60000,48,0,0,0.9733416666666667,0.02784793509187992,0,0.35124025304398293,35.12,Moderate
18255,80000,52,0,0,0.6170895833333333,0.039506689668909495,0,0.35112783016432875,35.11,Moderate
15642,250000,36,0,0,0.7584126666666666,0.20563914632227487,0,0.3511478693284069,35.11,Moderate
978,180000,28,0,0,0.054014814814814814,1.1164118211738892,0,0.3509637929016179,35.1,Moderate
870,290000,34,0,0,1.07958908045977,0.037365217182995875,0,0.3509572324082539,35.1,Moderate
13504,10000,29,0,0,0.883,0.15419026047565118,1,0.35094200629670597,35.09,Moderate
3672,80000,26,0,0,0.0288,1.8001302083333333,0,0.3506645037631969,35.07,Moderate
16910,90000,46,0,0,0.6442833333333333,0.034888032352915814,0,0.3506300760277994,35.06,Moderate
14968,10000,22,0,0,1.1150666666666667,0.07491330862130814,0,0.350642101533673,35.06,Moderate
25754,100000,31,1,1,0.0025283333333333334,1.0,0,0.35063937177571086,35.06,Moderate
23260,10000,37,0,0,0.5132333333333333,0.894070273429889,0,0.3503828817627783,35.04,Moderate
12255,110000,34,1,2,0.06686818181818181,0.30976820066616817,0,0.35021418761225015,35.02,Moderate
11694,230000,32,0,0,0.0031471014492753624,0.8273083122265715,0,0.3501960435203029,35.02,Moderate
11614,30000,33,0,0,0.6592666666666667,0.032300198874169954,0,0.350103634994883,35.01,Moderate
17647,340000,36,0,0,0.749543137254902,0.03678319080642588,0,0.3501101659904936,35.01,Moderate
28065,80000,36,0,0,0.9124125,0.03674096602870595,0,0.35002546487057357,35.0,Moderate
10164,120000,23,0,0,0.6675402777777777,0.03447565585930104,0,0.3499413953176399,34.99,Moderate
25899,90000,32,0,0,0.8186333333333333,0.0349000818889658,0,0.34965560405886703,34.97,Moderate
14439,30000,31,0,0,0.10193333333333333,0.7394811423588402,0,0.34962579703326074,34.96,Moderate
7040,170000,25,0,0,0.017741176470588236,0.7907272325375774,0,0.34945587419558016,34.95,Moderate
5016,290000,24,1,1,0.003103448275862069,2.2933333333333334,0,0.34954533343304,34.95,Moderate
4424,50000,51,0,0,0.5937533333333334,0.032527536687513334,0,0.3492996872766825,34.93,Moderate
26146,230000,48,0,0,1.1738050724637683,0.05238136100172176,0,0.3492717401074849,34.93,Moderate
10957,80000,35,0,0,0.0326375,2.2193284820630663,0,0.3491524960253916,34.92,Moderate
4250,20000,31,0,0,0.960425,0.055183902959627246,0,0.349168303870009,34.92,Moderate
8435,160000,34,0,0,0.010795833333333333,1.9096873793901967,0,0.34915632470504376,34.92,Moderate
15795,20000,24,0,0,0.76195,0.08003587287004835,0,0.34913522396667973,34.91,Moderate
4287,30000,22,0,0,0.7603666666666666,0.10271360308623033,0,0.34914435706079017,34.91,Moderate
6305,180000,36,0,0,0.0041907407407407405,1.3146266018559434,1,0.34893048320825654,34.89,Moderate
24774,500000,40,0,0,0.006036666666666667,0.0,0,0.3488478012532442,34.88,Moderate
13577,50000,64,0,0,0.42967666666666665,0.038594912453550345,0,0.3486577656108107,34.87,Moderate
20870,240000,31,0,0,0.8941479166666667,0.037492243158251996,0,0.3486186107368374,34.86,Moderate
164,250000,34,1,2,0.612628,0.043365087241632225,0,0.3484985402123081,34.85,Moderate
14262,20000,57,0,0,0.21355833333333335,0.4513598938619425,1,0.3484255747777679,34.84,Moderate
15250,500000,35,0,0,0.01938266666666667,0.9654674279424915,0,0.34840331821051934,34.84,Moderate
29095,80000,56,0,0,0.03170625,0.663184177672646,0,0.34842926474124275,34.84,Moderate
19772,230000,40,0,0,0.006393478260869565,0.9835656806075032,0,0.3483145039647943,34.83,Moderate
16006,20000,34,0,0,0.17138333333333333,1.9819118934163182,0,0.348230747752086,34.82,Moderate
8442,30000,45,0,0,0.6373777777777777,0.0456732445436162,0,0.34824135095521347,34.82,Moderate
15660,120000,37,0,0,0.019725,0.7789043796648359,0,0.3480522132231903,34.81,Moderate
15461,90000,29,0,0,0.6984870370370371,0.038042541684010146,0,0.34786164049583046,34.79,Moderate
12154,70000,23,0,0,0.0725952380952381,0.3275828140373893,0,0.3476585100374127,34.77,Moderate
13234,60000,44,0,0,0.7467777777777778,0.03842062193126023,0,0.3476623530681298,34.77,Moderate
25361,260000,26,0,0,0.9618935897435897,0.03471118000418512,0,0.3477171956799912,34.77,Moderate
15374,280000,32,0,0,0.04969107142857143,0.06827900959499766,0,0.34755695655295665,34.76,Moderate
26488,80000,50,0,0,0.0156375,0.4138022915001332,0,0.3474413145451643,34.74,Moderate
26591,90000,34,0,0,0.84045,0.039676716397520725,0,0.3473025374038992,34.73,Moderate
8464,260000,28,0,0,0.9210724358974359,0.03909183344665813,0,0.3472962301605767,34.73,Moderate
25451,50000,25,0,0,0.42933333333333334,0.03737577639751553,0,0.34703331728646136,34.7,Moderate
1635,170000,50,0,0,0.6813460784313725,0.084649331700656,0,0.34701391423835004,34.7,Moderate
20087,30000,45,0,0,0.003833333333333333,2.347826086956522,0,0.3470057515974014,34.7,Moderate
5409,60000,33,0,0,0.699,0.046494992846924176,0,0.3470280537459368,34.7,Moderate
4278,360000,29,0,0,0.001687962962962963,0.6856829402084477,1,0.34682247346777295,34.68,Moderate
6237,380000,42,0,0,0.004343859649122807,0.5586631663974152,0,0.3467198847404547,34.67,Moderate
23052,360000,39,2,2,0.006798148148148149,1.3175565241078726,0,0.34654127650539984,34.65,Moderate
27425,140000,40,0,0,0.9078333333333334,0.03417608644338955,1,0.3465023785547818,34.65,Moderate
7892,290000,52,0,0,0.3600505747126437,0.3698267165532301,0,0.34643713930870385,34.64,Moderate
9936,50000,38,0,0,0.21505333333333332,0.06589063178126356,0,0.34638962172578236,34.64,Moderate
13834,20000,43,0,0,0.9686166666666666,0.2171137532907755,0,0.34627770790719486,34.63,Moderate
536,60000,25,0,0,0.0483,0.8059006211180124,0,0.34622234976769,34.62,Moderate
24631,200000,43,0,0,0.009595,0.7086155984019454,0,0.34615650897557093,34.62,Moderate
3147,50000,25,0,0,0.07562333333333333,0.9533212853175828,0,0.34620135988937206,34.62,Moderate
2967,50000,46,0,0,0.6421,0.052748793022893634,0,0.3461014256835677,34.61,Moderate
25779,300000,46,1,1,0.009561666666666666,1.2346173958514903,0,0.3460606738414538,34.61,Moderate
5356,60000,37,0,0,0.9587472222222223,0.04323639935216385,0,0.34610769009223424,34.61,Moderate
2387,80000,24,1,1,0.016275,1.114695340501792,0,0.34599863350152743,34.6,Moderate
12243,250000,35,0,0,0.8806546666666666,0.03595204173864595,0,0.34604106298743575,34.6,Moderate
991,50000,39,1,2,0.69947,0.44560881810513675,0,0.34588683365798756,34.59,Moderate
26873,560000,40,0,0,0.721001488095238,0.030519304951569928,0,0.3457787920573293,34.58,Moderate
20366,50000,23,0,0,0.5725033333333334,0.042823622569883146,0,0.34568322996251455,34.57,Moderate
11030,20000,30,0,0,0.34591666666666665,0.3149843411226211,0,0.3455983686034125,34.56,Moderate
3119,60000,43,0,0,0.8026944444444444,0.03794165484306329,0,0.34560093641832085,34.56,Moderate
7488,150000,30,0,0,0.008837777777777778,1.414759869248177,0,0.3454653959575293,34.55,Moderate
28248,30000,32,0,0,0.028311111111111113,0.34379905808477235,0,0.34536544069301284,34.54,Moderate
28568,20000,43,0,0,0.7238416666666667,0.12541877252161499,0,0.34516356988157054,34.52,Moderate
23708,280000,64,1,2,0.08364404761904762,0.13440600048391,0,0.3451857508353945,34.52,Moderate
2873,350000,37,0,0,0.0010457142857142857,1.0,0,0.34468845322806624,34.47,Moderate
20514,20000,27,1,1,0.7962916666666667,0.24639213018680342,0,0.3446981514775419,34.47,Moderate
8021,30000,45,0,0,1.0139,0.04131461573023857,1,0.3446787136991343,34.47,Moderate
8550,500000,38,0,0,0.008623,0.5636089528006494,0,0.3446673871979592,34.47,Moderate
6934,50000,59,0,0,0.57847,0.046098616465273336,0,0.34450498688772785,34.45,Moderate
7018,20000,38,0,0,0.802,0.10868661679135494,0,0.34451331976327376,34.45,Moderate
1169,80000,23,0,0,0.04653541666666667,0.5488203429287729,0,0.34447021774225645,34.45,Moderate
10566,60000,24,0,0,0.9701472222222223,0.04781633944447149,0,0.34441256754421545,34.44,Moderate
28938,170000,37,0,0,0.0510343137254902,0.5257516088752281,0,0.34442745795928587,34.44,Moderate
15113,250000,51,0,0,0.0015946666666666668,1.0526755852842808,0,0.3444451622883021,34.44,Moderate
22895,200000,30,0,0,0.006528333333333334,1.1000765892264488,0,0.34444262474090115,34.44,Moderate
27636,70000,23,0,0,0.8037595238095238,0.037662295344200916,1,0.3443761966698203,34.44,Moderate
14441,50000,33,1,1,0.16052333333333335,0.6124135639678552,0,0.34432343545761274,34.43,Moderate
15256,80000,33,0,0,0.0037729166666666666,1.2109331860850359,0,0.3443389336097102,34.43,Moderate
16546,30000,26,1,2,0.8715166666666667,0.09163463438577703,0,0.34432815856894045,34.43,Moderate
25107,20000,50,0,0,0.19175833333333334,0.20042588327321717,0,0.3441731020899109,34.42,Moderate
22790,240000,35,0,0,0.7580819444444444,0.03652950886649237,1,0.3440953517782763,34.41,Moderate
9100,100000,50,0,0,0.637725,0.1123498895814549,0,0.3439051999607007,34.39,Moderate
8861,110000,26,1,2,0.41560454545454545,0.044509823222104346,0,0.34389269619130386,34.39,Moderate
4998,200000,45,0,0,0.576505,0.0309956837610544,1,0.34387921861365234,34.39,Moderate
17400,60000,36,0,0,0.7625972222222223,0.053963975449396254,0,0.3435954903613511,34.36,Moderate
27612,50000,26,0,0,0.77404,0.04356794653161766,0,0.34359886930120626,34.36,Moderate
23847,290000,52,3,2,0.26157413793103446,0.10436372185200565,0,0.34347155877895325,34.35,Moderate
27202,360000,38,0,0,0.0029148148148148145,0.7973316391359594,0,0.3434909188500673,34.35,Moderate
27487,30000,57,0,0,0.9143055555555556,0.044295913717150234,1,0.3433937156090995,34.34,Moderate
25426,50000,26,0,0,0.6292233333333334,0.044250319176550985,0,0.34335059848817734,34.34,Moderate
7359,150000,27,0,0,0.7938422222222222,0.038619484980222774,0,0.3432291820867334,34.32,Moderate
23728,200000,51,0,0,0.9132325,0.16411027129819988,0,0.3431474757174721,34.31,Moderate
3310,280000,51,0,0,0.0035398809523809523,0.8718681688246175,0,0.3429776185868089,34.3,Moderate
10834,80000,51,1,1,0.054975,1.001819008640291,1,0.3430171925276774,34.3,Moderate
4893,50000,47,0,0,0.43882666666666664,0.05194913709285367,0,0.3429022429495894,34.29,Moderate
26767,50000,25,0,0,0.98853,0.03939182422384753,0,0.34289569571706385,34.29,Moderate
150,260000,60,1,1,0.013485897435897436,1.16308584466204,0,0.3429147265021249,34.29,Moderate
3348,60000,39,0,0,0.9583833333333334,0.03711690404558603,0,0.34280033920578085,34.28,Moderate
18579,160000,25,0,0,0.6116260416666667,0.18762145305972297,0,0.3427438776317343,34.27,Moderate
19616,50000,30,0,0,0.62209,0.18774882519678288,0,0.3427072696612554,34.27,Moderate
12784,160000,35,0,0,0.007852083333333332,0.0,0,0.34266164858008,34.27,Moderate
29438,160000,29,0,0,0.017803125,0.6237200865952841,0,0.3424764739926421,34.25,Moderate
17167,20000,26,0,0,0.8871583333333334,0.06763167040832621,0,0.3424219141625422,34.24,Moderate
5987,210000,33,0,0,0.002157936507936508,0.302317028319235,1,0.3424452846782407,34.24,Moderate
2639,100000,40,0,0,0.038261666666666666,1.9330487433026964,0,0.34229397939054435,34.23,Moderate
14957,20000,23,0,0,0.953325,0.059441079030411105,0,0.3422177532303307,34.22,Moderate
16948,30000,56,0,0,0.3047722222222222,0.08390601359849796,0,0.3421583098545809,34.22,Moderate
8065,20000,51,0,0,0.08666666666666667,0.19230769230769232,0,0.3419707662580841,34.2,Moderate
27203,150000,43,0,0,0.8656066666666666,0.03096094453986029,0,0.34197887229234214,34.2,Moderate
12485,70000,24,0,0,0.6937571428571429,0.03806395815744497,0,0.3418966974435339,34.19,Moderate
2195,130000,47,0,0,0.04102051282051282,0.9815289411176397,0,0.3417481014496018,34.17,Moderate
227,350000,44,0,0,0.003992380952380952,0.6105677480916031,0,0.3417019672912415,34.17,Moderate
3931,100000,40,0,0,0.10234,0.016285584001042276,0,0.3416848217144373,34.17,Moderate
28593,60000,42,0,0,0.9513777777777778,0.03985739979445015,0,0.34158037208036096,34.16,Moderate
15403,100000,54,0,0,0.8787933333333333,0.03338099970413977,0,0.34157145019306195,34.16,Moderate
7073,200000,41,0,0,0.0027983333333333332,1.1179273377010126,0,0.3415476949644034,34.15,Moderate
23664,110000,38,0,0,0.7316030303030303,0.23610668146742936,1,0.34144900944486184,34.14,Moderate
2423,80000,39,0,0,0.02180625,0.25938664373746056,0,0.341314782619415,34.13,Moderate
1660,20000,22,0,0,0.25130833333333336,0.11566137215240242,0,0.3411775596518233,34.12,Moderate
10021,260000,43,0,0,0.008130128205128206,0.5746274540723804,0,0.34117900557728026,34.12,Moderate
27490,140000,53,0,0,0.7214369047619048,0.03779494296270505,0,0.34109994102143026,34.11,Moderate
28039,200000,29,0,0,0.8006366666666667,0.034474647259889,1,0.3410739018261803,34.11,Moderate
3198,10000,33,0,0,0.8917666666666666,0.2504765820655627,0,0.34103550369704266,34.1,Moderate
3989,300000,64,0,0,0.00421,1.0472420163631566,0,0.3409437387000347,34.09,Moderate
27114,60000,29,0,0,0.5780944444444444,0.07040852609627415,0,0.34082034760506474,34.08,Moderate
2720,150000,49,0,0,0.36164666666666667,0.03180821059229082,0,0.3405838113829265,34.06,Moderate
15143,20000,26,0,0,0.7722583333333333,0.07020535010952725,0,0.34063315676657774,34.06,Moderate
24734,90000,34,0,0,0.36451666666666666,0.10457785296612968,0,0.3406365341814863,34.06,Moderate
10488,170000,33,0,0,0.8929490196078432,0.03557281007632783,1,0.34043954562375256,34.04,Moderate
12683,30000,41,1,1,0.4294777777777778,0.7598892712079269,0,0.3403058975049923,34.03,Moderate
16842,260000,37,0,0,0.0006,1.2286324786324787,0,0.34019371814542904,34.02,Moderate
19838,200000,44,0,0,0.003425,1.1669099756690997,0,0.3402440426343673,34.02,Moderate
20381,50000,23,0,0,0.6534566666666667,0.12338487122328948,1,0.3401540013770996,34.02,Moderate
10783,30000,43,1,2,0.9165055555555556,0.05879821301925793,0,0.3402184469422114,34.02,Moderate
731,50000,26,0,0,0.20764,0.08346176073974186,0,0.3401265672339211,34.01,Moderate
22443,400000,46,1,2,0.062315,0.4868544224237075,1,0.34001760809314646,34.0,Moderate
6822,220000,43,0,0,0.00250530303030303,2.2174175990323555,0,0.34003040698000025,34.0,Moderate
19922,30000,44,0,0,0.3481444444444445,0.1733954616538474,0,0.3400009044227229,34.0,Moderate
27706,130000,24,0,0,0.6991474358974359,0.26843499867054194,0,0.33975029021251096,33.98,Moderate
13629,50000,57,0,0,0.36693666666666663,0.0469745005950164,0,0.3397088271218108,33.97,Moderate
10835,270000,52,1,2,0.0284,0.5823335072161363,0,0.33968313837158015,33.97,Moderate
4345,130000,38,0,0,0.784723076923077,0.034145640140895696,0,0.3396128444924033,33.96,Moderate
17684,70000,36,0,0,0.9408976190476189,0.05642787915288592,0,0.3393500813052138,33.94,Moderate
7856,20000,22,0,0,0.9836666666666666,0.05693832599118943,0,0.3392807329893798,33.93,Moderate
28991,260000,35,0,0,0.003321153846153846,1.0,0,0.33924177262785854,33.92,Moderate
12974,250000,29,0,0,0.006188,1.1228183581124758,0,0.3392002226317385,33.92,Moderate
6939,260000,51,1,1,0.005969230769230769,1.0876288659793814,0,0.3390752970241207,33.91,Moderate
28219,20000,47,0,0,0.5346416666666667,0.1362906619698552,0,0.3389357565480847,33.89,Moderate
1844,20000,41,0,0,0.9509916666666666,0.3579246225431348,1,0.33868210199541354,33.87,Moderate
7815,30000,27,0,0,0.3262,0.3304550718713809,0,0.33858967119937533,33.86,Moderate
26408,480000,46,0,0,0.003021875,0.6586234631736183,0,0.338646078253188,33.86,Moderate
28167,30000,32,0,0,0.9750666666666666,0.05070878344500661,1,0.3384553394523652,33.85,Moderate
11080,100000,41,1,2,0.68112,0.22395710985827266,0,0.3381862346459696,33.82,Moderate
25604,160000,32,0,0,0.0022802083333333333,0.9771585198720877,0,0.33822053973478006,33.82,Moderate
10373,200000,33,0,0,0.004281666666666667,0.9680809653561697,0,0.33793377976080996,33.79,Moderate
18747,20000,29,0,0,0.8231,0.09109869193698619,0,0.33757665718187496,33.76,Moderate
3425,60000,24,0,0,0.3712305555555555,0.04091497497063071,0,0.3375740220328454,33.76,Moderate
11671,20000,31,0,0,0.9192916666666666,0.22876308752209581,0,0.33750225858428506,33.75,Moderate
9185,50000,51,0,0,0.5301333333333333,0.06694542253521127,1,0.33754807294607175,33.75,Moderate
29636,20000,32,0,0,0.7460583333333333,0.1883789247936377,0,0.33737707422527474,33.74,Moderate
17598,310000,29,0,0,0.002943010752688172,0.82955791012057,0,0.33739489489009117,33.74,Moderate
27353,70000,30,1,1,0.17276190476190478,0.33805126791620727,0,0.3372084370026671,33.72,Moderate
28078,230000,46,0,0,0.003691304347826087,1.0588928150765606,0,0.3370061993997523,33.7,Moderate
24752,330000,38,0,0,0.002588888888888889,0.9551307062036676,0,0.33693316629036885,33.69,Moderate
4967,50000,45,0,0,0.5306833333333334,0.04301372444332779,0,0.33687705265708434,33.69,Moderate
29372,50000,27,0,0,0.05833333333333333,0.0,0,0.336938531182756,33.69,Moderate
27533,50000,57,0,0,0.5800433333333334,0.037531678667685746,0,0.3368732220922078,33.69,Moderate
27961,140000,27,0,0,0.01459404761904762,0.9902928460722734,0,0.3368840853071159,33.69,Moderate
25231,30000,24,0,0,0.7896,0.05375436226500056,0,0.3368239425167208,33.68,Moderate
14966,50000,34,0,0,0.4817666666666666,0.027675915034940844,0,0.336727096584013,33.67,Moderate
18672,30000,22,0,0,0.0,0.0,0,0.3365535440243014,33.66,Moderate
13434,10000,25,0,0,0.7600333333333333,0.1747072496820315,0,0.3366296622322545,33.66,Moderate
10433,500000,49,0,0,0.58721,0.017253339236956683,1,0.3366492004140032,33.66,Moderate
2525,20000,23,0,0,0.4031166666666667,0.35796088808037374,0,0.33664019397566763,33.66,Moderate
3460,230000,30,1,2,0.207613768115942,0.09715992977483971,1,0.3364831258786024,33.65,Moderate
26220,100000,38,0,0,0.7345016666666667,0.03325837699483323,0,0.3364054807231691,33.64,Moderate
1038,180000,54,0,0,0.6533962962962963,0.030819025377372928,1,0.3363515837439373,33.64,Moderate
13878,120000,37,0,0,0.010469444444444444,1.0263995754842132,0,0.3362133175352454,33.62,Moderate
12549,170000,33,0,0,0.007284313725490195,0.7802153432032302,0,0.3361879128473602,33.62,Moderate
27673,50000,23,0,0,0.9356533333333333,0.03925955482087383,0,0.336231282331112,33.62,Moderate
1236,30000,54,0,0,0.7277111111111111,0.06716645799615233,1,0.3360951596320223,33.61,Moderate
1912,170000,31,0,0,0.031349019607843136,1.0600450337753315,0,0.33609546096416065,33.61,Moderate
24421,500000,38,0,0,0.023792,0.88273369199731,0,0.33597470536636515,33.6,Moderate
20593,50000,27,0,0,0.37704,0.05689051559516232,0,0.3359808694582425,33.6,Moderate
21245,250000,44,1,2,0.052887333333333335,0.938321715344569,0,0.33585886541774373,33.59,Moderate
22528,120000,47,0,0,0.023208333333333334,0.3267504488330341,0,0.3358407024574121,33.58,Moderate
27761,80000,25,0,0,0.938225,0.03444003304111487,0,0.33582256116496906,33.58,Moderate
4892,420000,33,0,0,0.01355595238095238,11.95933959778695,0,0.33580975994603246,33.58,Moderate
27005,60000,31,0,0,0.44188055555555555,0.03771758330871213,0,0.33559940531328025,33.56,Moderate
5824,50000,43,0,0,0.45242666666666664,0.04408817635270541,0,0.3355338887619489,33.55,Moderate
7046,20000,26,0,0,0.920175,0.7633783428876754,0,0.33550036410493966,33.55,Moderate
12916,170000,34,0,0,0.7199313725490196,0.03385807470755655,0,0.33540995524338557,33.54,Moderate
24886,260000,37,0,0,0.01789871794871795,0.8325693001933959,0,0.3352703658821065,33.53,Moderate
3670,260000,36,0,0,0.015336538461538462,0.993103448275862,0,0.33516734270641585,33.52,Moderate
7774,80000,44,0,0,0.024097916666666667,0.5046252269387049,0,0.33524481499229714,33.52,Moderate
3432,160000,55,0,0,0.024842708333333335,0.8950899408780242,0,0.3352105759786734,33.52,Moderate
27244,180000,37,0,0,0.008992592592592594,0.8215609555189456,1,0.33521697512891363,33.52,Moderate
21601,50000,23,0,0,0.14544666666666667,0.0,1,0.33511091152581024,33.51,Moderate
27928,130000,27,0,0,0.045585897435897436,0.7607222206597857,0,0.3350269595845341,33.5,Moderate
18060,400000,32,0,0,0.020254166666666667,0.6962970582184735,0,0.3349518624269946,33.5,Moderate
3633,50000,64,0,0,0.5516533333333333,0.20002900372214436,0,0.33494832980227585,33.49,Moderate
28110,60000,39,0,0,0.03951944444444444,0.1182259084838687,1,0.33481761923430925,33.48,Moderate
12553,70000,42,0,0,1.0149166666666667,0.04009243076489977,1,0.3348186031363522,33.48,Moderate
23737,230000,51,0,0,0.0003594202898550725,2.0,1,0.3346705095528952,33.47,Moderate
12871,160000,27,0,0,0.000171875,0.0,1,0.3344560106310801,33.45,Moderate
11563,80000,27,0,0,0.72505,0.24688239891501734,0,0.33453305932053756,33.45,Moderate
21329,20000,51,0,0,0.7715,0.07083603370058328,0,0.33450131237579767,33.45,Moderate
15090,160000,36,0,0,0.8171302083333333,0.031488504611540645,0,0.3345306400554851,33.45,Moderate
305,200000,27,0,0,0.015196666666666667,0.7088725597718798,0,0.3344376409101255,33.44,Moderate
23173,50000,48,0,0,0.02699,1.0815116709892554,0,0.33432979614792163,33.43,Moderate
25883,80000,26,0,0,0.88508125,0.03365980995153458,0,0.3338797378529375,33.39,Moderate
4253,180000,39,1,2,0.1799638888888889,0.05407463431449725,0,0.3338865139488088,33.39,Moderate
13523,160000,36,0,0,0.03166875,1.2798171172949149,0,0.333935286061787,33.39,Moderate
13768,50000,28,0,0,0.025736666666666665,0.759228079264344,0,0.3337723697908983,33.38,Moderate
7258,60000,24,0,0,0.5977472222222222,0.07474824456640441,1,0.333827929019503,33.38,Moderate
2285,50000,49,0,0,0.3884066666666666,0.43845797360155164,1,0.33375069732785684,33.38,Moderate
10746,220000,44,0,0,0.043365151515151516,0.14711226022850354,0,0.33356255270089447,33.36,Moderate
6166,360000,42,0,0,0.8110300925925925,0.03710530446819745,0,0.33361513937778964,33.36,Moderate
28484,390000,41,0,0,0.003043162393162393,0.2808594298553574,0,0.3334629843773307,33.35,Moderate
10875,150000,60,0,0,0.8098366666666666,0.03593454372829638,1,0.33341274544498206,33.34,Moderate
12355,50000,54,0,0,0.52372,0.039887726265943634,0,0.33344671587734676,33.34,Moderate
15162,50000,25,0,0,0.5789833333333334,0.051325599470335936,0,0.33327463868568696,33.33,Moderate
10104,260000,40,0,0,0.0009775641025641026,0.8,0,0.3331643630252526,33.32,Moderate
15394,390000,58,0,0,0.007400854700854702,0.9392539554221042,0,0.3331637287966997,33.32,Moderate
2977,110000,32,0,0,0.051853030303030304,0.006516085673377553,1,0.33314417216008857,33.31,Moderate
22518,10000,43,0,0,0.35401666666666665,1.3532790358269384,0,0.3330570062905291,33.31,Moderate
13201,340000,36,1,1,0.0005245098039215687,17.24859813084112,0,0.33311996588784343,33.31,Moderate
24455,210000,31,0,0,0.5259301587301587,0.03229350266798658,0,0.33299714095887945,33.3,Moderate
9496,130000,29,0,0,0.013135897435897437,0.6492289674019129,0,0.33287724749802117,33.29,Moderate
20746,30000,42,0,0,0.09165,0.9641146875189428,0,0.3328733159546692,33.29,Moderate
2632,80000,55,0,0,0.7539104166666667,0.03454212342867881,0,0.3327694226591688,33.28,Moderate
13980,50000,42,0,0,0.9618133333333333,0.0976627481423977,1,0.3327625180095487,33.28,Moderate
24129,110000,27,0,0,0.8184621212121211,0.03685589196293862,0,0.3327935093073454,33.28,Moderate
4558,160000,39,1,2,0.307875,0.0544728650696982,0,0.3326896015453336,33.27,Moderate
1933,260000,36,0,0,0.007058974358974359,1.0829095532146749,0,0.33255341617316664,33.26,Moderate
14357,180000,34,0,0,0.6535240740740741,0.03470500392459118,0,0.33257293771153024,33.26,Moderate
5297,500000,33,0,0,0.747405,1.032083007204929,0,0.33246671017989265,33.25,Moderate
2016,390000,38,0,0,0.00041880341880341885,0.7540816326530613,1,0.332395841686677,33.24,Moderate
10825,50000,23,0,0,0.13561333333333334,0.43169304886441845,0,0.3323249649397696,33.23,Moderate
26668,20000,26,0,0,0.4442666666666667,0.40000375150060025,0,0.3322910243342157,33.23,Moderate
4772,200000,40,0,0,0.838255,0.04148101313641633,0,0.3322584268882421,33.23,Moderate
4793,20000,44,0,0,0.887225,0.06862220218471451,0,0.3323448925397656,33.23,Moderate
9201,480000,37,1,2,0.8805489583333334,0.03585634119498529,0,0.3321636775938402,33.22,Moderate
27423,170000,31,0,0,0.8440019607843138,0.22725994967951474,0,0.33219537690443773,33.22,Moderate
825,40000,27,0,0,0.30015833333333336,0.15558455259724036,1,0.33217956905082097,33.22,Moderate
17411,30000,36,0,0,0.4769111111111111,0.090862494757933,0,0.33166537533506574,33.17,Moderate
5173,360000,40,1,1,0.005453703703703704,1.4265704584040746,0,0.33164796175084027,33.16,Moderate
6590,420000,34,0,0,0.005183333333333333,2.724085132445261,0,0.33162813482332304,33.16,Moderate
13175,200000,25,0,0,0.7538116666666668,0.03535697466431713,0,0.3315104682254054,33.15,Moderate
18094,240000,40,0,0,0.9891444444444444,0.19014538377722612,0,0.3314709730798108,33.15,Moderate
18601,80000,27,0,0,0.023160416666666666,1.0351713591796348,0,0.3312767438724381,33.13,Moderate
28963,100000,36,0,0,0.018886666666666666,1.0147370278856336,0,0.33125958754927726,33.13,Moderate
21723,20000,22,0,0,0.8942166666666667,0.06857025702197454,0,0.33114620203103867,33.11,Moderate
1355,50000,27,0,0,0.12217333333333334,0.3514405762304922,0,0.33111600890768556,33.11,Moderate
8908,60000,25,0,0,0.6567055555555555,0.05297909599262311,0,0.3310959378523903,33.11,Moderate
8685,150000,34,0,0,0.005966666666666667,0.9636871508379888,0,0.3311205683822215,33.11,Moderate
29100,50000,50,0,0,0.89055,0.03834334587240095,0,0.330997257648729,33.1,Moderate
8129,30000,30,0,0,0.69405,0.04164765586853333,0,0.33092526366514025,33.09,Moderate
28115,150000,38,0,0,0.7963888888888888,0.03409836065573771,0,0.33089258828809437,33.09,Moderate
21529,100000,23,0,0,0.035541666666666666,0.2783118405627198,0,0.3306768616893015,33.07,Moderate
7055,50000,24,0,0,0.7915533333333333,0.0330194638390338,0,0.33058690742689717,33.06,Moderate
1484,360000,32,0,0,0.007827777777777777,1.1528862077123254,0,0.3302878481610275,33.03,Moderate
17702,360000,43,2,2,0.010056018518518518,0.6150729708576953,0,0.33007098214866515,33.01,Moderate
19278,80000,41,0,0,0.3816625,0.373306477144947,0,0.33008960856657105,33.01,Moderate
12872,200000,27,0,0,0.0247575,0.5769295499680231,0,0.33001112082660194,33.0,Moderate
23949,50000,22,0,0,0.5001866666666667,0.1712427360452098,0,0.32985662257783865,32.99,Moderate
21597,80000,25,0,0,0.017952083333333334,0.9794592085412557,0,0.3298462439637826,32.98,Moderate
14962,30000,42,1,2,0.9832,0.04879192658891601,0,0.329765300315322,32.98,Moderate
9912,110000,42,0,0,0.6913015151515152,0.1547805084392856,0,0.3297396402602116,32.97,Moderate
25300,30000,23,0,0,0.7212166666666666,0.06110815828191559,0,0.3295323452624372,32.95,Moderate
23025,500000,36,0,0,0.690886,0.038600193567872754,0,0.3294915659288156,32.95,Moderate
25046,130000,54,0,0,0.5137294871794872,0.03319116865356156,0,0.3294015385525702,32.94,Moderate
4488,20000,24,0,0,0.23775833333333335,1.0194875749185097,0,0.32931594506130774,32.93,Moderate
15085,80000,41,0,0,0.6240604166666667,0.07713929941345156,1,0.32929449630595686,32.93,Moderate
13868,380000,31,1,2,0.557357894736842,0.04013295812952086,0,0.3291767087639719,32.92,Moderate
22791,20000,36,0,0,0.0018583333333333331,0.0,0,0.3291523746300279,32.92,Moderate
12951,50000,30,0,0,0.0371,0.673674752920036,0,0.32909107417517036,32.91,Moderate
16101,50000,30,0,0,0.24081333333333332,0.041525939870439066,1,0.32897105235812624,32.9,Moderate
19061,50000,27,0,0,0.07207,0.3217705009019009,1,0.32902955608423146,32.9,Moderate
6186,50000,48,0,0,0.7967733333333333,0.23055908832290237,0,0.32904730247335867,32.9,Moderate
22413,50000,35,0,0,0.5906633333333333,0.05643372705263574,0,0.3289563330379619,32.9,Moderate
13235,130000,35,1,2,0.3564974358974359,0.04812851532718616,1,0.3289795499866426,32.9,Moderate
16811,140000,38,0,0,0.8460357142857143,0.038521395303023905,0,0.3288682409583741,32.89,Moderate
7658,160000,44,1,1,0.019467708333333333,0.36133554497297876,0,0.32877551522654963,32.88,Moderate
20468,10000,26,0,0,1.0727833333333334,0.09619836251495331,0,0.3287697072871363,32.88,Moderate
1096,670000,29,0,0,0.3521820895522388,0.03651011603563285,0,0.3286894007381394,32.87,Moderate
13706,50000,21,0,0,0.9702333333333333,0.03543821073968461,0,0.3287005512690696,32.87,Moderate
28669,500000,36,0,0,0.015856,2.3267953245879585,0,0.3285859570612193,32.86,Moderate
18511,50000,23,0,0,0.65805,0.04127852493478206,0,0.3284426717418641,32.84,Moderate
919,240000,46,0,0,1.6948361111111112,0.0336524672165942,0,0.328377900952386,32.84,Moderate
1417,30000,24,0,0,0.18953333333333333,0.8616484933755423,0,0.3283629510225435,32.84,Moderate
306,110000,26,0,0,0.019484848484848487,0.9427682737169518,0,0.32828950213409563,32.83,Moderate
24197,80000,29,0,0,0.40379583333333335,0.2215950717668789,0,0.328314718012124,32.83,Moderate
1451,40000,25,0,0,0.32667083333333335,0.0742082371398324,0,0.3282940881487831,32.83,Moderate
619,60000,25,0,0,0.7472361111111111,0.0420735674058103,0,0.3282911498634276,32.83,Moderate
27837,70000,26,0,0,0.8681261904761906,0.0397681925767869,0,0.3281343348919911,32.81,Moderate
14990,300000,40,0,0,0.005316111111111111,1.1142230118089664,0,0.3280500420310611,32.81,Moderate
19921,50000,40,0,0,0.8928133333333332,0.0727289018981198,0,0.3281492789363049,32.81,Moderate
18026,20000,47,0,0,0.456875,0.07283173734610122,0,0.32789295691368436,32.79,Moderate
352,200000,36,1,1,-0.022329166666666664,0.0,0,0.3279167563975532,32.79,Moderate
27680,20000,24,0,0,0.442475,0.8525152080155187,0,0.3279484800183952,32.79,Moderate
15388,30000,45,0,0,0.7509166666666667,0.08579883845670107,0,0.3277758049654478,32.78,Moderate
15406,130000,49,0,0,0.16464871794871794,0.0,0,0.32781355677889057,32.78,Moderate
23809,30000,54,1,1,0.2287888888888889,0.6106308581419067,0,0.3277969122632381,32.78,Moderate
10078,170000,40,0,0,0.05025392156862745,2.3142277453715443,0,0.3278252990484704,32.78,Moderate
26084,210000,44,0,0,0.0032523809523809523,1.0,1,0.32778031147754133,32.78,Moderate
8344,50000,30,0,0,0.8015533333333333,0.04990310480483728,0,0.32774987319294513,32.77,Moderate
7394,100000,41,0,0,0.8809616666666668,0.04546546671535084,0,0.32763906890269934,32.76,Moderate
27634,20000,22,0,0,0.852275,0.08666021335054218,0,0.3274624155701011,32.75,Moderate
20614,90000,29,0,0,0.10780555555555556,0.5594606201150906,0,0.3273765771220864,32.74,Moderate
8273,50000,24,0,0,0.2547333333333333,0.12580476315100758,0,0.3274284090776545,32.74,Moderate
11365,80000,40,0,0,0.44131875,0.057375385327120894,0,0.32732672933952817,32.73,Moderate
22405,150000,26,0,0,0.7062855555555555,0.0312542770708102,0,0.3273071423194756,32.73,Moderate
29946,30000,42,0,0,0.6911611111111111,0.04948195066273341,0,0.3271570462483392,32.72,Moderate
17819,20000,24,0,0,0.6628333333333333,0.06284888106613025,0,0.327067373861746,32.71,Moderate
29900,140000,29,0,0,1.0489095238095238,0.03135682863381925,1,0.3271246752077101,32.71,Moderate
19422,210000,35,0,0,0.011469841269841269,1.1293246609465817,1,0.32700052324459666,32.7,Moderate
3969,50000,26,1,1,0.18481,0.46575762494814493,0,0.3269000375739884,32.69,Moderate
28835,220000,36,0,0,0.9472143939393939,0.15108975840642777,1,0.32646403846347294,32.65,Moderate
9113,30000,22,0,0,0.10461111111111111,0.0,0,0.3264758817968532,32.65,Moderate
22073,80000,26,0,0,1.5825208333333334,0.037828622582641094,0,0.32639466225284414,32.64,Moderate
20624,100000,32,0,0,0.027665,0.5723236339538527,0,0.3260862194944237,32.61,Moderate
29292,180000,27,0,0,0.867437962962963,0.30529667507442626,0,0.3260657534049314,32.61,Moderate
9970,150000,45,0,0,0.8671544444444444,0.02880430116895747,0,0.3260194774356596,32.6,Moderate
27709,30000,25,0,0,0.7078777777777777,0.07455775479131677,1,0.3258762375518085,32.59,Moderate
23754,150000,65,0,0,0.0005555555555555556,1.0,0,0.32594977130924896,32.59,Moderate
25666,40000,26,0,0,0.5404291666666667,0.27256886887735826,0,0.32576387513113747,32.58,Moderate
18512,70000,22,0,0,0.8882047619047619,0.03611350878980072,1,0.32558911854938594,32.56,Moderate
25721,280000,44,0,0,0.0006964285714285715,0.6666666666666666,1,0.3256119398361956,32.56,Moderate
16407,360000,37,0,0,0.0025060185185185185,0.9763532237206725,1,0.3254288241225679,32.54,Moderate
27059,100000,34,0,0,0.06136666666666667,0.12286800651819663,0,0.3253782999114455,32.54,Moderate
18249,60000,50,0,0,0.8099361111111111,0.036031648586822694,0,0.3254173683270606,32.54,Moderate
11464,30000,59,0,0,0.7893722222222223,0.040573732994573744,0,0.32527443880080775,32.53,Moderate
21596,60000,24,0,0,0.9839083333333334,0.04163102366695181,0,0.32526149516478087,32.53,Moderate
4205,50000,23,0,0,0.025776666666666666,0.8514160093107461,0,0.3252485216406153,32.52,Moderate
14008,20000,29,0,0,0.051,1.0351307189542485,1,0.325140181009411,32.51,Moderate
8352,280000,23,0,0,0.7573386904761905,0.027098336986738494,0,0.3251098765025996,32.51,Moderate
5979,90000,45,0,0,0.08637222222222223,0.5293196972620655,0,0.3249534154541605,32.5,Moderate
28084,150000,41,0,0,0.03274777777777778,0.26702405591558376,0,0.32503647886209236,32.5,Moderate
21250,350000,43,0,0,0.017382857142857144,1.491042077580539,0,0.32502926693677703,32.5,Moderate
27494,160000,51,0,0,0.002938541666666667,3.2988302020560085,1,0.3248626191805882,32.49,Moderate
6835,50000,24,0,0,0.00638,0.5329153605015674,0,0.32486082490781537,32.49,Moderate
16088,260000,32,0,0,0.002640384615384615,0.8934207331876669,1,0.32487013325453695,32.49,Moderate
10290,50000,26,0,0,0.57721,0.043819984638750774,0,0.3247336849836537,32.47,Moderate
23245,160000,40,0,0,0.03389583333333333,0.9796865396435157,0,0.32459834892209394,32.46,Moderate
14819,230000,26,0,0,0.021974637681159422,1.1162407254740314,0,0.32452774831989223,32.45,Moderate
12083,160000,56,0,0,0.009555208333333332,0.7749918238308078,0,0.3244075433590858,32.44,Moderate
29936,50000,48,0,0,0.68314,0.5597534912316655,1,0.324267606960447,32.43,Moderate
12168,500000,32,1,2,0.07655566666666667,0.07663268993804073,0,0.32428145430722577,32.43,Moderate
4410,20000,50,1,1,0.18049166666666666,1.0734567616233437,0,0.32421043046299697,32.42,Moderate
27444,150000,33,1,2,0.031806666666666664,2.331656536016209,0,0.3241145941381023,32.41,Moderate
14606,10000,25,0,0,1.0561166666666666,0.09088326731579528,0,0.3240511699519583,32.41,Moderate
25514,50000,26,0,0,0.6777333333333333,0.07639189455046233,0,0.3240023224540796,32.4,Moderate
11958,230000,48,0,0,0.03550942028985507,0.7514846029834908,0,0.32395901469836635,32.4,Moderate
4816,50000,37,0,0,0.8648666666666667,0.041532413474138594,0,0.3240467047869844,32.4,Moderate
23279,150000,49,0,0,0.042731111111111116,1.4001508138748764,0,0.3240291587124063,32.4,Moderate
12702,200000,25,0,0,0.6777408333333332,0.031092268553982654,0,0.323764165616212,32.38,Moderate
22534,180000,36,0,0,0.04710555555555555,0.14938868577269332,0,0.32370296143038674,32.37,Moderate
28495,90000,31,0,0,0.0842037037037037,1.00065977567627,0,0.3236718598592388,32.37,Moderate
23484,20000,31,0,0,0.5253583333333333,0.11896641974525324,0,0.3236228409312269,32.36,Moderate
853,50000,37,0,0,0.10133333333333334,0.01644736842105263,0,0.32361713148317844,32.36,Moderate
11630,110000,48,0,0,0.8276484848484849,0.03466374247594499,0,0.32344099733299475,32.34,Moderate
22698,500000,35,0,0,0.527458,0.25980330819389097,0,0.32338900747796284,32.34,Moderate
16105,60000,48,0,0,0.7819472222222222,0.03730004511529266,1,0.32341282589266723,32.34,Moderate
4091,50000,24,0,0,0.34226666666666666,0.0456953642384106,0,0.323162602735607,32.32,Moderate
16241,210000,38,0,0,0.0247984126984127,0.7871727581130384,0,0.3231147111662627,32.31,Moderate
11516,300000,33,0,0,0.011748888888888889,0.9119065632683941,0,0.32283529799157035,32.28,Moderate
10718,200000,28,0,0,0.008343333333333335,0.6904714342788654,0,0.322790105502558,32.28,Moderate
5614,60000,48,0,0,0.025411111111111113,0.9938784433756013,0,0.3226250448415372,32.26,Moderate
4750,50000,58,0,0,0.04985,0.9705115346038115,0,0.3225378998351065,32.25,Moderate
14354,30000,28,0,0,0.5460277777777778,0.04990588594393855,0,0.3225272581389754,32.25,Moderate
6752,30000,32,0,0,0.7057333333333333,0.06649505636375086,1,0.3223427949398924,32.23,Moderate
29191,60000,24,0,0,0.2913277777777778,0.05801979442781136,0,0.3222541095709272,32.23,Moderate
412,200000,38,0,0,0.00021416666666666668,2.0116731517509727,0,0.3221109627947237,32.21,Moderate
10927,50000,29,0,0,0.9823533333333333,0.06093869822806458,0,0.3220177480608598,32.2,Moderate
14413,230000,31,1,1,0.021881884057971014,0.4542173063549359,0,0.32191380200925857,32.19,Moderate
27450,20000,33,0,0,0.9892916666666666,0.050574906288169144,0,0.3217269516240312,32.17,Moderate
22683,310000,39,0,0,0.002538172043010753,2.254183435712773,0,0.3215737642709705,32.16,Moderate
20564,30000,25,0,0,-0.01416111111111111,0.0,0,0.32157835380510646,32.16,Moderate
884,50000,57,0,0,0.7721166666666667,0.03531849677294019,0,0.3216443926299225,32.16,Moderate
11872,80000,33,0,0,0.5624708333333333,0.027371789648352136,0,0.3216245253760634,32.16,Moderate
15479,480000,30,0,0,0.02230277777777778,1.1638435670693734,0,0.32145940302838194,32.15,Moderate
17302,50000,41,0,0,0.8060866666666667,0.038573188987122975,0,0.3215235506912895,32.15,Moderate
15597,30000,56,0,0,1.0451722222222222,0.04036017455921671,0,0.32140146567568484,32.14,Moderate
26201,200000,27,0,0,0.00019583333333333331,0.4297872340425532,0,0.3214417770229283,32.14,Moderate
28090,80000,45,0,0,0.8707625,0.056980711349727015,0,0.32134692316674224,32.13,Moderate
23187,360000,39,0,0,0.0009148148148148148,2.6553643724696356,1,0.32123548802063673,32.12,Moderate
14633,20000,35,0,0,0.9533583333333334,0.06967474629161823,0,0.32121323806370244,32.12,Moderate
10020,50000,26,1,2,0.9294866666666667,0.041793678230994884,1,0.3209260113038149,32.09,Moderate
23908,20000,22,0,0,1.0605333333333333,0.052591463414634144,1,0.32087052619113926,32.09,Moderate
23715,80000,57,0,0,0.75965,0.036700015357949936,0,0.32059748651445563,32.06,Moderate
3887,70000,41,0,0,0.7255666666666666,0.08233302049629518,0,0.3205647481427578,32.06,Moderate
29997,150000,43,0,0,0.023535555555555556,0.6840713813615333,0,0.32048005010364844,32.05,Moderate
29204,100000,35,0,0,0.825605,0.03764915829401873,0,0.32054569356060575,32.05,Moderate
12240,200000,29,0,0,0.9019758333333333,0.04523218009351692,1,0.3205147518741588,32.05,Moderate
9828,200000,54,0,0,0.006374166666666666,0.9079618250751732,0,0.32048866452578545,32.05,Moderate
29969,20000,34,0,0,0.7295583333333333,0.2685871588975065,0,0.32044512532272085,32.04,Moderate
25855,130000,30,0,0,0.03061923076923077,0.8395092743792656,0,0.32028541284656015,32.03,Moderate
26090,220000,39,0,0,0.02597878787878788,1.0215210544733466,0,0.3200647755057069,32.01,Moderate
6179,240000,37,0,0,0.004697916666666667,2.1014042867701406,0,0.3201188677117578,32.01,Moderate
5941,60000,25,0,0,0.9049916666666666,0.04277203289164725,0,0.31997552348461367,32.0,Moderate
11823,230000,35,0,0,0.011592753623188406,1.017814726840855,0,0.3199994814770053,32.0,Moderate
24145,30000,28,0,0,0.9836333333333334,0.06608153444711783,0,0.3200249278389973,32.0,Moderate
13863,180000,26,0,0,0.010594444444444445,0.909194196818738,0,0.3198744297190445,31.99,Moderate
27940,90000,27,1,1,0.015335185185185186,1.0050718512256973,0,0.31967872657332336,31.97,Moderate
8569,220000,50,0,0,0.019813636363636363,0.9243327980423645,0,0.31970926752473233,31.97,Moderate
1735,100000,36,0,0,0.012885,1.0569137239684387,0,0.31969857960987497,31.97,Moderate
28739,240000,31,0,0,0.013029166666666666,1.1447606864939772,0,0.31965860381506833,31.97,Moderate
12247,160000,34,0,0,0.022539583333333335,0.9584989370551807,0,0.31958839960961477,31.96,Moderate
6110,200000,39,0,0,0.8445791666666668,0.03378112373519356,0,0.3196471190421795,31.96,Moderate
11968,20000,29,0,0,0.35453333333333337,1.0927510342233921,0,0.31925265068513725,31.93,Moderate
18472,300000,25,1,1,0.008811666666666667,1.0,0,0.3191244534012091,31.91,Moderate
24726,150000,31,0,0,0.0023288888888888886,2.732824427480916,0,0.3189752658316512,31.9,Moderate
8332,140000,40,0,0,0.5378357142857143,0.04750963960494221,0,0.318974007554623,31.9,Moderate
15168,50000,23,0,0,0.5165,0.07563730235559858,0,0.31880075198380026,31.88,Moderate
27233,260000,43,0,0,0.0013525641025641027,0.8033175355450237,0,0.3188215192101773,31.88,Moderate
15198,140000,26,0,0,0.7557988095238095,0.04480280245908224,0,0.3188043207118442,31.88,Moderate
15400,330000,50,0,0,0.0030383838383838385,0.14428191489361702,0,0.3187261739987585,31.87,Moderate
6499,200000,32,0,0,0.0076175,0.46428180724209606,0,0.31869449826243157,31.87,Moderate
12727,200000,28,0,0,0.0322825,1.933323007821575,0,0.3185966172696978,31.86,Moderate
8943,90000,35,0,0,0.6895796296296296,0.04147185751920789,0,0.31855655529519006,31.86,Moderate
7370,50000,37,0,0,0.24767666666666668,0.051141945816454246,0,0.31863280531523847,31.86,Moderate
14224,20000,42,0,0,0.2905,0.3449225473321859,0,0.3185649053297715,31.86,Moderate
13842,200000,55,0,0,0.8614316666666667,0.03564608529598982,0,0.3185361663071755,31.85,Moderate
29959,230000,31,0,0,0.003873913043478261,0.7482229704451927,0,0.3184366256736299,31.84,Moderate
18256,80000,55,0,0,0.8716708333333334,0.28753208636669997,0,0.31827127351193657,31.83,Moderate
11290,280000,31,0,0,0.0019029761904761906,0.6374726305911792,0,0.31834407042220797,31.83,Moderate
6555,180000,28,0,0,0.03266111111111111,1.028916482394965,0,0.31832802026696044,31.83,Moderate
3362,310000,39,1,2,0.011001075268817205,0.988466425569348,0,0.31834594724264126,31.83,Moderate
29550,490000,33,1,2,0.056935034013605446,0.35719790428283815,0,0.3182990198615791,31.83,Moderate
571,200000,29,1,1,0.07798166666666667,0.4071042339011306,0,0.3182054438281675,31.82,Moderate
26909,170000,38,0,0,0.014294117647058823,1.01159122085048,0,0.3182350170376709,31.82,Moderate
22739,260000,30,0,0,0.7739076923076923,0.031691482453350295,0,0.3182251024776289,31.82,Moderate
19977,210000,32,1,1,0.020097619047619048,1.115389171899064,0,0.31814378479237077,31.81,Moderate
26817,260000,29,0,0,0.007937179487179487,0.7047326764658375,0,0.3179655881234656,31.8,Moderate
10719,60000,28,0,0,0.05555555555555556,0.0,0,0.3177845727019561,31.78,Moderate
25061,50000,55,0,0,0.25079,0.8695987346651248,0,0.31770071550441625,31.77,Moderate
1293,200000,34,1,1,0.0409225,1.0872991630521107,0,0.3176861553357512,31.77,Moderate
6657,270000,30,1,1,0.007196913580246914,1.0,0,0.3177475405386704,31.77,Moderate
8729,370000,29,0,0,0.018755405405405406,0.4670125129091913,0,0.3176453682895258,31.76,Moderate
189,130000,34,1,1,0.07402820512820513,0.3012884901804579,0,0.3175723072048261,31.76,Moderate
12195,40000,25,0,0,0.10784166666666667,1.5583030677691059,1,0.3174980844746545,31.75,Moderate
14749,150000,38,0,0,0.02967222222222222,1.3878674405542033,0,0.31737538391958303,31.74,Moderate
3392,350000,43,0,0,0.0005457142857142858,48.35514834205934,0,0.3174103977575699,31.74,Moderate
25995,230000,42,1,1,0.041821014492753626,0.8948936981269384,0,0.31744409455641714,31.74,Moderate
18269,150000,55,1,1,0.12414777777777779,1.0189917034358695,0,0.31732081574269505,31.73,Moderate
4608,50000,42,1,2,0.57609,0.8022820508369641,0,0.3173175362750295,31.73,Moderate
28220,20000,33,0,0,0.547225,0.08159349444926675,0,0.3172832173853615,31.73,Moderate
19502,170000,39,0,0,0.048247058823529414,0.5648012679834187,0,0.31719370680260583,31.72,Moderate
4357,170000,34,0,0,0.4623539215686275,0.036511797048776405,0,0.3171241649837846,31.71,Moderate
17409,50000,39,0,0,0.60666,0.03796745019176035,0,0.3171272061739664,31.71,Moderate
29316,230000,26,0,0,0.07858188405797101,1.351170661084625,0,0.3170786604721002,31.71,Moderate
20391,80000,25,0,0,0.03953958333333333,1.5423889562147637,0,0.3167823230204252,31.68,Moderate
18192,50000,45,0,0,0.9146066666666667,0.041730142647841334,0,0.31682382742624066,31.68,Moderate
1054,70000,41,0,0,0.8599523809523809,0.04208427930671687,0,0.3168420842536607,31.68,Moderate
9014,20000,43,0,0,0.9832083333333334,0.04722634233165233,0,0.31683362002476684,31.68,Moderate
21707,100000,26,0,0,0.7910533333333333,0.1298943181243574,0,0.31674851786305674,31.67,Moderate
15301,150000,40,0,0,1.1557533333333334,0.07087440803400956,0,0.3167054876715724,31.67,Moderate
4385,140000,28,1,2,0.18476071428571428,0.38388778278210556,0,0.31645358826396475,31.65,Moderate
9505,360000,29,1,1,0.002461574074074074,2.330449501598646,0,0.31647750297961574,31.65,Moderate
19570,50000,44,0,0,0.17298666666666668,0.21830198859256975,1,0.3164667497607347,31.65,Moderate
28618,100000,41,0,0,0.8232133333333332,0.03403127581347889,0,0.31631700446215205,31.63,Moderate
7472,60000,63,0,0,0.6843166666666667,0.0738043628274759,0,0.3162694484305174,31.63,Moderate
12904,100000,27,0,0,0.714,0.03534080298786181,0,0.3161734462738498,31.62,Moderate
5589,70000,24,0,0,0.5786738095238095,0.1540673872524615,0,0.3160669585961142,31.61,Moderate
9503,80000,52,0,0,0.69029375,0.03833814710524807,0,0.31608405702558406,31.61,Moderate
20094,200000,32,0,0,0.010771666666666667,0.43091443602042395,0,0.31607366696581896,31.61,Moderate
27865,280000,24,0,0,0.014707142857142858,0.8367735146511251,0,0.3160558236332714,31.61,Moderate
25864,120000,46,0,0,0.25656111111111113,0.04363266278339577,0,0.3161324678699875,31.61,Moderate
24427,150000,40,0,0,0.10007666666666666,2.735347344813421,0,0.31605793745041477,31.61,Moderate
22497,50000,32,0,0,0.5639366666666666,0.04259934626228714,1,0.31607264920783285,31.61,Moderate
16639,50000,41,0,0,0.5047733333333334,0.16773205134978075,0,0.3160634004692827,31.61,Moderate
12739,80000,24,0,0,0.15684375,0.18994487613734476,0,0.3160765887146518,31.61,Moderate
29101,320000,52,0,0,0.002761979166666667,0.8774278710164058,0,0.3161352580377495,31.61,Moderate
16707,280000,33,0,0,0.7278476190476191,0.03509123442897519,0,0.3158695973667984,31.59,Moderate
1206,210000,29,0,0,0.41172857142857144,0.02755513919248696,1,0.31589336811437396,31.59,Moderate
29880,210000,37,0,0,0.10020476190476191,0.052780813889020894,0,0.3156971649365399,31.57,Moderate
16469,50000,50,0,0,0.9895833333333333,0.03881431578947368,0,0.3154622093362968,31.55,Moderate
2474,50000,47,0,0,0.60615,0.06406005114245648,0,0.31534512838489426,31.53,Moderate
28993,80000,43,0,0,0.7002520833333333,0.03434179953052621,0,0.31533052025466085,31.53,Moderate
12742,360000,62,1,2,0.49612685185185185,0.05318980174201266,0,0.3152892260403332,31.53,Moderate
6565,60000,31,1,2,0.9286888888888889,0.04228482209088081,0,0.31522002671778304,31.52,Moderate
2952,80000,24,0,0,0.0461875,0.2957600360847993,0,0.3150347765235901,31.5,Moderate
21867,80000,26,0,0,0.03416666666666667,1.0877439024390243,0,0.3150494409307454,31.5,Moderate
6386,240000,36,1,1,0.06553472222222223,0.30730104906220196,0,0.31486717014464155,31.49,Moderate
2710,30000,23,0,0,0.21712222222222224,0.06550330075226447,0,0.3148707775575183,31.49,Moderate
15398,50000,55,0,0,0.5233866666666667,0.25785270290925766,0,0.3147807499868971,31.48,Moderate
4195,290000,43,0,0,0.917635632183908,0.03745257364315839,0,0.3147279604416816,31.47,Moderate
3719,20000,47,0,0,0.34911666666666663,0.5867904711891918,0,0.31463944850202047,31.46,Moderate
20187,60000,32,0,0,0.5745305555555555,0.17985698468798197,0,0.3145848805827093,31.46,Moderate
28781,370000,48,0,0,0.687368018018018,0.03759935568302383,0,0.3146295647763178,31.46,Moderate
2074,250000,50,0,0,0.02055533333333333,1.0,0,0.3144573370309465,31.45,Moderate
9670,380000,39,0,0,0.0032166666666666663,1.1621216253067903,0,0.31452530802405526,31.45,Moderate
2689,290000,30,0,0,0.8589442528735632,0.03646550864700919,1,0.3144495853581567,31.44,Moderate
15349,50000,37,0,0,0.39809333333333335,0.11767759654352414,0,0.31426561814315107,31.43,Moderate
3102,280000,28,0,0,0.004169642857142857,0.9033547466095646,0,0.31419674935498293,31.42,Moderate
909,50000,27,0,0,0.18443666666666667,0.15362093582259492,0,0.3140418388081842,31.4,Moderate
9760,200000,45,0,0,0.012605833333333332,0.9289350168572751,1,0.3139750257615836,31.4,Moderate
1291,20000,23,0,0,0.5469416666666667,0.3270915545533497,0,0.3138515719251744,31.39,Moderate
9942,30000,22,1,2,0.8799,0.05242388655276484,0,0.3138757867619885,31.39,Moderate
26505,400000,49,0,0,0.006692083333333334,1.0046696967810222,0,0.31391534918442576,31.39,Moderate
24437,260000,37,0,0,0.001841025641025641,0.9798050139275766,0,0.3137325669921274,31.37,Moderate
28957,500000,44,0,0,0.008617,1.2381339213183242,0,0.3136814084985488,31.37,Moderate
15901,20000,24,0,0,0.7956166666666667,0.04922806209020257,0,0.31355761406571675,31.36,Moderate
27258,140000,42,0,0,0.74675,0.06080316291230252,0,0.3136401228381446,31.36,Moderate
2545,20000,25,0,0,0.4764,0.11369997201231458,1,0.3135683287359836,31.36,Moderate
15526,150000,40,0,0,0.6394044444444444,0.04284716333254556,0,0.313542669456043,31.35,Moderate
24408,260000,32,0,0,0.0046076923076923074,1.0,1,0.31353825628595594,31.35,Moderate
24695,60000,29,0,0,0.8727944444444444,0.13813867335442354,0,0.3134023672436876,31.34,Moderate
1671,50000,51,0,0,0.6556066666666667,0.08915915030353566,0,0.31341842119416774,31.34,Moderate
8228,110000,35,0,0,0.696980303030303,0.03664509453117018,1,0.3134083131849419,31.34,Moderate
24489,20000,34,0,0,0.08729166666666666,0.8972792362768497,0,0.31332821224915414,31.33,Moderate
21905,180000,27,0,0,0.011361111111111112,0.9590872045639772,0,0.3131646034765038,31.32,Moderate
4820,50000,35,0,0,0.9741133333333333,0.05372407043670483,0,0.31320090503605325,31.32,Moderate
17402,50000,48,0,0,0.13742333333333334,0.4850947194799525,0,0.3130729586495951,31.31,Moderate
26622,20000,22,0,0,0.9269916666666667,0.07229478869820836,0,0.31285752659142513,31.29,Moderate
18137,50000,37,1,2,0.7984866666666667,0.0402845382515258,0,0.3129089417176011,31.29,Moderate
3913,80000,26,0,0,0.5930166666666667,0.03254194654450409,0,0.3127670412425512,31.28,Moderate
28714,200000,37,0,0,0.019221666666666668,1.0762594294632792,0,0.3126935600068321,31.27,Moderate
10758,230000,53,0,0,0.007246376811594203,0.0,0,0.31256780295366315,31.26,Moderate
2326,50000,52,0,0,0.5800433333333334,0.19324418290587486,0,0.3124743891854298,31.25,Moderate
23113,70000,30,1,2,0.6107428571428571,0.22638706961077845,0,0.31244658405652376,31.24,Moderate
9241,390000,29,0,0,0.004008974358974359,1.170557509860356,0,0.3122356182441479,31.22,Moderate
26345,180000,29,0,0,0.006548148148148148,1.004383484162896,0,0.31191424207327983,31.19,Moderate
5915,200000,53,0,0,0.05729583333333333,0.926419896734783,0,0.3119476569434862,31.19,Moderate
666,130000,43,0,0,0.8361089743589744,0.03836605766945481,0,0.31182504346657114,31.18,Moderate
6163,50000,49,0,0,0.2729433333333333,0.058852264816872855,0,0.3116553975470785,31.17,Moderate
8004,160000,30,0,0,0.011708333333333333,0.744661921708185,0,0.3116910979227276,31.17,Moderate
22242,150000,30,0,0,0.0005977777777777778,6.736059479553903,0,0.311538365303005,31.15,Moderate
19905,210000,43,0,0,0.003634920634920635,0.2517467248908297,0,0.3114067439576275,31.14,Moderate
15123,200000,52,0,0,0.010048333333333334,0.9253607563443357,0,0.3113916776552039,31.14,Moderate
24430,50000,39,0,0,0.81863,0.047233385860115884,1,0.31129136201910035,31.13,Moderate
3595,500000,42,0,0,0.9066143333333334,0.04022805728124748,1,0.31107724325541675,31.11,Moderate
2207,20000,21,0,0,0.4867833333333333,0.14866299174855344,0,0.31093249428110764,31.09,Moderate
5547,30000,24,0,0,0.5544944444444444,0.036900479916640784,0,0.31089692779507233,31.09,Moderate
23668,200000,41,0,0,0.008325,0.5723723723723724,0,0.3107734653372017,31.08,Moderate
3558,90000,53,0,0,0.7466074074074075,0.04613957456941027,0,0.31081528743955483,31.08,Moderate
7168,210000,37,0,0,0.006855555555555556,0.9623755498958092,0,0.3108226713535686,31.08,Moderate
22367,20000,32,0,0,0.15936666666666668,0.4888098724116294,0,0.31069205244561476,31.07,Moderate
28322,200000,28,0,0,0.0108075,1.0757961292312437,1,0.31066484186765125,31.07,Moderate
26409,240000,36,0,0,0.004976388888888889,0.45269327379291097,1,0.3105762286227173,31.06,Moderate
27745,50000,26,0,0,0.06256666666666667,0.8737346830047948,0,0.3105741885407336,31.06,Moderate
24366,130000,43,0,0,0.02279230769230769,0.9969625379682754,0,0.31064887682365194,31.06,Moderate
9763,90000,26,0,0,0.03846666666666667,0.5260446755247449,1,0.3104532420358411,31.05,Moderate
2834,50000,60,0,0,0.5878633333333334,0.04113200914044648,0,0.31040717738574436,31.04,Moderate
3838,70000,53,0,0,0.2057952380952381,0.12723002522155633,0,0.310433217275578,31.04,Moderate
28430,140000,33,1,1,0.052854761904761904,0.35886751655479976,0,0.3101830126852571,31.02,Moderate
785,230000,32,1,2,0.3350666666666666,0.03686049931659717,1,0.31021530418677523,31.02,Moderate
6748,150000,37,0,0,0.01175,0.5286997635933807,0,0.31009674191446585,31.01,Moderate
5803,20000,26,0,0,0.29125,1.5238912732474965,0,0.3098950429143707,30.99,Moderate
5175,80000,29,0,0,0.7487458333333333,0.030745858352021992,0,0.30994035973485284,30.99,Moderate
12464,360000,40,1,2,0.09086157407407408,0.21316002669914044,0,0.3099077954220846,30.99,Moderate
3819,200000,35,1,1,0.0,0.0,0,0.3098534337027571,30.99,Moderate
5286,300000,36,0,0,0.8500333333333333,0.03681685685528672,0,0.3097706903650062,30.98,Moderate
11500,220000,33,0,0,0.001893939393939394,1.0,0,0.30978738059068417,30.98,Moderate
593,50000,35,0,0,0.25687,0.09369201022566538,0,0.3095828718150386,30.96,Moderate
10963,230000,46,0,0,0.008084057971014493,0.6807099318752241,1,0.3095610320450628,30.96,Moderate
2140,260000,43,1,1,0.018272435897435896,0.5281529556218207,1,0.3095096675883679,30.95,Moderate
13942,50000,49,0,0,0.3386,0.02362669816893089,1,0.30947942757502805,30.95,Moderate
2152,150000,24,0,0,0.01711888888888889,1.1369507366781333,0,0.3093182829652923,30.93,Moderate
447,160000,28,0,0,0.6262135416666667,0.032104330757778646,0,0.3093331973950924,30.93,Moderate
27617,20000,22,0,0,0.7908916666666667,0.11332146206286153,0,0.30923149808007966,30.92,Moderate
24402,150000,36,0,0,0.013417777777777778,0.7480125869493209,0,0.309125043684617,30.91,Moderate
17301,110000,39,0,0,0.7823893939393939,0.03568516800709559,0,0.30903107984670725,30.9,Moderate
6068,90000,28,0,0,0.31770925925925925,0.025914678572885763,0,0.308859396012161,30.89,Moderate
22096,310000,29,0,0,0.0034784946236559137,1.3001545595054096,0,0.3088293640945636,30.88,Moderate
2703,50000,22,0,0,0.03519333333333333,0.7969312369767001,0,0.3087748600606549,30.88,Moderate
7354,230000,27,0,0,0.009294927536231885,0.8269275746472285,0,0.3086774780110842,30.87,Moderate
27641,20000,24,0,0,0.6447666666666667,0.09944165848110427,0,0.30860805445454476,30.86,Moderate
16914,50000,60,0,0,0.63392,0.04268677435638566,0,0.3085033509385167,30.85,Moderate
26121,50000,30,0,0,0.2814966666666667,0.665490414332911,0,0.3083982480074764,30.84,Moderate
10394,60000,23,0,0,0.7814027777777778,0.03453546861946997,0,0.30825901990681764,30.83,Moderate
20487,50000,27,0,0,0.93481,0.0384320521460689,0,0.30829338770215436,30.83,Moderate
3811,80000,46,0,0,0.7469125,0.03578063026124211,0,0.308210081721065,30.82,Moderate
10591,50000,28,0,0,0.12884,0.4477129255924661,0,0.3079879223308802,30.8,Moderate
26362,120000,35,0,0,0.025215277777777777,1.0528779950426879,0,0.3079497425248083,30.79,Moderate
1560,240000,38,1,2,0.4684715277777778,0.0390661711624239,1,0.3078296490104034,30.78,Moderate
13574,220000,30,0,0,0.05021969696969697,0.7327349524815205,0,0.3077090533763949,30.77,Moderate
12540,250000,49,0,0,0.0014746666666666667,0.7142857142857143,1,0.3076488596381768,30.76,Moderate
4560,350000,30,1,2,0.6810742857142857,0.04394458055061472,0,0.30748877530321084,30.75,Moderate
11145,150000,30,0,0,0.03747444444444445,0.9803125092655736,0,0.30747271616620825,30.75,Moderate
24267,150000,31,0,0,0.01990888888888889,1.0390668601406408,0,0.30722062643986825,30.72,Moderate
26032,290000,29,0,0,0.029780459770114946,0.12414604963526188,0,0.3072452554206551,30.72,Moderate
2886,230000,37,0,0,0.7185166666666667,0.0348503811697408,0,0.3070797621692169,30.71,Moderate
14042,230000,43,0,0,0.00422536231884058,0.8828674326873607,0,0.30701967615662973,30.7,Moderate
16970,300000,55,0,0,0.009777222222222222,1.7166884482072846,1,0.3069261978993916,30.69,Moderate
9011,270000,41,0,0,0.00605,1.0260177532904806,0,0.30676144394821475,30.68,Moderate
27855,60000,27,0,0,0.7111972222222223,0.04647874671426507,0,0.30655530288088684,30.66,Moderate
25207,110000,23,0,0,0.0709409090909091,1.039512184703445,0,0.3065721465045399,30.66,Moderate
11956,360000,36,0,0,0.31222222222222223,0.030226868327402134,0,0.3066023848650021,30.66,Moderate
28552,340000,34,0,0,0.0012892156862745097,1.752851711026616,0,0.30645824353701506,30.65,Moderate
16457,30000,62,0,0,0.6968333333333333,0.07255042653272742,1,0.30626012522934865,30.63,Moderate
24188,240000,29,0,0,0.8422152777777777,0.22312436613098724,0,0.30616306987806574,30.62,Moderate
7605,200000,46,0,0,0.04979083333333333,0.6448141391487724,0,0.3062046294642333,30.62,Moderate
6850,70000,55,0,0,0.7686547619047619,0.03439837687983025,0,0.30624695949045394,30.62,Moderate
1039,50000,23,0,0,0.50696,0.07101151964652043,0,0.30606382128669807,30.61,Moderate
11550,80000,39,0,0,0.65215625,0.0418483556151868,1,0.3061054558154851,30.61,Moderate
19287,200000,34,0,0,0.9700033333333333,0.03483579094229917,0,0.306083186043841,30.61,Moderate
6443,360000,27,0,0,0.0034097222222222224,2.176510522742702,0,0.30603683809513443,30.6,Moderate
4887,360000,31,0,0,0.0033384259259259257,6.460269033421162,0,0.3058720133310924,30.59,Moderate
27783,90000,25,0,0,0.09707222222222223,0.17169346992502718,0,0.3058709219789416,30.59,Moderate
20108,50000,47,0,0,0.8455166666666667,0.05855591255839625,0,0.30581066895728976,30.58,Moderate
24538,20000,37,0,0,0.5745666666666667,0.08702210361431803,0,0.3057365769306725,30.57,Moderate
25994,470000,37,0,0,0.0003276595744680851,36.36038961038961,0,0.3057111131001574,30.57,Moderate
23165,110000,36,0,0,0.015724242424242425,0.899209867026402,1,0.3056025689310394,30.56,Moderate
264,230000,37,0,0,0.03893840579710145,0.966818647064297,0,0.30551324820089515,30.55,Moderate
177,80000,30,0,0,0.03255,0.38428059395801334,0,0.3055441920106174,30.55,Moderate
15264,80000,41,0,0,0.80474375,0.03806335867784,0,0.30547241192782776,30.55,Moderate
24842,370000,36,1,2,0.11652162162162162,0.11984011009826889,0,0.30546529018547475,30.55,Moderate
14728,110000,46,0,0,1.0087045454545454,0.03600477660365455,1,0.3053658580873274,30.54,Moderate
17210,90000,28,0,0,0.03550925925925926,0.8550195567144719,0,0.30533261818829016,30.53,Moderate
26254,230000,29,0,0,0.00671376811594203,1.0764166216945494,0,0.3052664646726683,30.53,Moderate
7033,50000,31,0,0,0.6440866666666667,0.12425346485462618,0,0.3052858906193638,30.53,Moderate
22928,120000,34,0,0,0.023154166666666667,1.142642912842661,0,0.3049739692166556,30.5,Moderate
6538,360000,40,0,0,0.05678842592592592,0.7396933060499091,0,0.30489255199708104,30.49,Moderate
3344,300000,27,0,0,1.0938427777777777,0.036589658172487716,1,0.30494459676695657,30.49,Moderate
25844,170000,33,0,0,0.6679970588235294,0.04314331547191854,0,0.3048946058691947,30.49,Moderate
26544,200000,51,0,0,0.008049166666666666,1.4350346826793663,0,0.30485239192197433,30.49,Moderate
6404,100000,27,1,2,0.430335,0.041870480749493615,1,0.3047981531847654,30.48,Moderate
21144,60000,36,0,0,0.5803194444444444,0.0425531914893617,1,0.3047854857986035,30.48,Moderate
21681,90000,23,0,0,0.13905925925925927,0.08263197144835668,0,0.304719957478353,30.47,Moderate
24658,180000,43,0,0,0.016160185185185187,1.5643728871827194,0,0.3047464365089895,30.47,Moderate
17504,220000,30,0,0,0.5612303030303031,0.03164989255207715,0,0.3046658465348552,30.47,Moderate
5685,160000,35,1,2,0.18027291666666667,0.05657510025308849,0,0.3046185278997809,30.46,Moderate
6671,320000,26,0,0,0.07824791666666667,1.485729119518624,0,0.3044915387352014,30.45,Moderate
19163,290000,47,0,0,0.8405965517241379,0.03899802958763549,0,0.30438484917991326,30.44,Moderate
1568,120000,23,0,0,0.8234888888888889,0.037506409045524464,0,0.30431593357594344,30.43,Moderate
18176,50000,35,0,0,0.05489,0.7371713123216129,0,0.30416449964426834,30.42,Moderate
8170,240000,39,0,0,0.0112,1.0,0,0.30420167479661936,30.42,Moderate
29121,400000,50,1,2,0.010868333333333332,0.3632495016101825,0,0.30411513896296777,30.41,Moderate
10309,70000,34,0,0,0.5536880952380953,0.11742901496028794,0,0.30397731771742764,30.4,Moderate
8699,200000,44,1,2,0.2573583333333333,0.03519411974225302,0,0.3038511726527221,30.39,Moderate
14836,80000,38,0,0,0.8107020833333333,0.034250148405317406,0,0.30382064262408315,30.38,Moderate
1271,50000,57,0,0,0.9787266666666667,0.04102609513040754,0,0.30380001839910153,30.38,Moderate
13795,360000,28,0,0,0.004573148148148148,18.123810487953026,0,0.303646659023123,30.36,Moderate
20502,150000,28,0,0,0.6292866666666667,0.030365952277534705,0,0.30349229636798025,30.35,Moderate
2552,80000,28,0,0,0.04250625,0.06445130618046366,0,0.3035356934911065,30.35,Moderate
19887,340000,34,0,0,0.4908274509803922,0.1252506771278593,0,0.30346079943712356,30.35,Moderate
17621,280000,31,0,0,0.012432142857142857,1.0154649047208657,0,0.30341497315009014,30.34,Moderate
17933,200000,32,0,0,0.9244133333333333,0.04047612179256033,0,0.30327493761580515,30.33,Moderate
3077,50000,22,0,0,0.3324,0.061432009626955476,1,0.30309223260113405,30.31,Moderate
23435,350000,36,0,0,0.020223809523809522,0.9968683776783612,0,0.30300724200471874,30.3,Moderate
17976,80000,42,0,0,0.7205541666666667,0.04143801356594751,0,0.30297140754455393,30.3,Moderate
16534,320000,26,0,0,0.6504640625,0.0328947842525889,0,0.30287811736929876,30.29,Moderate
10881,50000,23,0,0,0.49403,0.3384072492223819,0,0.30264394366614306,30.26,Moderate
24633,210000,48,0,0,0.011943650793650793,0.8155359160077081,0,0.30236294333731856,30.24,Moderate
23545,230000,44,0,0,0.701436231884058,0.22280476289848364,0,0.3022613346675123,30.23,Moderate
1377,50000,54,0,0,0.11842666666666667,0.1856282368835848,0,0.3022743735926595,30.23,Moderate
19689,240000,33,0,0,0.9327951388888889,0.036560516666976864,0,0.30230526522278056,30.23,Moderate
18214,300000,50,0,0,0.8690694444444444,0.10944400939702427,1,0.3022411740847437,30.22,Moderate
7716,180000,33,1,2,0.14957777777777778,0.034721190511563416,0,0.3020790916953395,30.21,Moderate
23396,70000,39,0,0,0.323502380952381,0.05634756496971392,0,0.30211408509096327,30.21,Moderate
22117,300000,29,0,0,-0.006828888888888889,0.0,0,0.3019722675694035,30.2,Moderate
6908,50000,46,0,0,0.12111333333333334,1.0033852589860737,0,0.30201047626776834,30.2,Moderate
15604,20000,24,0,0,0.2760916666666666,0.40439467568138604,0,0.3019600702003704,30.2,Moderate
9664,230000,30,0,0,0.03957608695652174,1.2165339192529525,0,0.3019385878106491,30.19,Moderate
19735,150000,40,0,0,0.014905555555555557,0.9667536339918003,0,0.301679185279734,30.17,Moderate
10622,20000,24,0,0,1.0504583333333335,0.07325373844750308,0,0.3017126915731163,30.17,Moderate
12926,80000,45,0,0,1.0062895833333334,0.03788670839035317,0,0.30174414628985424,30.17,Moderate
6496,50000,28,0,0,0.15557333333333334,0.2142612272883099,0,0.3016276986837121,30.16,Moderate
8987,200000,29,0,0,0.05401,1.837622662469913,0,0.301584399894474,30.16,Moderate
2370,230000,42,0,0,0.010154347826086957,1.1323770784271747,0,0.30126296413323694,30.13,Moderate
4262,30000,50,1,2,0.953438888888889,0.05170173465641916,0,0.30117421634043495,30.12,Moderate
8668,10000,44,0,0,0.93515,0.3763032668555847,1,0.30120317478002384,30.12,Moderate
18331,120000,23,0,0,0.6652791666666666,0.10024822495151367,0,0.3011825691452997,30.12,Moderate
7929,200000,29,0,0,0.0118325,0.3681245158109726,1,0.3011698822818465,30.12,Moderate
23388,360000,38,0,0,0.017198148148148146,0.459540217508345,1,0.3009594491860075,30.1,Moderate
22251,60000,25,0,0,0.20791666666666667,0.15286573146292584,1,0.3008525490832982,30.09,Moderate
25297,80000,24,0,0,0.5249458333333333,0.035960059371204965,0,0.3007723427296975,30.08,Moderate
5293,50000,47,0,0,0.9867366666666667,0.041280855074471066,0,0.30055569445246216,30.06,Moderate
803,50000,44,0,0,0.1051,0.4235965746907707,0,0.30046918087560465,30.05,Moderate
22768,620000,38,0,0,0.018367473118279572,0.8949756318878335,0,0.3004365053599316,30.04,Moderate
22105,100000,29,0,0,0.04584666666666667,1.8120546750036353,0,0.3001872378925617,30.02,Moderate
25098,50000,55,0,0,0.103,0.0,1,0.30008185348578786,30.01,Moderate
24756,250000,39,0,0,0.016653333333333332,1.022658126501201,0,0.29980509597624927,29.98,Moderate
1298,200000,34,0,0,0.021015833333333334,0.9883421230024981,0,0.29978522420606296,29.98,Moderate
29823,100000,46,0,0,0.12431333333333335,0.08105861532686223,0,0.2996703325680403,29.97,Moderate
22196,70000,29,0,0,1.0182738095238095,0.041620389314315775,0,0.2996150790701589,29.96,Moderate
29014,400000,40,0,0,0.004069166666666667,0.6627073520376817,0,0.2996185564479571,29.96,Moderate
24661,180000,39,0,0,0.0005796296296296296,1.8626198083067094,0,0.2994558117463635,29.95,Moderate
24899,50000,35,0,0,0.17134,0.9855842185128983,0,0.29942122575862007,29.94,Moderate
16847,50000,45,0,0,0.6968933333333333,0.06782482254577459,0,0.29937468802005335,29.94,Moderate
11736,60000,23,0,0,0.3959444444444445,0.0630138908376596,0,0.29927561188818586,29.93,Moderate
18916,80000,28,1,1,0.011808333333333332,1.028757939308398,0,0.299160363425142,29.92,Moderate
4890,70000,36,0,0,0.5826928571428571,0.03480556202524404,0,0.2991750821369519,29.92,Moderate
13996,400000,35,0,0,0.00046875,2.0453333333333332,0,0.29916294659416787,29.92,Moderate
21858,210000,27,0,0,0.004530158730158731,0.17659425367904696,0,0.2987517378424833,29.88,Moderate
250,50000,46,0,0,0.3929033333333334,0.05961602090420884,0,0.29883445592100993,29.88,Moderate
5981,90000,23,0,0,0.522437037037037,0.07804945483418169,0,0.29883819018663677,29.88,Moderate
13367,360000,42,1,1,0.007669907407407407,1.0,0,0.29867877070934284,29.87,Moderate
25529,420000,32,0,0,0.0036702380952380953,0.04086928316574765,0,0.2985847146299565,29.86,Moderate
22449,50000,44,0,0,0.17812333333333333,0.42799932630948595,0,0.2980968267405439,29.81,Moderate
4332,250000,37,0,0,0.007488666666666667,1.0921392326181787,0,0.29810823879902343,29.81,Moderate
14052,300000,26,0,0,0.006008333333333333,0.9592233009708738,0,0.2980756148493896,29.81,Moderate
20097,290000,40,0,0,0.8574614942528735,0.0385118329096243,0,0.2981404824499647,29.81,Moderate
8005,180000,42,0,0,0.16736666666666666,0.040164641837615346,1,0.2980381731265064,29.8,Moderate
25621,70000,29,0,0,0.9380666666666667,0.03699605064113628,0,0.29793028277498035,29.79,Moderate
22369,80000,32,0,0,0.6792145833333333,0.039662845872837194,0,0.2979174736898759,29.79,Moderate
12621,170000,37,0,0,0.02375098039215686,1.050937009824156,0,0.2979233998473879,29.79,Moderate
13534,50000,41,0,0,0.24404,0.07102660765994645,0,0.2979410346331818,29.79,Moderate
4566,100000,60,0,0,1.0079633333333333,0.03844220523894718,1,0.2977649486088598,29.78,Moderate
4210,480000,30,1,1,0.23830590277777777,0.5451618120383902,0,0.29780483681554326,29.78,Moderate
17383,280000,44,0,0,0.7304416666666667,0.031327262859554963,0,0.29779675206712375,29.78,Moderate
29222,20000,24,0,0,0.98305,0.04645406303511181,0,0.2978324756602488,29.78,Moderate
28474,160000,36,1,1,0.024219791666666667,1.0,0,0.29770328969848797,29.77,Moderate
5478,100000,33,0,0,0.8616116666666667,0.03245081407517308,0,0.29771580239434287,29.77,Moderate
2255,240000,32,0,0,0.03510208333333333,0.6061487328624844,0,0.2973966300892526,29.74,Moderate
18745,220000,29,0,0,0.3824159090909091,0.0287684557310084,0,0.29743884420405675,29.74,Moderate
15361,360000,39,1,1,0.0024578703703703707,1.0970050857035223,0,0.2973966988921226,29.74,Moderate
11163,240000,30,0,0,0.035479166666666666,0.8500880798590722,0,0.2972902221437751,29.73,Moderate
11433,80000,31,0,0,0.03709166666666667,0.9513592451134576,1,0.2973108583339938,29.73,Moderate
13426,180000,31,0,0,0.005061111111111111,1.0058543724844493,0,0.2971501788684475,29.72,Moderate
21151,110000,44,0,0,0.8303772727272727,0.03592744444383623,0,0.2971022655907691,29.71,Moderate
28441,120000,34,0,0,0.7367444444444444,0.04005044716244137,0,0.29704602470551905,29.7,Moderate
20815,180000,37,0,0,0.7800944444444444,0.3578911385373566,0,0.2967684912021195,29.68,Moderate
11370,10000,23,0,0,0.9653833333333334,0.23401757505654058,0,0.29684370846297375,29.68,Moderate
21109,20000,36,0,0,0.8001416666666668,0.05325098680442005,1,0.2964691927085491,29.65,Moderate
19365,30000,36,0,0,0.07761111111111112,0.3672870436649964,0,0.29639651033865005,29.64,Moderate
5894,110000,38,0,0,0.5617742424242425,0.03419091568650191,0,0.2963571418407034,29.64,Moderate
7534,350000,41,0,0,0.0038138095238095236,1.237482831814209,0,0.29611524971968284,29.61,Moderate
8073,300000,32,0,0,0.21395166666666668,0.026875228828941115,0,0.29609018996857106,29.61,Moderate
239,240000,50,0,0,0.9119631944444444,0.038833347166940674,1,0.29599704281275036,29.6,Moderate
23071,230000,35,0,0,0.007533333333333334,0.4937475952289342,1,0.2958899213096458,29.59,Moderate
3646,240000,26,0,0,0.7195166666666667,0.03891790785480994,0,0.2959165318897257,29.59,Moderate
15140,410000,63,0,0,0.8895024390243902,0.0335951038673306,1,0.29590518945550104,29.59,Moderate
13939,50000,56,0,0,0.59658,0.039782314749628435,0,0.2959195943560649,29.59,Moderate
7195,500000,57,0,0,0.032017666666666666,0.9568363299428441,0,0.2958378667316185,29.58,Moderate
28185,220000,33,0,0,0.8161166666666666,0.03643455611107295,0,0.2957760169496316,29.58,Moderate
9874,110000,48,0,0,0.8434242424242425,0.04006215643301118,0,0.2958101175152713,29.58,Moderate
21553,50000,23,0,0,0.03666666666666667,1.1254545454545455,0,0.2956631072173784,29.57,Moderate
15075,50000,33,0,0,0.61197,0.0714631980870522,0,0.295682140410587,29.57,Moderate
7751,80000,22,0,0,0.5993541666666667,0.02954569154298029,0,0.29555178106245766,29.56,Moderate
728,450000,33,0,0,0.0005577777777777778,3.7164674634794155,0,0.2955834186238276,29.56,Moderate
8528,110000,26,0,0,0.6334560606060606,0.033015133431081534,0,0.2955775348527674,29.56,Moderate
18106,200000,33,0,0,0.6879041666666668,0.054110008055870185,0,0.2955138439484882,29.55,Moderate
5930,50000,54,0,0,0.29111333333333334,0.05603774016992237,0,0.2954643996616572,29.55,Moderate
22802,230000,33,0,0,0.051018115942028985,0.07527874440735743,0,0.29542341405819006,29.54,Moderate
27983,100000,28,0,0,0.879795,0.035614357132438046,0,0.2954425694980761,29.54,Moderate
10572,100000,41,0,0,0.03963333333333333,0.5388141295206056,1,0.29533905865960997,29.53,Moderate
12770,70000,22,0,0,0.6975142857142858,0.26500907986182226,0,0.2952037384331927,29.52,Moderate
4496,50000,65,0,0,0.89927,0.028775191729588073,0,0.29485513032937544,29.49,Moderate
11314,180000,35,0,0,0.0018666666666666666,1.0277777777777777,0,0.29488445492020093,29.49,Moderate
14154,20000,35,0,0,0.1433,0.7880321004884857,0,0.2947770878326937,29.48,Moderate
21662,90000,23,0,0,0.015911111111111112,0.6820297951582868,0,0.29453298242247977,29.45,Moderate
1627,150000,48,1,2,0.2721822222222222,0.04898678989565814,0,0.29440254331986987,29.44,Moderate
10219,80000,46,0,0,0.05124375,0.6403219904866447,0,0.2942178690667985,29.42,Moderate
27388,120000,43,0,0,0.023556944444444446,0.7668179942220388,0,0.2941360084898604,29.41,Moderate
4434,290000,46,0,0,0.36087068965517244,0.32900631454894375,0,0.29411890197746887,29.41,Moderate
19504,300000,39,1,2,0.3111911111111111,0.04730926333228598,0,0.29389021583750735,29.39,Moderate
19567,240000,47,0,0,0.06363333333333333,0.9369434258774227,0,0.29390742401370695,29.39,Moderate
12844,160000,43,0,0,0.02408125,0.7793061683536638,0,0.2937109188046293,29.37,Moderate
7518,230000,36,0,0,0.002951449275362319,1.0,0,0.29360851083242107,29.36,Moderate
16130,50000,41,0,0,0.30234666666666665,0.05229096842476627,0,0.29352072773258325,29.35,Moderate
1010,80000,27,0,0,0.16666666666666669,0.0,0,0.2935152041586002,29.35,Moderate
2157,290000,25,0,0,0.9354120689655172,0.050181953125336,1,0.2928928453770705,29.29,Moderate
588,210000,25,1,2,0.05349920634920635,0.6664540343277604,1,0.29282071571086604,29.28,Moderate
9210,230000,40,0,0,0.03528478260869565,1.027868482122687,0,0.2925694248733947,29.26,Moderate
26513,240000,53,1,2,0.3323979166666667,0.03127735541195814,0,0.2923594976834533,29.24,Moderate
25336,360000,27,0,0,0.005500925925925926,0.7288335297088032,0,0.29235130369096485,29.24,Moderate
6428,100000,23,0,0,0.09115833333333334,0.15548039126062713,0,0.2924142204189755,29.24,Moderate
18731,50000,23,0,0,0.5298233333333333,0.051337867339427606,1,0.29242356315110196,29.24,Moderate
19225,390000,45,0,0,0.07221452991452992,0.8955687588027127,0,0.29235078013487864,29.24,Moderate
27482,160000,57,0,0,0.0006197916666666667,1.0100840336134453,1,0.29218303830471065,29.22,Moderate
8176,200000,31,0,0,0.04691916666666667,0.7523755394916789,1,0.29208621777018173,29.21,Moderate
874,180000,45,0,0,0.022936111111111112,0.9243066489039603,0,0.29209148985223393,29.21,Moderate
19891,160000,36,0,0,0.018651041666666666,1.1178441776040213,0,0.2919682510794486,29.2,Moderate
20793,220000,49,0,0,0.0655219696969697,0.5340101053313138,0,0.2919863368616454,29.2,Moderate
256,50000,25,0,0,0.5785066666666666,0.039423342859776896,0,0.29193942024805913,29.19,Moderate
17949,50000,37,0,0,0.5199266666666666,0.03281231968610958,0,0.29187541997575894,29.19,Moderate
19045,280000,29,0,0,0.007178571428571428,13.03117744610282,0,0.2918361781773605,29.18,Moderate
8280,90000,39,0,0,0.051724074074074075,0.9114603845189932,0,0.29183422333277637,29.18,Moderate
2081,70000,24,0,0,0.8325523809523809,0.03794127067651971,0,0.29169497299001873,29.17,Moderate
24017,120000,28,0,0,0.023133333333333332,1.2531820365033621,0,0.2917085985766819,29.17,Moderate
1789,50000,25,0,0,0.2969733333333333,0.044897409419476494,0,0.2915879710850789,29.16,Moderate
29174,360000,64,0,0,0.00487962962962963,1.0,0,0.2916087205681048,29.16,Moderate
316,60000,23,0,0,0.4764777777777778,0.04671431569619663,1,0.29142761680940416,29.14,Moderate
1943,120000,45,0,0,0.19067916666666668,0.045342307103992306,0,0.2913494274855053,29.13,Moderate
20806,30000,37,0,0,0.4385777777777778,0.06532478719092015,1,0.291256007061468,29.13,Moderate
18913,280000,28,0,0,0.012969642857142857,0.9124328789756299,0,0.2911658878469867,29.12,Moderate
21105,270000,45,1,1,0.01640185185185185,1.0104248993263332,0,0.2910393244100132,29.1,Moderate
17774,100000,58,0,0,0.9079133333333332,0.035526518683868503,0,0.2908275472138914,29.08,Moderate
5790,300000,29,0,0,0.0020555555555555553,1.0,0,0.29083458911593213,29.08,Moderate
5553,10000,27,1,1,0.5052833333333333,0.4372134446020385,0,0.2907752461021807,29.08,Moderate
18888,500000,31,0,0,0.0005566666666666667,12.019760479041917,0,0.29066031052593727,29.07,Moderate
29061,300000,52,0,0,0.8475083333333333,0.05838028469074378,0,0.2907324828362173,29.07,Moderate
17158,230000,27,0,0,0.001417391304347826,1.0,0,0.2904889493361446,29.05,Moderate
9387,200000,70,0,0,0.02309,0.5530893604735094,0,0.290479086361073,29.05,Moderate
8165,290000,56,0,0,0.8865454022988506,0.038347220160392693,0,0.2903985334910597,29.04,Moderate
4776,260000,48,0,0,0.010687179487179486,0.29990403071017274,0,0.2903979084858286,29.04,Moderate
12504,200000,46,1,1,0.026505,0.7054958183990442,1,0.2903141096283672,29.03,Moderate
16394,180000,43,0,0,0.014564814814814813,1.1836617927527018,0,0.29028311814456764,29.03,Moderate
13034,180000,25,0,0,0.02054259259259259,1.738348508068151,0,0.2902609322786895,29.03,Moderate
29042,460000,50,0,0,1.0897159420289855,0.03994392901221432,1,0.29022650017343216,29.02,Moderate
11403,160000,47,0,0,0.004509375,0.6421806421806422,0,0.29024681269375013,29.02,Moderate
23241,110000,42,0,0,0.6785666666666667,0.028775002567801113,0,0.2901258426393812,29.01,Moderate
26001,50000,41,0,0,0.23437666666666668,0.066843969109553,0,0.28996036291549826,29.0,Moderate
9490,100000,52,0,0,0.035355,0.42563522368359025,0,0.28980065009802475,28.98,Moderate
12,260000,51,1,2,0.05664679487179487,0.7503536307981306,0,0.2896840446842141,28.97,Moderate
13727,360000,36,0,0,0.010869907407407406,2.1169555773244175,0,0.28951591028626295,28.95,Moderate
15619,90000,26,0,0,0.06414444444444445,0.5904209249956694,1,0.28952897835519226,28.95,Moderate
10417,70000,25,0,0,0.28787857142857143,0.04406619854601394,0,0.2895464908630699,28.95,Moderate
14945,180000,43,0,0,0.028832407407407407,1.2683772760846528,0,0.2894608697781979,28.95,Moderate
3122,260000,44,0,0,0.7727961538461539,0.13357421683828788,0,0.2893168737829111,28.93,Moderate
13113,200000,65,0,0,0.7388591666666667,0.03398595357031279,0,0.28930251155957304,28.93,Moderate
4864,290000,37,0,0,0.006245977011494252,0.9485645933014354,1,0.2893371036908963,28.93,Moderate
12005,70000,28,0,0,0.19224523809523808,0.11161339063448225,0,0.28920702136042775,28.92,Moderate
9178,110000,32,0,0,0.16918484848484847,0.03582239257760026,0,0.2892141491306439,28.92,Moderate
20176,200000,34,0,0,0.05544666666666667,0.15089575568113503,0,0.28905715425627143,28.91,Moderate
6564,70000,39,0,0,0.8053071428571429,0.07771066348539007,0,0.28903010209577545,28.9,Moderate
7904,230000,36,1,1,0.014258695652173914,1.005285358540428,0,0.28903066050915216,28.9,Moderate
20854,80000,28,0,0,0.05157916666666666,0.19670409564585184,0,0.2887539298824579,28.88,Moderate
28803,140000,34,0,0,0.022976190476190476,0.6424870466321243,0,0.2887288320640193,28.87,Moderate
15049,340000,42,1,2,0.021115686274509802,0.9587241155167611,0,0.28859928797967827,28.86,Moderate
19538,50000,40,0,0,0.13276666666666667,0.5011549083605322,0,0.2886232079298147,28.86,Moderate
24091,130000,37,0,0,0.02180128205128205,0.9431343722434578,0,0.28851279114804995,28.85,Moderate
847,300000,34,0,0,0.11585333333333334,0.04363754939195151,0,0.2884311513375074,28.84,Moderate
23017,260000,42,0,0,0.015166666666666667,0.8826711749788673,0,0.2882759136966078,28.83,Moderate
2544,230000,34,0,0,0.008684782608695651,0.8060075093867334,0,0.2882675088047965,28.83,Moderate
10288,80000,35,1,1,0.04198541666666667,1.0,1,0.28829866948762195,28.83,Moderate
1544,50000,34,0,0,0.33925,0.023581429624170966,0,0.28833881947319623,28.83,Moderate
27823,120000,27,0,0,0.09127777777777778,0.016737674984783932,0,0.28812074895226253,28.81,Moderate
1023,210000,37,0,0,0.4081753968253968,0.03363788909607409,0,0.2881335130756804,28.81,Moderate
18411,80000,25,0,0,0.0008125,0.6153846153846154,0,0.2879631795502586,28.8,Moderate
28076,360000,26,0,0,0.007776851851851852,1.1375163709965472,0,0.28793882365604334,28.79,Moderate
2566,250000,30,1,2,0.03857066666666666,0.8312534568584071,0,0.2877635901444077,28.78,Moderate
28667,260000,35,0,0,0.0015826923076923077,1.2033211826650465,1,0.2878355739356564,28.78,Moderate
6262,240000,28,0,0,0.8509125,0.038051470888278434,0,0.2877161033709729,28.77,Moderate
627,70000,46,0,0,0.7590380952380952,0.04184494159274269,0,0.28746359046274755,28.75,Moderate
10386,450000,54,0,0,0.00042444444444444447,5.7356020942408374,0,0.28753287632859054,28.75,Moderate
14673,250000,27,0,0,0.012592666666666665,0.6659431415109323,0,0.2873724100246188,28.74,Moderate
17565,50000,45,0,0,0.03701666666666666,1.0025213867627194,0,0.28726168476923164,28.73,Moderate
10636,90000,24,0,0,0.33746851851851856,0.03098231385094906,0,0.2872881658096345,28.73,Moderate
11726,300000,42,0,0,0.02425388888888889,0.6851593100762764,1,0.2872876188424224,28.73,Moderate
22635,50000,38,0,0,0.5514833333333333,0.05560760373538034,0,0.2872566302656094,28.73,Moderate
29773,250000,39,0,0,0.8208886666666666,0.036563626573802535,0,0.2871527467371474,28.72,Moderate
15105,180000,39,0,0,1.090162962962963,0.257356188677194,0,0.287114423002349,28.71,Moderate
21577,20000,21,0,0,0.5443166666666667,0.4609142962123764,0,0.28713456233741347,28.71,Moderate
12028,460000,39,1,2,0.06369528985507246,0.671875266639742,0,0.28707621722912036,28.71,Moderate
28566,250000,41,1,2,0.10931133333333333,0.804814383382022,0,0.2870459891340946,28.7,Moderate
22227,160000,28,0,0,0.008836458333333333,0.9707650595308264,0,0.28703827363317685,28.7,Moderate
16922,200000,55,0,0,0.8757991666666667,0.038937770169911484,0,0.2868782775543127,28.69,Moderate
3333,500000,59,0,0,0.002092,1.3585086042065009,1,0.2869214531048287,28.69,Moderate
9811,120000,33,1,2,0.4641222222222222,0.04303523975964186,0,0.2867561274641725,28.68,Moderate
23353,150000,28,0,0,0.017977777777777777,0.26328800988875156,1,0.28679866048656727,28.68,Moderate
15297,420000,44,1,1,0.008336904761904762,0.5864629444523776,0,0.28671111099381824,28.67,Moderate
1603,100000,53,0,0,0.5688783333333334,0.1152120986619869,0,0.2866590749924722,28.67,Moderate
26448,340000,48,0,0,0.5004328431372549,0.13664641295819405,0,0.28658740879564526,28.66,Moderate
17496,50000,32,0,0,0.31249333333333335,0.046368989205103045,0,0.2864749007321674,28.65,Moderate
29547,50000,30,0,0,0.98171,0.04180121081242594,0,0.2863904868077464,28.64,Moderate
18246,440000,79,0,0,1.002796590909091,0.03654741304903748,0,0.286402606851378,28.64,Moderate
11775,210000,36,0,0,0.007765079365079365,1.0708299264104661,0,0.28634927380533587,28.63,Moderate
22793,260000,44,0,0,0.9674064102564102,0.06321157416671858,0,0.286330145996015,28.63,Moderate
8567,120000,69,0,0,0.8767916666666666,0.036723217538690615,0,0.28634220810427286,28.63,Moderate
15744,130000,26,0,0,0.013225641025641026,1.0,0,0.2860563209644541,28.61,Moderate
23654,150000,38,0,0,0.03567777777777778,0.9520087200249143,0,0.28610228373357977,28.61,Moderate
18780,140000,28,0,0,0.03717380952380952,0.8554409786716198,0,0.2860943085249321,28.61,Moderate
13146,350000,39,0,0,0.01594857142857143,1.0086289263107608,0,0.28581528509787824,28.58,Moderate
9973,300000,39,0,0,0.0011188888888888889,1.3778550148957298,1,0.2858211231148318,28.58,Moderate
27954,50000,25,0,0,0.79616,0.049181906484458734,0,0.2857828133610484,28.58,Moderate
3962,240000,28,0,0,0.84971875,0.036337186732538135,0,0.28575342573123214,28.58,Moderate
29442,300000,30,0,0,0.84046,0.04032183433939615,0,0.28584867851728696,28.58,Moderate
26594,380000,32,0,0,1.0457565789473684,0.0394933576588762,0,0.28572479392473094,28.57,Moderate
93,100000,27,0,0,0.005925,2.1251758087201127,0,0.28566245423769604,28.57,Moderate
16124,160000,41,0,0,0.07489583333333334,0.0,0,0.28559700385503217,28.56,Moderate
26861,230000,38,0,0,0.0063420289855072465,0.09872029250457039,0,0.2854661110085273,28.55,Moderate
25545,120000,37,0,0,0.9275222222222222,0.040280556320902765,0,0.28535478781919427,28.54,Moderate
5044,90000,45,0,0,0.703737037037037,0.17889942055376323,0,0.28516032209021397,28.52,Moderate
10343,70000,53,0,0,0.09201190476190475,0.362271962737741,0,0.2852456468137626,28.52,Moderate
20693,50000,29,0,0,0.23940333333333333,0.07357179654975564,0,0.2850096361511284,28.5,Moderate
5761,30000,38,0,0,0.3981388888888889,0.07049466266657364,0,0.2849803159312538,28.5,Moderate
15542,160000,30,0,0,0.0034895833333333337,0.7970149253731343,0,0.2848763156311132,28.49,Moderate
9898,200000,34,1,1,0.015326666666666667,0.7716942148760331,1,0.2848869119676357,28.49,Moderate
10161,500000,30,0,0,0.013724333333333333,0.8591309838972142,0,0.2847862208635507,28.48,Moderate
7327,360000,30,0,0,0.009008333333333333,0.46448761434885394,0,0.2848372572755333,28.48,Moderate
22452,90000,36,0,0,0.5983574074074074,0.2965464094604674,0,0.28482596139487637,28.48,Moderate
13725,50000,23,0,0,0.22756,0.3053553641530439,0,0.28481308086975776,28.48,Moderate
3137,20000,28,0,0,0.8566833333333334,0.16757456080621,0,0.2846867698194522,28.47,Moderate
23938,150000,27,0,0,0.012901111111111111,0.6155369907846008,0,0.28469555905261446,28.47,Moderate
23309,390000,32,0,0,0.014876068376068377,0.8432634300488365,0,0.28467263550859573,28.47,Moderate
541,200000,38,0,0,0.0007391666666666667,0.9075535512965051,0,0.2847386938029991,28.47,Moderate
23948,190000,29,0,0,0.7613447368421052,0.03291037441830187,0,0.2847351180619851,28.47,Moderate
28575,180000,30,1,1,0.023758333333333333,0.7721657118360029,0,0.28467797350118557,28.47,Moderate
21418,140000,26,0,0,0.73285,0.039717736040312285,0,0.2847354582874309,28.47,Moderate
18031,90000,34,0,0,0.6322685185185185,0.05326792121256498,0,0.28456944769580755,28.46,Moderate
29964,610000,31,1,2,0.5069284153005464,0.7628355282376771,0,0.2846459627949739,28.46,Moderate
13435,70000,30,0,0,0.2072404761904762,0.029710136602290875,0,0.2845056081654774,28.45,Moderate
1580,120000,38,0,0,0.02340277777777778,0.8053412462908012,0,0.28428445253685214,28.43,Moderate
7172,360000,39,0,0,0.0038277777777777776,0.3996129656507015,0,0.2842621257971177,28.43,Moderate
10047,130000,31,0,0,0.06500641025641025,0.17749728823587418,1,0.2842102736097242,28.42,Moderate
14697,300000,39,1,2,0.3178566666666667,0.04491891872996564,0,0.28407477709008144,28.41,Moderate
1936,460000,35,0,0,0.9208565217391305,0.036410651079414096,0,0.28396674394633203,28.4,Moderate
15426,300000,53,0,0,0.01676611111111111,0.16667218927068492,0,0.2839515222531466,28.4,Moderate
14769,440000,30,0,0,0.4081034090909091,0.028434378170268417,0,0.2839567094116663,28.4,Moderate
23539,250000,36,0,0,0.09101066666666667,1.0767236074892321,0,0.28399948409368314,28.4,Moderate
22312,200000,30,0,0,0.982155,0.038266193557364506,0,0.2838913622219193,28.39,Moderate
13870,220000,32,0,0,0.01509621212121212,0.11100516886636222,0,0.28386043470312866,28.39,Moderate
24722,360000,38,0,0,0.00019814814814814814,0.5887850467289719,0,0.28392579071998425,28.39,Moderate
12488,90000,46,0,0,0.015290740740740742,0.9712970812643817,0,0.28379394663149704,28.38,Moderate
12280,80000,27,0,0,0.023075,1.341278439869989,0,0.28380878633641043,28.38,Moderate
17868,60000,28,0,0,0.7126694444444444,0.040193170435101205,0,0.28379589512219516,28.38,Moderate
14891,50000,39,0,0,0.36700666666666665,0.1362373072242103,0,0.2838073593406648,28.38,Moderate
3118,110000,27,0,0,1.020030303030303,0.03758206826891655,0,0.28365665826451514,28.37,Moderate
1785,400000,34,1,2,0.14212291666666665,0.06714258491036222,0,0.28348747748156544,28.35,Moderate
20415,80000,27,0,0,0.6706604166666666,0.038022223119624,0,0.2834942471985832,28.35,Moderate
12180,320000,32,0,0,0.02295,1.0583696441539578,0,0.28347211661122285,28.35,Moderate
13603,310000,33,1,2,0.1400731182795699,0.04222065280805724,0,0.2833854974567831,28.34,Moderate
28015,150000,28,0,0,0.04744777777777778,0.7729199353675386,0,0.283422757032907,28.34,Moderate
4678,360000,35,0,0,0.00505,0.02631096442977631,0,0.2833921587158904,28.34,Moderate
1085,80000,23,0,0,0.6267083333333333,0.03799946812047071,0,0.28325139220156176,28.33,Moderate
23894,620000,29,0,0,0.7580225806451613,0.03528138436026958,0,0.28330688652506375,28.33,Moderate
21400,110000,56,0,0,0.6217969696969697,0.03188705267723558,0,0.2831618688853517,28.32,Moderate
9183,50000,24,0,0,0.53117,0.03631605700623153,0,0.2831440577305476,28.31,Moderate
6141,450000,53,0,0,0.0028314814814814817,0.933943754087639,0,0.2829101509437268,28.29,Moderate
23352,50000,27,0,0,0.07931,0.536922624301265,0,0.2829374281971328,28.29,Moderate
17276,90000,32,0,0,0.05971296296296297,1.4926655295394635,0,0.28274916701424413,28.27,Moderate
19027,80000,29,0,0,0.6327083333333333,0.04283832729667435,1,0.2826553809518741,28.27,Moderate
10358,190000,48,0,0,0.5624736842105263,0.1770141293159914,0,0.2827315738995655,28.27,Moderate
15587,240000,57,0,0,0.8283284722222223,0.06104915102620488,0,0.2826062068609759,28.26,Moderate
1438,210000,33,0,0,0.9381063492063493,0.041337073841764986,0,0.28257104671656097,28.26,Moderate
5128,360000,51,0,0,0.003969907407407407,0.6486297376093294,0,0.2825935487865571,28.26,Moderate
28935,50000,37,0,0,0.0897,1.017056856187291,0,0.28211658422816815,28.21,Moderate
9002,260000,31,0,0,0.02560705128205128,0.7330462863293864,0,0.28201193526047597,28.2,Moderate
697,50000,34,0,0,0.29877333333333334,0.1414003927168868,0,0.2820458969036716,28.2,Moderate
2480,140000,28,0,0,0.8225369047619048,0.03748565341546406,0,0.2817756570080181,28.18,Moderate
24096,260000,28,0,0,0.8671794871794871,0.038919278533412184,0,0.28166716416242094,28.17,Moderate
29983,90000,36,0,0,0.12011666666666666,0.1264203012503276,1,0.28173714360696717,28.17,Moderate
23126,110000,46,0,0,0.17938030303030303,1.0223074389100524,1,0.2816831452696796,28.17,Moderate
29087,60000,61,0,0,0.4861888888888889,0.05667664602235071,0,0.28171424579172727,28.17,Moderate
28761,140000,33,0,0,0.3716309523809524,0.24862094371656468,0,0.28155573083118685,28.16,Moderate
15873,110000,28,0,0,0.6800378787878788,0.03832005792903693,0,0.2816252608047747,28.16,Moderate
21884,130000,27,0,0,0.658574358974359,0.03152886577066235,0,0.28164319996809284,28.16,Moderate
5141,200000,43,0,0,0.5733158333333334,0.3256334859058198,0,0.2811598971363793,28.12,Moderate
15465,290000,38,0,0,0.021182758620689655,1.4038200662000109,0,0.28110776688464634,28.11,Moderate
14497,60000,56,0,0,0.44966666666666666,0.04196318260439832,1,0.2810799307925592,28.11,Moderate
5450,380000,57,0,0,0.9374109649122807,0.13238871340763592,0,0.28107721823015375,28.11,Moderate
29008,100000,35,0,0,0.8129783333333332,0.03726216565837138,0,0.2810631072277583,28.11,Moderate
16070,140000,33,0,0,0.01832857142857143,1.0,0,0.2810399536557545,28.1,Moderate
15167,80000,22,0,0,0.05685833333333334,0.953356294884948,0,0.28085790075746003,28.09,Moderate
26559,50000,51,0,0,0.9346633333333333,0.039839657060117904,1,0.2809063314338824,28.09,Moderate
9582,50000,21,0,0,0.25076,0.05317169139150316,0,0.28067708039111483,28.07,Moderate
27626,50000,24,0,0,0.25156,0.8577145280118725,0,0.28057621584279746,28.06,Moderate
28283,110000,41,0,0,0.6111681818181818,0.0404813434778405,1,0.28036502257202495,28.04,Moderate
22361,180000,31,0,0,0.06134259259259259,1.0,0,0.28043136877561037,28.04,Moderate
6013,360000,47,0,0,0.005961574074074074,0.9254484740234526,1,0.2803632077362766,28.04,Moderate
19809,50000,31,0,0,0.5649366666666666,0.04399313197349555,0,0.28027870180631254,28.03,Moderate
18363,80000,22,0,0,0.06993125,0.9628504185658534,1,0.280267080202235,28.03,Moderate
26271,360000,43,0,0,0.0033314814814814813,0.6311839911061701,1,0.28030283078542323,28.03,Moderate
29429,50000,26,0,0,0.93174,0.038605190289136455,0,0.28018346391433707,28.02,Moderate
5823,150000,28,0,0,0.42683666666666664,0.06244907627950322,0,0.28006416866830547,28.01,Moderate
25125,460000,51,0,0,0.003759057971014493,0.7337831325301205,0,0.2798868071882458,27.99,Moderate
193,180000,29,0,0,0.04245740740740741,0.4989968159811576,0,0.2799155635214502,27.99,Moderate
986,130000,43,1,1,0.018621794871794873,1.591944922547332,1,0.27981489545011795,27.98,Moderate
23214,50000,36,0,0,0.5067733333333334,0.07091928015154704,1,0.2798036680287382,27.98,Moderate
26096,50000,46,0,0,0.15424333333333334,0.698679575562423,0,0.2797918396215699,27.98,Moderate
23044,160000,33,0,0,0.028653125,0.9745882866179518,1,0.2797557614950222,27.98,Moderate
18906,280000,29,0,0,5.892857142857143e-05,50.676767676767675,0,0.2796601422491072,27.97,Moderate
19996,130000,40,0,0,0.8450871794871795,0.03830586436234769,0,0.2796136445517407,27.96,Moderate
23500,140000,33,1,1,0.010498809523809523,7.808708470348112,0,0.27947091950635133,27.95,Moderate
9166,260000,34,0,0,0.6051942307692307,0.02637530015263165,0,0.27948018317059214,27.95,Moderate
198,20000,22,0,0,0.8625916666666666,0.23925959559853544,0,0.27936976822999376,27.94,Moderate
21738,20000,23,0,0,0.3576,0.6185449291573453,0,0.2793173323144798,27.93,Moderate
22997,500000,39,0,0,0.006601,1.0774630106549512,0,0.27931732519111707,27.93,Moderate
2759,200000,23,0,0,0.0035475,0.9088560018792577,0,0.27926109923043907,27.93,Moderate
4826,80000,25,0,0,0.8470895833333334,0.038504388801853404,0,0.2791799035837433,27.92,Moderate
26939,20000,27,0,0,0.5999916666666667,0.31250434033806024,1,0.27918903328502176,27.92,Moderate
26975,300000,38,0,0,-0.0007494444444444445,0.0,1,0.2789832654485865,27.9,Moderate
12529,250000,37,0,0,0.041716,0.05510275833413239,0,0.2789229323035218,27.89,Moderate
4277,80000,28,0,0,0.6439229166666667,0.03762743340785485,0,0.2786048150912139,27.86,Moderate
29400,230000,28,0,0,0.005384782608695652,1.049118557394698,0,0.27850244581660116,27.85,Moderate
26736,140000,27,0,0,0.7405964285714286,0.04510360857802833,0,0.27846183142149916,27.85,Moderate
26533,70000,62,0,0,0.6153547619047619,0.04027487047734756,0,0.2784175299029145,27.84,Moderate
28817,280000,36,0,0,0.010252380952380952,1.2452972596377148,0,0.278442313170899,27.84,Moderate
13668,110000,29,0,0,0.06257575757575758,0.0,0,0.2782692296248588,27.83,Moderate
15762,50000,23,0,0,0.1902866666666667,0.8487895455978699,0,0.27829448222149794,27.83,Moderate
22548,360000,33,0,0,0.0023995370370370373,1.0,1,0.2782471266013752,27.82,Moderate
29691,390000,29,0,0,0.006119658119658119,2.049231843575419,0,0.27816698805034806,27.82,Moderate
14009,80000,26,0,0,0.5741354166666667,0.12854110347079847,0,0.2780399852623477,27.8,Moderate
29989,250000,34,0,0,0.91738,0.07399332882774859,0,0.27772485299959676,27.77,Moderate
25790,150000,35,0,0,0.02785222222222222,1.003031874576136,0,0.2776604721857513,27.77,Moderate
26682,70000,27,0,0,0.3796833333333333,0.0900625207723228,0,0.2774878669790672,27.75,Moderate
2176,340000,53,0,0,0.008009803921568628,0.976499388004896,0,0.27735132176079996,27.74,Moderate
19455,230000,31,0,0,0.04022753623188406,0.8755989480131138,0,0.27729607944353707,27.73,Moderate
16250,310000,37,0,0,0.00019838709677419354,0.6666666666666666,0,0.27725396728272766,27.73,Moderate
11648,100000,26,0,0,0.73545,0.13823736034627326,0,0.27727615946430706,27.73,Moderate
2275,50000,29,0,0,0.35184333333333334,0.047369567894801665,0,0.27710998781406637,27.71,Moderate
14662,120000,26,0,0,0.030783333333333333,0.914546110810323,0,0.27711435645670335,27.71,Moderate
18301,30000,47,0,0,0.6434,0.08375643283942942,0,0.27710638629081263,27.71,Moderate
5025,180000,40,0,0,0.029054629629629628,0.559609930208101,0,0.27705921718818827,27.71,Moderate
13991,100000,47,0,0,0.038283333333333336,0.0,0,0.2770161767570391,27.7,Moderate
12139,50000,25,0,0,0.8639,0.06121078828568121,1,0.2769300798408614,27.69,Moderate
25492,60000,22,0,0,0.11466944444444445,0.5246723674329594,0,0.2767882761838987,27.68,Moderate
8810,30000,59,0,0,0.6009611111111111,0.03536926959592505,0,0.27668745315061233,27.67,Moderate
18485,90000,24,0,0,0.04477592592592593,0.0,0,0.2765784189176656,27.66,Moderate
470,90000,41,0,0,0.036057407407407406,0.756561039494633,0,0.276538121774353,27.65,Moderate
16656,150000,29,0,0,0.05784444444444444,0.16571263926238955,0,0.276458544222167,27.65,Moderate
26450,200000,50,0,0,0.05752333333333333,0.6793040505302196,0,0.2765478315835084,27.65,Moderate
1049,300000,42,0,0,0.0050416666666666665,0.9332231404958677,0,0.2762274797285489,27.62,Moderate
14166,210000,26,0,0,0.7576507936507936,0.03875806586776167,0,0.2760586619111919,27.61,Moderate
11369,180000,63,0,0,0.0012444444444444445,0.0,1,0.27592379710105774,27.59,Moderate
10523,50000,24,0,0,0.49654333333333334,0.0537046112121802,0,0.2759450231833006,27.59,Moderate
6993,420000,36,0,0,0.012453571428571428,1.0319281139470413,0,0.2758955252216465,27.59,Moderate
21114,380000,39,0,0,-0.023335087719298247,0.0,0,0.27576554634520656,27.58,Moderate
18966,420000,29,0,0,0.07531587301587302,0.2910809500727096,0,0.2758090342543671,27.58,Moderate
18023,50000,49,0,0,0.68633,0.10442012831533908,1,0.2756886158019043,27.57,Moderate
12046,80000,46,0,0,0.62705625,0.06113220836780326,0,0.2756057496082832,27.56,Moderate
24642,20000,28,0,0,0.5518,0.4304095686843059,0,0.2755014831877756,27.55,Moderate
23818,500000,50,0,0,0.006076666666666667,0.5626988480526605,1,0.2753745058045746,27.54,Moderate
2837,240000,39,0,0,0.4323784722222222,0.03406384260188717,0,0.2752876134582412,27.53,Moderate
21125,230000,36,0,0,0.03677753623188406,0.19864835576222095,0,0.2750901734109613,27.51,Moderate
6119,360000,29,0,0,0.00911574074074074,0.6363128491620111,0,0.2750475409335327,27.5,Moderate
10613,20000,31,0,0,1.0146833333333334,0.2072403541334735,0,0.27485854394021175,27.49,Moderate
6264,230000,29,0,0,0.00737463768115942,0.9803478431757885,0,0.274679255551078,27.47,Moderate
27515,320000,51,0,0,0.0111546875,1.0178362982677311,0,0.2746633510007143,27.47,Moderate
206,20000,43,0,0,0.8245083333333334,0.3187556220373758,0,0.27457927802056536,27.46,Moderate
9031,80000,54,0,0,0.8094354166666667,0.04788316959609193,0,0.2746180538633701,27.46,Moderate
8317,320000,45,0,0,0.5975255208333333,0.035979111770853583,0,0.274459107482381,27.45,Moderate
8981,200000,29,0,0,0.06081916666666667,1.1862488524724937,0,0.2743465782236343,27.43,Moderate
24857,210000,47,0,0,-0.04986111111111111,0.0,1,0.274208273752624,27.42,Moderate
4658,50000,45,0,0,0.89311,0.054782352304494034,0,0.27409984615416677,27.41,Moderate
7289,50000,39,0,0,0.06883333333333333,0.14527845036319612,0,0.27407223899509503,27.41,Moderate
6426,210000,39,0,0,0.023520634920634918,0.9884937238493724,0,0.2739552966329048,27.4,Moderate
1005,150000,30,0,0,0.017852222222222224,0.976909192755337,1,0.2739753078494131,27.4,Moderate
12990,100000,36,0,0,0.023911666666666664,0.35470830138704956,0,0.2739600662650498,27.4,Moderate
23780,180000,64,0,0,0.044330555555555554,0.9905173674206822,0,0.27392646147150695,27.39,Moderate
23338,300000,43,0,0,0.013904444444444443,0.889603643918811,0,0.2737794330551752,27.38,Moderate
28551,50000,34,0,0,0.47024666666666665,0.05751591363397933,0,0.27379767809294486,27.38,Moderate
28730,300000,31,0,0,0.025851666666666665,0.5355124320374788,0,0.2736792844066455,27.37,Moderate
24826,460000,35,0,0,0.004933333333333334,1.1320505287896592,0,0.2737024000761695,27.37,Moderate
5644,360000,49,0,0,0.006944444444444444,0.052,0,0.27366979522290225,27.37,Moderate
16418,280000,43,0,0,0.655972619047619,0.03929098376275142,0,0.2735573364606223,27.36,Moderate
26597,20000,27,0,0,0.7689583333333333,0.26887022487130857,0,0.2734034100426028,27.34,Moderate
22199,380000,30,0,0,0.6810214912280701,0.03892308316518852,0,0.27332574818710886,27.33,Moderate
16257,130000,28,0,0,0.020397435897435895,0.9197360150848523,0,0.27325185785117895,27.33,Moderate
7795,300000,36,1,1,0.058472222222222224,1.0181757719714963,0,0.2733407401973199,27.33,Moderate
29868,340000,29,0,0,0.7481622549019608,0.23605488219172338,0,0.27325133964074294,27.33,Moderate
18574,250000,24,0,0,0.055532,0.28750990419938055,1,0.2730813711529639,27.31,Moderate
3173,230000,35,0,0,0.742144927536232,0.2144196219340728,0,0.27309951806601024,27.31,Moderate
4943,270000,31,0,0,0.004116666666666667,1.9460188933873144,0,0.2730181316075355,27.3,Moderate
2082,160000,33,0,0,0.022871875,0.6719952634695086,0,0.2728347587700784,27.28,Moderate
14863,70000,41,0,0,0.47901666666666665,0.04511722924443428,0,0.2728087652154368,27.28,Moderate
24119,500000,27,0,0,0.709178,0.25554891249681555,0,0.27284911772109094,27.28,Moderate
29896,230000,46,0,0,0.037906521739130436,0.23725411481332798,0,0.2726797844380605,27.27,Moderate
19648,500000,31,1,1,0.034523,0.5527136498373065,0,0.27261037505606417,27.26,Moderate
22501,180000,33,0,0,0.018182407407407408,0.9341549116463819,0,0.27256580263500885,27.26,Moderate
4502,180000,36,0,0,0.04445462962962963,0.5637458082522755,1,0.2724104020978912,27.24,Moderate
15989,70000,23,0,0,0.31101190476190477,0.333022009569378,1,0.2723605059285561,27.24,Moderate
21415,220000,30,0,0,0.01902272727272727,0.7348068498606133,0,0.2724387122230556,27.24,Moderate
8617,200000,49,0,0,0.005228333333333334,0.9218999043672298,1,0.27233760025065257,27.23,Moderate
24908,400000,33,1,2,0.013018333333333333,0.7986493406734093,1,0.27233319928409006,27.23,Moderate
26830,50000,32,0,0,0.55946,0.054892217495442035,1,0.2722048658106804,27.22,Moderate
21232,150000,44,0,0,0.03231777777777778,0.7245753970982604,0,0.27220147048522947,27.22,Moderate
10727,140000,35,0,0,0.8675190476190476,0.038399047091047814,0,0.27214991135628375,27.21,Moderate
24937,310000,39,0,0,0.012406989247311827,0.8825237249209169,0,0.27203814281982597,27.2,Moderate
15507,90000,33,0,0,0.8026407407407408,0.07714119595963324,0,0.2720011005559212,27.2,Moderate
15848,200000,28,0,0,0.5673358333333334,0.03852362577720721,0,0.27200100205008154,27.2,Moderate
7260,210000,28,0,0,0.31684444444444443,0.011271867422800232,0,0.27188412891855884,27.19,Moderate
12436,280000,28,0,0,0.01395595238095238,1.073317410219227,1,0.2719139666116792,27.19,Moderate
29676,320000,36,0,0,0.022240625,1.2668259097934522,0,0.2718747229001616,27.19,Moderate
28540,230000,30,0,0,0.03675724637681159,0.8322129127649088,0,0.2718746696337268,27.19,Moderate
2776,210000,40,0,0,0.028826984126984128,0.6156599306205606,0,0.2718520928631735,27.19,Moderate
25931,210000,30,0,0,0.9460777777777778,0.03942761174372388,0,0.2718244089044576,27.18,Moderate
21399,360000,54,1,1,0.006163425925925926,1.1317509201532336,1,0.27183710395618227,27.18,Moderate
23274,180000,46,0,0,0.02398888888888889,0.9264705882352942,0,0.2717028729994057,27.17,Moderate
7478,170000,31,0,0,0.02384607843137255,1.0553796817826748,0,0.27162009738305815,27.16,Moderate
22482,150000,36,0,0,0.013792222222222223,0.4252799484411504,0,0.27154896465411116,27.15,Moderate
17509,240000,37,0,0,0.8535590277777777,0.03982182446862605,1,0.2714888746056381,27.15,Moderate
20864,130000,43,0,0,0.23487051282051283,0.03419232637732739,0,0.271527909788992,27.15,Moderate
679,300000,31,0,0,0.012642777777777779,0.8574943973282946,0,0.271439348041299,27.14,Moderate
29584,120000,26,0,0,0.019044444444444447,0.8262835472578763,0,0.27143877683534823,27.14,Moderate
26433,480000,48,0,0,0.00900138888888889,0.9723422311371702,0,0.2711131947656053,27.11,Moderate
19342,100000,41,0,0,0.970035,0.04296923994151414,0,0.2709447152282399,27.09,Moderate
1275,150000,34,0,0,0.923691111111111,0.03892595167696753,0,0.27090782052311096,27.09,Moderate
26417,210000,47,0,0,0.695534126984127,0.037748766792222034,0,0.2708076678858194,27.08,Moderate
29650,230000,34,0,0,0.8557471014492753,0.23664803447449512,0,0.2706770046067572,27.07,Moderate
25089,330000,54,0,0,0.03338080808080808,1.5749387236360335,0,0.27058379084839895,27.06,Moderate
3203,70000,25,0,0,0.844402380952381,0.03804606808421848,0,0.27057519277851094,27.06,Moderate
7637,210000,28,0,0,0.46805079365079366,0.03349758539298407,0,0.27057592781681666,27.06,Moderate
1665,280000,40,0,0,0.028116071428571428,0.9291626971525352,0,0.2704819606612177,27.05,Moderate
16717,430000,29,0,0,0.002124031007751938,0.9248175182481752,0,0.27040321027023473,27.04,Moderate
11101,110000,24,0,0,0.6861530303030302,0.05373171900428608,0,0.2703288142627477,27.03,Moderate
27434,300000,45,0,0,0.08751166666666667,0.3071463487408028,0,0.27015065901098967,27.02,Moderate
7717,130000,43,0,0,0.8039487179487179,0.04127224596542706,0,0.2702167336562314,27.02,Moderate
4784,360000,34,1,1,0.009511574074074073,0.46712095400340714,0,0.26999117089245106,27.0,Moderate
22562,180000,47,0,0,0.00838425925925926,0.718387631143015,0,0.27001896304832834,27.0,Moderate
10815,90000,27,0,0,0.026057407407407404,0.9657451495984649,1,0.27002023228190114,27.0,Moderate
7405,20000,34,0,0,0.91745,0.07798790124802442,1,0.26984111849709924,26.98,Moderate
83,60000,30,0,0,0.39879444444444445,0.03723026343284622,1,0.2697529826329536,26.98,Moderate
5505,450000,42,0,0,0.03274111111111111,0.34234906844945195,0,0.2696813184401568,26.97,Moderate
18041,50000,47,0,0,0.2456266666666667,0.43657040495060256,0,0.2696178293745188,26.96,Moderate
20326,80000,55,0,0,0.4392083333333333,0.045773645764159,0,0.2695591613832913,26.96,Moderate
2155,50000,25,0,0,0.45648,0.07901039841102933,0,0.2694431088994868,26.94,Moderate
13621,50000,49,0,0,0.38520666666666664,0.0724892265623648,0,0.26940460806610217,26.94,Moderate
7796,500000,38,1,2,0.07431933333333333,0.315323962360624,0,0.2693959984246798,26.94,Moderate
11710,160000,29,1,1,0.03193541666666667,1.9200534933785636,0,0.2691283347884382,26.91,Moderate
28946,250000,43,0,0,0.001212,1.0,0,0.2690505470848342,26.91,Moderate
7283,150000,30,0,0,0.0728788888888889,0.0,0,0.269146762560572,26.91,Moderate
397,100000,38,0,0,0.401305,0.021351175124489686,0,0.26895579962720545,26.9,Moderate
26249,120000,31,0,0,0.04406388888888889,1.016075143415495,0,0.2688782877146905,26.89,Moderate
28259,230000,48,0,0,0.0034195652173913045,1.1744013562195381,0,0.2688666808385233,26.89,Moderate
25602,200000,40,0,0,0.7823566666666667,0.06405752704435744,0,0.2688819931277553,26.89,Moderate
16939,90000,55,0,0,0.3728388888888889,0.05545042293116379,0,0.2688145653468447,26.88,Moderate
18207,500000,48,1,1,0.022574666666666666,0.4029295375346997,0,0.26865804176677005,26.87,Moderate
21239,360000,43,0,0,0.0034814814814814812,1.1210106382978724,0,0.2686664493663141,26.87,Moderate
8122,130000,28,0,0,0.3494641025641026,0.03089345591418362,0,0.268692507446816,26.87,Moderate
19711,300000,41,0,0,0.0054266666666666664,1.091932841932842,0,0.2685726192970037,26.86,Moderate
21246,30000,37,0,0,0.4779611111111111,0.5602152662350494,0,0.2685979603966988,26.86,Moderate
27514,330000,57,0,0,0.0026737373737373738,0.40612013600302227,0,0.2685477892709821,26.85,Moderate
17066,100000,24,0,0,0.9218516666666667,0.29456655174097063,0,0.2684954993222673,26.85,Moderate
27528,110000,51,0,0,0.5587424242424243,0.16145836158038887,1,0.2683269477020297,26.83,Moderate
28204,300000,38,0,0,0.032189444444444444,0.3959199875735662,0,0.2683370308934717,26.83,Moderate
22514,300000,46,0,0,0.015857777777777776,0.6609795403587444,0,0.2682826506111347,26.83,Moderate
16082,100000,31,0,0,0.7493483333333333,0.025448778827825955,0,0.26819966813952173,26.82,Moderate
20971,210000,42,0,0,0.9805341269841269,0.042089143186455714,0,0.2681350990385733,26.81,Moderate
14956,50000,44,0,0,0.43653666666666663,0.04147799726636174,0,0.26806258143678674,26.81,Moderate
16089,290000,33,0,0,0.00589367816091954,0.8933203315455875,1,0.26798812176234815,26.8,Moderate
24547,120000,39,0,0,0.07330555555555555,0.45054945054945056,0,0.26797237310960076,26.8,Moderate
249,330000,25,1,2,0.12929545454545455,0.059491025565906915,0,0.26788901262566,26.79,Moderate
14600,90000,34,0,0,0.03150740740740741,1.4751968966733278,0,0.26779857124630235,26.78,Moderate
4595,30000,32,1,2,0.8364055555555556,0.03091934401838555,1,0.26778668108653847,26.78,Moderate
25610,190000,28,0,0,0.005148245614035088,1.0306696200374852,0,0.26781540511972357,26.78,Moderate
13079,200000,58,0,0,0.010281666666666668,1.251823634300535,0,0.2678497270063168,26.78,Moderate
2268,230000,33,1,2,0.15621159420289854,0.8553986603083888,0,0.2677676194041251,26.78,Moderate
9510,70000,31,0,0,0.5129309523809523,0.0364757161225636,0,0.26759391966484763,26.76,Moderate
5565,140000,60,0,0,0.9784916666666668,0.0360978327917239,1,0.2675569862557147,26.76,Moderate
20377,150000,24,0,0,0.33831666666666665,0.2931146033466345,0,0.2675949999650098,26.76,Moderate
13592,120000,42,0,0,0.9369027777777778,0.03819766666172525,0,0.2672857058627175,26.73,Moderate
8856,120000,26,0,0,0.8417847222222222,0.04665682206291197,1,0.26720454927785864,26.72,Moderate
25820,280000,30,0,0,0.004192857142857143,0.5928449744463373,0,0.2671195058517553,26.71,Moderate
6168,500000,33,1,1,0.056532,0.5340338215523951,0,0.2671335983838914,26.71,Moderate
27134,500000,47,0,0,0.008076333333333333,0.7526930537785299,0,0.26714872623747193,26.71,Moderate
26428,220000,32,0,0,0.9096151515151516,0.04339164415187242,0,0.2669790869531532,26.7,Moderate
15900,160000,24,0,0,0.02942604166666667,0.8578710750823038,0,0.26701571991333684,26.7,Moderate
26504,80000,55,0,0,0.23700416666666665,0.02637084439443751,0,0.26692892547015745,26.69,Moderate
8205,150000,40,0,0,0.5303266666666666,0.3627910679790653,0,0.266821448313043,26.68,Moderate
27331,500000,40,0,0,0.012383333333333335,0.5728667563930013,0,0.2668364126507242,26.68,Moderate
8121,90000,53,0,0,0.1120074074074074,0.3703128099993387,0,0.2666258660605954,26.66,Moderate
4896,240000,41,0,0,0.024739583333333332,0.7252771929824562,0,0.2665371462246376,26.65,Moderate
8045,380000,31,0,0,0.8416451754385965,0.04652698271086651,0,0.2664166405557202,26.64,Moderate
10312,110000,45,0,0,0.6695712121212121,0.03840087618263158,0,0.26630632700034956,26.63,Moderate
15591,110000,51,0,0,0.5809818181818182,0.03285973587031358,0,0.2662860556503184,26.63,Moderate
18275,420000,51,0,0,0.37211825396825393,0.34233549242965516,0,0.2660243800119779,26.6,Moderate
24626,280000,32,0,0,0.042194047619047624,0.7238947041728974,0,0.26596739666891245,26.6,Moderate
3434,20000,22,0,0,0.82695,0.13923655198822985,0,0.26596203726931894,26.6,Moderate
18611,140000,25,0,0,0.03574404761904762,0.2870940882597835,1,0.26575469770123233,26.58,Moderate
29947,230000,44,0,0,0.017797101449275363,0.7824104234527687,0,0.26572031178634903,26.57,Moderate
23462,270000,44,0,0,0.022405555555555557,1.2937432845689727,0,0.26573185703895247,26.57,Moderate
2591,360000,25,0,0,0.014064351851851852,0.831791698212581,0,0.26535797542932155,26.54,Moderate
8890,280000,26,0,0,0.0213125,0.9459014104175395,0,0.2654083147703717,26.54,Moderate
28643,150000,38,0,0,0.41994,0.037087308768977575,0,0.2653346143662398,26.53,Moderate
19151,240000,46,0,0,0.49979375,0.03177977582419415,0,0.26528388847527784,26.53,Moderate
26493,160000,58,0,0,0.011277083333333333,1.0072048771476076,1,0.2651517939576611,26.52,Moderate
6320,240000,44,0,0,0.01041875,0.753249350129974,0,0.2651195032517551,26.51,Moderate
23696,120000,51,0,0,0.564011111111111,0.1643042887255964,0,0.26503555713578575,26.5,Moderate
11813,80000,37,0,0,0.022702083333333335,0.9900890153253189,0,0.26495406845728314,26.5,Moderate
17244,110000,38,0,0,0.9029212121212121,0.03652958075472205,0,0.2649190918337549,26.49,Moderate
3286,280000,35,1,2,0.6412583333333334,0.3224389546594586,0,0.2649037629126265,26.49,Moderate
1210,20000,23,0,0,0.855175,0.22347277847614036,1,0.26477984437983415,26.48,Moderate
23602,240000,41,0,0,0.013936111111111111,1.0484851504883397,0,0.26483828202174653,26.48,Moderate
20171,280000,43,1,1,0.01581607142857143,1.0088065936547363,1,0.2646752972187926,26.47,Moderate
4305,40000,44,0,0,0.13217916666666668,0.8502978911200075,0,0.264633024370898,26.46,Moderate
18316,150000,25,0,0,0.008762222222222222,2.5616282018767436,0,0.2644679642407325,26.45,Moderate
10674,210000,28,0,0,0.001161904761904762,0.3162568306010929,0,0.2642835662358577,26.43,Moderate
1444,200000,51,0,0,0.021463333333333334,1.0720997049231247,0,0.26427354324615293,26.43,Moderate
5936,200000,34,0,0,0.013995833333333332,0.2540041679071152,0,0.26396805684575536,26.4,Moderate
11043,100000,28,0,0,1.043345,0.043937208369874456,0,0.26397120670300744,26.4,Moderate
2666,50000,22,0,0,0.4433033333333334,0.2671910129256867,0,0.2639314974698161,26.39,Moderate
7464,360000,34,0,0,0.005359722222222222,0.774293858512568,0,0.2638965199974889,26.39,Moderate
17017,80000,24,0,0,0.74625,0.04023171412618649,0,0.2637896454548506,26.38,Moderate
18924,70000,29,0,0,0.7630857142857143,0.18945322250511706,0,0.2635757952767778,26.36,Moderate
15157,70000,23,0,0,0.49700714285714287,0.04757045745246547,0,0.26347783641049183,26.35,Moderate
28080,150000,48,0,0,0.02172,0.28253529772866787,0,0.2635417819871137,26.35,Moderate
8302,110000,27,0,0,0.0673378787878788,0.34462120018900616,0,0.2634148008645764,26.34,Moderate
21921,60000,24,0,0,0.17835555555555557,0.28256603538499875,1,0.26330727615999766,26.33,Moderate
28755,70000,34,0,0,0.07853809523809524,0.6751955375007579,0,0.2630721701037954,26.31,Moderate
14418,400000,30,0,0,0.00931875,2.5933378046054103,0,0.2629685053210297,26.3,Moderate
27043,80000,40,0,0,0.8147520833333333,0.07602772827112542,0,0.2628774698070691,26.29,Moderate
19119,80000,42,0,0,0.6138583333333333,0.03610360696686261,0,0.2628601226009184,26.29,Moderate
26325,380000,40,0,0,0.01706798245614035,2.07585763844276,1,0.262875238541147,26.29,Moderate
28711,60000,39,0,0,0.5238111111111111,0.04447107736037163,0,0.2629048421008706,26.29,Moderate
3848,170000,48,0,0,0.8752941176470588,0.03682123655913978,0,0.2627578304011431,26.28,Moderate
5976,50000,24,0,0,0.3007533333333333,0.532097178196972,0,0.2628485099601757,26.28,Moderate
29528,180000,39,0,0,0.038175925925925926,1.1270676691729324,0,0.26275958574850516,26.28,Moderate
12786,240000,40,0,0,0.023201388888888886,0.9436695600119724,0,0.26278077555584833,26.28,Moderate
21969,120000,28,0,0,0.0024291666666666667,0.07775871926815323,0,0.26270190435646673,26.27,Moderate
10283,120000,47,0,0,0.793,0.03860165335575172,0,0.26268339712217303,26.27,Moderate
7669,440000,34,0,0,0.0017071969696969697,1.0075438207233194,0,0.26255885805245804,26.26,Moderate
13131,80000,36,0,0,0.04348333333333333,0.8883671904944423,0,0.2624672979226314,26.25,Moderate
14705,50000,32,0,0,0.19921,0.4886635543731071,0,0.2623800997846742,26.24,Moderate
17810,140000,24,0,0,0.04584166666666666,1.1485703897992572,1,0.2623658010431887,26.24,Moderate
5262,50000,36,0,0,0.18535333333333331,0.44522173866129555,0,0.2623586830665247,26.24,Moderate
26732,70000,24,0,0,0.14987142857142857,0.09690846122072888,0,0.2621773187320487,26.22,Moderate
29619,420000,32,0,0,0.1844373015873016,0.010280088299460822,0,0.2622106851474556,26.22,Moderate
3556,100000,35,0,0,0.566955,0.0407116379018911,0,0.26194035808924393,26.19,Moderate
21589,500000,37,0,0,0.003991333333333334,1.0012527142141305,0,0.2619014315690666,26.19,Moderate
1459,90000,24,0,0,0.0362,0.97426846736239,1,0.26189230278188813,26.19,Moderate
19952,30000,38,0,0,0.10368888888888889,0.9242391770252893,0,0.2617627122447068,26.18,Moderate
23160,230000,47,0,0,0.574095652173913,0.03425299021018565,0,0.26167376470764236,26.17,Moderate
5704,380000,30,0,0,0.0029859649122807017,0.5377497062279671,0,0.261749297026804,26.17,Moderate
29290,90000,26,0,0,0.28827592592592594,0.08085103649409967,0,0.2615680033612156,26.16,Moderate
17692,150000,43,0,0,0.00125,0.6506666666666666,0,0.26160635727916004,26.16,Moderate
14970,180000,31,0,0,0.013449074074074075,0.3485714285714286,1,0.2616160609199245,26.16,Moderate
18712,70000,26,0,0,0.6610619047619049,0.05042392110817372,0,0.26136673452465603,26.14,Moderate
3794,430000,33,0,0,0.03158488372093023,0.9846236915411896,0,0.26142272205495803,26.14,Moderate
11899,200000,29,0,0,0.06016666666666667,0.5760941828254847,0,0.26135469877141415,26.14,Moderate
8895,90000,29,0,0,0.6803814814814815,0.03892152006227443,0,0.261272212309131,26.13,Moderate
12657,70000,34,0,0,0.5989071428571429,0.3131576959620897,0,0.2613190200482018,26.13,Moderate
14078,140000,24,0,0,0.674125,0.04315294076095114,0,0.26124210004651993,26.12,Moderate
9934,410000,31,0,0,0.006304065040650406,0.7432293010059324,1,0.2609528050107531,26.1,Moderate
11976,70000,25,3,2,0.40171190476190477,0.37340192865059657,0,0.2608464547299421,26.08,Moderate
28973,50000,34,0,0,0.08380666666666665,1.0516665340863893,0,0.26082041470677647,26.08,Moderate
20453,170000,26,0,0,0.7799058823529412,0.03733482169794244,1,0.26059417641023774,26.06,Moderate
747,50000,34,0,0,0.28232,0.15019599508831585,0,0.26046069516093745,26.05,Moderate
22446,280000,38,0,0,0.04038869047619048,0.8883616052348459,0,0.26053452069811445,26.05,Moderate
10993,230000,41,0,0,0.013109420289855072,0.899397490464872,0,0.2605459783216284,26.05,Moderate
12634,20000,54,0,0,0.8133333333333334,0.14025614754098362,0,0.2604304482486156,26.04,Moderate
21751,110000,24,0,0,0.021433333333333332,0.7108016400395871,0,0.2603943208570173,26.04,Moderate
4241,200000,34,0,0,0.01605166666666667,0.8126362786834181,0,0.2603471375037808,26.03,Moderate
19774,150000,48,0,0,0.01861111111111111,0.44871641791044775,0,0.26025063408246896,26.03,Moderate
10885,450000,53,0,0,0.014115925925925926,0.7086296014483248,0,0.260190535626517,26.02,Moderate
3049,480000,38,0,0,0.7039972222222223,0.03748831079668086,0,0.2601023670396383,26.01,Moderate
13137,300000,34,0,0,0.016650555555555557,0.467118214273798,0,0.26000690241326585,26.0,Moderate
24434,280000,47,0,0,0.011033333333333334,0.9057509710832974,0,0.26003550718085616,26.0,Moderate
18582,280000,26,0,0,0.006539880952380952,0.7352325475562028,0,0.2599585328019273,26.0,Moderate
26478,80000,65,0,0,1.0162125,0.04170305587332046,0,0.25999632289046476,26.0,Moderate
7059,310000,34,0,0,0.019489784946236557,1.1834432153595762,0,0.2599222563802037,25.99,Moderate
22386,140000,29,0,0,0.017925,0.8598658431294415,1,0.2599355580988534,25.99,Moderate
3781,140000,39,0,0,0.03135119047619048,1.6985000949307005,0,0.259705542933349,25.97,Moderate
3697,50000,23,0,0,0.18868666666666667,0.12567572342154543,0,0.2597455425864418,25.97,Moderate
13669,100000,38,0,0,0.9756983333333333,0.04014218875711243,0,0.25948099539614833,25.95,Moderate
29718,50000,40,0,0,0.60523,0.21771888373015216,1,0.2594006225907865,25.94,Moderate
13462,50000,46,0,0,0.29995,0.05996554981385786,0,0.25943570263440346,25.94,Moderate
8300,80000,27,0,0,0.3487375,0.4299019080731687,0,0.2593544883868815,25.94,Moderate
19157,350000,36,0,0,0.004876190476190477,0.684375,0,0.2593448420911643,25.93,Moderate
1116,60000,27,0,0,0.10976944444444445,0.46261102816509353,0,0.25910170777937,25.91,Moderate
6252,120000,43,0,0,0.0013875,1.0,1,0.2590418987759089,25.9,Moderate
20394,170000,40,0,0,1.0053745098039215,0.039315170817235214,0,0.25901739332232626,25.9,Moderate
27765,180000,24,0,0,0.008761111111111112,0.37772141196364406,0,0.25890921025597147,25.89,Moderate
15192,220000,28,0,0,0.9895431818181818,0.037641335878125584,0,0.2585170795899036,25.85,Moderate
21146,200000,45,0,0,0.8386441666666667,0.043542503624401686,0,0.2585002396227776,25.85,Moderate
5840,80000,25,0,0,0.002058333333333333,1.0,0,0.25836577556725226,25.84,Moderate
21189,130000,39,0,0,0.7649179487179487,0.04037470082261211,1,0.25841105508152257,25.84,Moderate
19714,290000,27,0,0,0.00048448275862068965,18.52431791221827,0,0.2580630611836764,25.81,Moderate
29670,110000,39,0,0,0.08831363636363636,0.0510748537409714,0,0.2581373515808537,25.81,Moderate
28623,80000,41,0,0,0.10351666666666667,0.15259217517308002,0,0.2579994259808594,25.8,Moderate
14188,240000,41,1,1,0.05403680555555556,1.079665351547942,0,0.2577309547521061,25.77,Moderate
6656,500000,58,0,0,0.013801333333333334,1.1128393391942808,0,0.2577109204221099,25.77,Moderate
24309,420000,43,0,0,0.007643650793650794,0.9842176305679576,0,0.25745923806319143,25.75,Moderate
28915,150000,39,0,0,0.01703111111111111,0.35627609603340293,0,0.2574772408649959,25.75,Moderate
22633,230000,38,1,1,0.011968840579710146,1.0637524974268935,0,0.25749329618262945,25.75,Moderate
4661,80000,36,0,0,0.5344479166666667,0.07504628997992477,0,0.25745521688224715,25.75,Moderate
25833,230000,35,0,0,0.028111594202898552,0.6511316182914884,0,0.2573254863566181,25.73,Moderate
22397,130000,30,0,0,0.8350807692307692,0.23716729381312723,0,0.2572385929103955,25.72,Moderate
13393,50000,25,0,0,0.32176333333333335,0.04169731376063152,0,0.25704973957285954,25.7,Moderate
29599,70000,39,0,0,1.007147619047619,0.0728625396570229,1,0.2569598687892216,25.7,Moderate
19080,70000,29,0,0,0.7677095238095237,0.09012585365248513,0,0.2569838690011442,25.7,Moderate
28203,50000,46,0,0,0.12083333333333333,1.0560551724137932,0,0.25685212083461956,25.69,Moderate
2241,380000,45,0,0,0.05237456140350877,2.4397725559817105,0,0.25682033049212744,25.68,Moderate
13981,360000,30,0,0,0.002116666666666667,0.8359580052493438,0,0.2568344675043668,25.68,Moderate
15794,60000,23,0,0,0.484,0.04880050505050505,0,0.2568324806064438,25.68,Moderate
22267,400000,29,1,2,0.18346458333333332,0.049435063534060845,1,0.25666555826138454,25.67,Moderate
13118,160000,33,0,0,0.053917708333333335,0.9293290315102104,0,0.2566506476584836,25.67,Moderate
26932,200000,38,0,0,0.008361666666666667,0.9211680287024118,0,0.25670277894695354,25.67,Moderate
27691,270000,25,0,0,0.00996604938271605,1.81715701455559,0,0.2564757894425942,25.65,Moderate
18087,360000,36,0,0,0.0015319444444444445,0.9383499546690843,1,0.2565492098172094,25.65,Moderate
29719,140000,39,0,0,0.8715690476190476,0.0388311720241819,0,0.25649342828819904,25.65,Moderate
10985,260000,45,0,0,0.007494871794871795,0.6885904892234006,0,0.25635517704358457,25.64,Moderate
18236,90000,56,0,0,0.5431925925925927,0.06280086184560418,0,0.2564375094233055,25.64,Moderate
26421,180000,40,0,0,0.07836296296296297,1.0971736459022592,1,0.25637225462925156,25.64,Moderate
13035,80000,32,0,0,0.7651125,0.0382541783071117,0,0.25636764241423715,25.64,Moderate
1138,50000,41,0,0,0.38963666666666663,0.0566254031533651,0,0.2563384299176079,25.63,Moderate
310,60000,27,0,0,0.1830888888888889,0.7147560383541692,0,0.2561286458638875,25.61,Moderate
10368,90000,26,0,0,0.8514314814814814,0.03738801539020343,1,0.256124322013858,25.61,Moderate
29913,450000,31,0,0,0.005555555555555556,0.6666666666666666,0,0.25610708380470354,25.61,Moderate
17491,50000,39,0,0,0.9642033333333333,0.11062673502477002,0,0.25598119154902776,25.6,Moderate
17061,20000,22,0,0,0.7148666666666667,0.30228247691877275,1,0.2559868695183769,25.6,Moderate
14585,20000,25,1,1,0.09705833333333334,0.8215849574997853,0,0.25589270606023967,25.59,Moderate
24134,130000,29,0,0,0.6363833333333333,0.037092624788719906,0,0.2559249124477876,25.59,Moderate
13587,80000,50,0,0,0.19284166666666666,0.20497169525949613,0,0.255677242810127,25.57,Moderate
7241,180000,36,0,0,0.018073148148148147,0.911265946001332,0,0.25546656431691844,25.55,Moderate
25180,50000,23,0,0,0.30239333333333335,0.48871227319826277,0,0.2553604777737446,25.54,Moderate
27996,80000,30,0,0,0.04628541666666667,1.0175091146419408,0,0.2554153055412648,25.54,Moderate
27227,320000,33,0,0,0.021402604166666665,1.1032535955028837,0,0.2554260439605186,25.54,Moderate
13650,500000,29,0,0,0.037741666666666666,1.0738706116140428,0,0.255331375468751,25.53,Moderate
789,80000,29,0,0,0.14527916666666668,0.0841053144807411,0,0.2551865686600409,25.52,Moderate
3808,100000,46,0,0,0.6252283333333334,0.036546648291157634,0,0.25518938131734625,25.52,Moderate
7147,290000,37,0,0,0.6520620689655172,0.1924495940376595,0,0.25518210599066143,25.52,Moderate
20605,110000,29,0,0,0.9956227272727273,0.038294899948410545,0,0.25506047824367173,25.51,Moderate
12637,50000,24,1,1,0.29270666666666667,0.7544413064273675,0,0.25478759641266957,25.48,Moderate
24122,30000,29,0,0,0.5387055555555555,0.27344354264852994,0,0.25484102329826186,25.48,Moderate
15417,350000,53,1,1,0.0445952380952381,0.6141804591564335,0,0.25482569831518537,25.48,Moderate
26867,390000,37,0,0,0.0047,0.9958174213493363,1,0.25474965206436784,25.47,Moderate
19295,200000,36,0,0,0.9073516666666667,0.04491000365532658,0,0.25473570114848565,25.47,Moderate
16461,100000,51,0,0,0.8628633333333333,0.036892671299819595,0,0.2545602818255039,25.46,Moderate
3673,100000,26,0,0,0.04318,0.0,1,0.2545554275587068,25.46,Moderate
8761,50000,37,0,0,0.32872666666666667,0.15613782473787746,0,0.25429299301533015,25.43,Moderate
27098,580000,35,0,0,0.0059353448275862065,0.4701040910191237,0,0.2541701111211608,25.42,Moderate
26172,80000,45,0,0,0.8671916666666666,0.03664607016903222,0,0.25407258509163017,25.41,Moderate
11157,180000,31,0,0,0.023633333333333333,1.1444131013947658,0,0.2540080356263864,25.4,Moderate
13083,210000,46,0,0,0.013688888888888888,0.7379986085343229,1,0.2539958740595793,25.4,Moderate
29598,140000,44,0,0,0.8113773809523809,0.041312758874166064,0,0.253905502144598,25.39,Moderate
22322,240000,28,0,0,0.023406944444444445,1.0229632706343084,0,0.25386451800930787,25.39,Moderate
10304,210000,51,0,0,0.001507936507936508,0.0,0,0.2538478924925242,25.38,Moderate
13738,300000,37,0,0,0.011109444444444444,0.8123218482772416,0,0.2536579413651923,25.37,Moderate
23859,80000,25,0,0,0.75175625,0.04018368099145612,0,0.2536838666253872,25.37,Moderate
22553,80000,35,0,0,0.6482833333333333,0.03297490809059825,0,0.2536347194992908,25.36,Moderate
10311,50000,25,0,0,0.14419333333333334,0.30348143695963753,0,0.2535480174578583,25.35,Moderate
25432,170000,28,0,0,0.9019901960784314,0.36537069443387715,0,0.2535057427853117,25.35,Moderate
19505,450000,40,0,0,0.0002959259259259259,0.0,0,0.25336058855668186,25.34,Moderate
28602,200000,41,0,0,0.146285,0.3639072130886056,0,0.2533272084904089,25.33,Moderate
28414,80000,28,0,0,0.8692125,0.22651250413448956,0,0.2530799576275282,25.31,Moderate
26320,100000,35,0,0,0.025421666666666665,0.770209139185734,0,0.25304276460437375,25.3,Moderate
20699,80000,44,0,0,0.37221041666666665,0.05599991044492083,1,0.25286925618700956,25.29,Moderate
23691,500000,53,0,0,0.004449666666666667,0.9578994681249532,0,0.25293815998411023,25.29,Moderate
22425,180000,40,0,0,0.001201851851851852,1.0,0,0.2527439399528929,25.27,Moderate
22435,60000,45,0,0,0.3556055555555555,0.044400006249121216,0,0.2525198482230575,25.25,Moderate
22358,400000,32,0,0,0.0068,1.6565563725490196,0,0.25242813941822406,25.24,Moderate
13575,60000,37,0,0,0.5236861111111112,0.04130973282341521,0,0.25225967572821545,25.23,Moderate
28886,250000,43,0,0,0.00022066666666666665,0.0,0,0.2520208653992794,25.2,Moderate
1385,50000,22,0,0,0.3275866666666667,0.31737148439089913,0,0.25189528913107034,25.19,Moderate
21023,200000,34,0,0,0.013161666666666667,0.9372546536659491,0,0.2517661036697737,25.18,Moderate
29391,150000,27,0,0,0.30544777777777776,0.1196785775346213,0,0.2517942779387528,25.18,Moderate
15849,70000,28,0,0,1.000192857142857,0.04108731411323054,0,0.25165127690229616,25.17,Moderate
21220,50000,49,0,0,0.48494666666666664,0.07226911550411041,0,0.25134794084750367,25.13,Moderate
23573,360000,40,0,0,0.025284722222222222,0.8830174860386341,0,0.2512064450472821,25.12,Moderate
17176,180000,29,0,0,0.018773148148148146,1.3911220715166461,0,0.2510060327765728,25.1,Moderate
14532,50000,26,0,0,0.37348333333333333,0.06425989557766969,0,0.250928062997356,25.09,Moderate
15224,460000,35,0,0,0.9367307971014494,0.03618041005238307,1,0.2509187071054952,25.09,Moderate
23458,80000,41,0,0,0.07085208333333334,1.3197682966273634,0,0.2507563319697521,25.08,Moderate
6524,100000,36,0,0,0.5705533333333334,0.04131661661778624,0,0.2507620718149656,25.08,Moderate
5796,120000,26,0,0,0.7446277777777778,0.03842337334835451,0,0.25079834200901724,25.08,Moderate
13742,50000,35,0,0,0.46845,0.08481872843064005,1,0.2506965124568599,25.07,Moderate
29781,100000,29,0,0,0.08719166666666667,0.17287584822708593,0,0.25067908749878703,25.07,Moderate
3189,430000,39,0,0,0.007604651162790698,0.9885321100917431,0,0.2505373329871298,25.05,Moderate
972,130000,33,0,0,0.9019897435897436,0.04181354043482216,0,0.25050098964070244,25.05,Moderate
13880,200000,39,0,0,0.04118166666666667,0.6151199967623133,0,0.25045784546433614,25.05,Moderate
26444,70000,50,0,0,0.21642142857142857,0.10000330043895839,0,0.2504421746133831,25.04,Moderate
9417,120000,40,0,0,0.51515,0.030735384515836812,0,0.25044086949153116,25.04,Moderate
28141,180000,44,0,0,0.016122222222222222,0.6399609464736963,0,0.25025736716757085,25.03,Moderate
22931,90000,33,0,0,0.06331111111111111,0.5647010647010647,0,0.25024514774596845,25.02,Moderate
4043,360000,42,0,0,0.0044898148148148145,0.7594349350381522,0,0.2501707765800371,25.02,Moderate
24504,550000,44,0,0,0.007975757575757577,0.2013677811550152,0,0.25024341502166064,25.02,Moderate
7612,80000,60,0,0,0.5184979166666667,0.06485480896339185,0,0.25018359597160755,25.02,Moderate
5106,80000,45,0,0,0.37090625,0.04931614570168787,0,0.2502260321687296,25.02,Moderate
4898,80000,37,0,0,0.645675,0.03580877892644648,0,0.25000435175572844,25.0,Moderate
11005,90000,28,0,0,0.6206944444444444,0.03475199522637428,0,0.24998660033813783,25.0,Low
10421,50000,23,0,0,0.32792666666666664,0.3567057675496554,0,0.24979078449554581,24.98,Low
28908,500000,39,0,0,0.005606333333333333,0.35549081396040194,0,0.2498307422909276,24.98,Low
22938,270000,43,0,0,0.06074135802469136,0.09661487180008334,0,0.24983838000648903,24.98,Low
10476,260000,46,0,0,0.0007621794871794872,8.821698906644238,0,0.249680117886705,24.97,Low
22650,320000,35,0,0,0.018621354166666666,0.5700220960478841,0,0.24971567903614045,24.97,Low
3611,210000,28,0,0,0.8045595238095238,0.03922189505250334,0,0.24966956646795932,24.97,Low
10215,70000,29,0,0,0.9885952380952382,0.04272536788612991,0,0.2495589190431848,24.96,Low
26733,310000,27,0,0,0.665321505376344,0.22914138043051382,0,0.24949279343280603,24.95,Low
21264,50000,55,0,0,0.40929333333333334,0.04756165097566537,0,0.2493861634630756,24.94,Low
4420,450000,28,0,0,0.007824074074074074,1.016094674556213,0,0.2492556148900448,24.93,Low
11076,50000,45,0,0,0.20549,0.30809285123363667,0,0.24925613266981947,24.93,Low
24422,240000,34,0,0,0.9228784722222223,0.0408241123598042,0,0.2493195404721048,24.93,Low
13139,140000,32,0,0,0.5008369047619048,0.034245061242729434,0,0.24931707838817108,24.93,Low
1072,150000,44,0,0,0.04089777777777778,2.9327320147793956,1,0.24912818404853737,24.91,Low
18409,70000,23,0,0,0.49180952380952375,0.038332687838884584,0,0.24887808738384934,24.89,Low
19704,30000,37,0,0,0.6612055555555556,0.28934521959047865,0,0.24885976617940572,24.89,Low
16051,150000,45,0,0,0.04784777777777778,1.709959826301001,0,0.24865018655664117,24.87,Low
22748,220000,34,0,0,0.011104545454545454,1.2623140946923181,0,0.24862470645109344,24.86,Low
23777,80000,52,0,0,0.4581583333333333,0.04126575601593336,0,0.24854155668459427,24.85,Low
26945,370000,30,0,0,0.7667671171171171,0.041710163709455225,0,0.24853846665481272,24.85,Low
27181,200000,48,0,0,0.0279575,1.1627172195892574,0,0.2484072093710918,24.84,Low
19867,160000,39,0,0,0.20087291666666668,0.4659351372654767,0,0.2484414765248233,24.84,Low
12961,20000,40,0,0,0.7750083333333333,0.2517069708927861,0,0.24844117791609827,24.84,Low
1754,60000,29,0,0,0.6309805555555555,0.22977904760227688,0,0.2481500591727781,24.82,Low
18,320000,49,0,0,0.5031322916666667,0.37462914616144277,0,0.2481333264941333,24.81,Low
26980,390000,47,0,0,0.02062863247863248,0.8837190031281722,0,0.24801534935514785,24.8,Low
3954,110000,37,0,0,0.81695,0.13446169881692252,0,0.24735082594325458,24.74,Low
6431,50000,35,0,0,0.19305666666666668,0.532658804841411,0,0.24738870289919526,24.74,Low
19924,50000,31,0,0,0.3253533333333333,0.09845706206585661,0,0.24742900756049527,24.74,Low
17943,150000,30,0,0,0.6031222222222222,0.2724876107661981,0,0.24737716324282705,24.74,Low
15283,240000,28,0,0,0.8018131944444444,0.03386421920456327,0,0.24731630873718632,24.73,Low
21161,260000,44,0,0,0.010212820512820513,0.44112478031634444,0,0.2473302729098035,24.73,Low
14815,230000,29,0,0,0.014494927536231885,0.8017297405389192,0,0.24725981124908641,24.73,Low
17695,380000,38,0,0,0.00842280701754386,0.05207248489897938,0,0.24734568937740656,24.73,Low
21427,130000,24,0,0,0.9735743589743591,0.038978756577665176,0,0.2473457328651116,24.73,Low
11621,140000,29,0,0,0.9674345238095239,0.04013191491979893,0,0.24722816787990373,24.72,Low
13601,30000,39,0,0,0.5585166666666667,0.3273551968010504,0,0.24718809006225817,24.72,Low
10876,400000,40,0,0,0.0031570833333333334,0.8148343671637851,1,0.24702637725766763,24.7,Low
22980,150000,40,0,0,0.03350777777777778,0.46881321086314953,0,0.2469644948502599,24.7,Low
11645,80000,40,0,0,0.4126895833333333,0.03247497362323377,0,0.2470282105239031,24.7,Low
18923,390000,28,0,0,0.1741017094017094,0.024546021335401746,0,0.24704087097150856,24.7,Low
25872,80000,36,1,1,0.134,1.0896610696517413,0,0.24697323824640616,24.7,Low
12764,490000,30,0,0,0.5043925170068028,0.04049054766493539,0,0.2468854790049978,24.69,Low
27597,210000,29,0,0,0.029808730158730156,0.934529673313986,0,0.2468737285315694,24.69,Low
10743,180000,40,0,0,0.021141666666666666,0.9523058730784391,0,0.24689532574117573,24.69,Low
338,140000,31,0,0,0.0004642857142857143,0.0,0,0.24694527246530196,24.69,Low
12026,180000,35,0,0,0.4072018518518518,0.038783204253054954,0,0.24672630987119035,24.67,Low
6452,60000,23,0,0,0.10420277777777778,0.5023325247247621,0,0.24663435754217075,24.66,Low
27564,130000,56,0,0,0.8387384615384615,0.045856414395245605,0,0.24643761108378787,24.64,Low
9679,80000,23,0,0,0.7744958333333333,0.05318782648927528,0,0.2462581589991322,24.63,Low
28635,190000,36,0,0,0.02229561403508772,0.5160719203682574,0,0.24607299442796635,24.61,Low
23693,90000,56,0,0,0.06305555555555556,1.0580029368575623,0,0.24596259964982597,24.6,Low
10902,210000,32,0,0,0.020441269841269843,0.8330486100326138,0,0.24587678903276491,24.59,Low
9315,170000,29,0,0,0.041823529411764704,0.3662447257383966,1,0.24568788484913412,24.57,Low
12760,300000,29,0,0,0.008285,2.3342721115805003,0,0.24562520593332277,24.56,Low
14264,50000,28,0,0,0.23608666666666667,0.7316663372207947,0,0.24563255219257202,24.56,Low
5946,270000,39,1,1,0.06071172839506173,1.0148444887293728,0,0.24555200248588643,24.56,Low
29207,50000,23,0,0,0.29867333333333335,0.1065824423561974,0,0.2453537470152102,24.54,Low
22821,290000,46,0,0,0.33582183908045976,0.38263138979686134,0,0.24540274453795674,24.54,Low
29104,60000,51,0,0,0.38801111111111114,0.10069156095186278,0,0.24533707702784013,24.53,Low
17057,30000,22,0,0,0.5628666666666666,0.10423822495953255,0,0.2452358910110225,24.52,Low
7512,350000,48,0,0,0.007766666666666667,0.6522378908645003,0,0.2451149134106248,24.51,Low
28279,280000,45,0,0,0.9307720238095237,0.07070039783922333,0,0.24503389282026186,24.5,Low
29468,270000,31,0,0,0.02858024691358025,0.14719222462203024,0,0.24477717976104713,24.48,Low
15729,50000,21,0,0,0.4626766666666666,0.10204390395020281,0,0.24473334027980584,24.47,Low
6732,80000,60,0,0,0.31490625,0.09100592107439383,0,0.24455920341036602,24.46,Low
21244,190000,48,0,0,0.7625236842105263,0.24847315642769796,0,0.24456977599645388,24.46,Low
4767,360000,44,0,0,0.013075925925925925,0.41077751026766746,0,0.24464364856361512,24.46,Low
5315,200000,27,1,1,0.07140333333333333,1.036903039073806,0,0.24454742309195898,24.45,Low
6202,260000,38,0,0,0.015750641025641027,0.8336250050872981,1,0.24427827450038134,24.43,Low
8207,50000,45,0,0,0.23972666666666667,0.09663783753719514,0,0.24428111313253723,24.43,Low
27371,180000,31,0,0,0.037352777777777776,0.999157184997893,0,0.24417199989745897,24.42,Low
13190,90000,55,0,0,0.5291814814814815,0.03409528342163649,0,0.24410552539962163,24.41,Low
22515,100000,32,0,0,0.932345,0.03839601578099666,0,0.24405401390090675,24.41,Low
9961,140000,27,0,0,1.0023297619047618,0.03895685884195986,0,0.24388959187010106,24.39,Low
4786,80000,36,0,0,0.5104583333333333,0.36003591543547464,0,0.24375735781955213,24.38,Low
9891,50000,42,0,0,0.30229,0.28714148665189054,0,0.24365563197593962,24.37,Low
10796,240000,42,0,0,0.6539951388888889,0.18506763450713723,0,0.24363775415496236,24.36,Low
5415,280000,44,0,0,0.7004267857142857,0.02988823990815124,0,0.24349794066073477,24.35,Low
16683,350000,36,0,0,0.6520204761904762,0.03609804833765811,0,0.24341552425093782,24.34,Low
25674,270000,43,0,0,0.005704320987654321,0.5274320960934964,0,0.24336922715283868,24.34,Low
10519,150000,43,0,0,0.5941522222222222,0.20951794994548723,0,0.24334485743515336,24.33,Low
26728,160000,24,0,0,0.535359375,0.037114866376752376,0,0.24320741956082895,24.32,Low
21964,90000,27,0,0,0.8181981481481481,0.24955016329920987,0,0.24318109786270162,24.32,Low
8142,30000,28,0,0,0.06277777777777778,1.4819469026548673,0,0.2430919402277287,24.31,Low
14941,50000,55,0,0,0.52881,0.046967089628915236,0,0.2430631285710251,24.31,Low
1650,50000,40,0,0,0.3712533333333334,0.06374802470909352,0,0.24296620232027796,24.3,Low
6223,50000,32,0,0,0.47185666666666665,0.14115162090182753,0,0.2429678110772953,24.3,Low
19903,400000,44,0,0,0.004998333333333333,1.004168056018673,0,0.2429822520224149,24.3,Low
11728,130000,26,0,0,0.8772269230769231,0.04816021349327791,1,0.24298804611196098,24.3,Low
24612,80000,32,0,0,0.07119791666666667,1.0334162399414777,0,0.24280247219352352,24.28,Low
10344,410000,53,0,0,0.00928739837398374,0.816212194161159,0,0.24267120557430483,24.27,Low
10517,350000,33,0,0,0.66721,0.08654803478022555,0,0.2426850085282607,24.27,Low
27573,500000,54,0,0,0.9757726666666666,0.03754802177283097,0,0.24270637861760605,24.27,Low
24376,310000,38,0,0,0.02273440860215054,0.45270302227687653,0,0.24270398950430827,24.27,Low
4831,140000,36,0,0,0.6155988095238095,0.03587486438871946,0,0.2426347383509461,24.26,Low
8044,170000,36,0,0,0.0616656862745098,1.027106949236077,1,0.24264185737299576,24.26,Low
13064,90000,31,0,0,0.7556592592592593,0.03860989668084773,1,0.24247997927875933,24.25,Low
12272,280000,32,0,0,0.032913095238095234,1.4312402792346366,0,0.2423691967588635,24.24,Low
23736,230000,51,0,0,0.8755717391304347,0.05545031031483362,0,0.2423694371854071,24.24,Low
7939,240000,35,0,0,0.6283722222222222,0.03371033623029521,0,0.24224742975522215,24.22,Low
15331,270000,39,0,0,0.7332654320987654,0.0402705637727399,0,0.24215573342519364,24.22,Low
19728,140000,30,0,0,0.7012726190476191,0.041421293600579896,1,0.24193196963518573,24.19,Low
3498,240000,37,0,0,0.05098888888888889,0.9710585094791894,0,0.24193582318811702,24.19,Low
26152,200000,42,0,0,0.4031275,0.029787928963748028,0,0.2417586787473046,24.18,Low
462,80000,36,0,0,0.05861875,1.0188364075772116,0,0.24154608432370991,24.15,Low
15883,50000,23,0,0,0.2611133333333333,0.07787167768784946,0,0.2414596960116207,24.15,Low
13186,150000,32,1,1,0.21293555555555554,1.4404149403575417,1,0.24142335401461257,24.14,Low
8171,130000,27,0,0,0.9811192307692308,0.037894973427783286,0,0.24131770321728235,24.13,Low
23325,270000,42,0,0,0.016457407407407407,0.3409849593038521,0,0.24101416393000163,24.1,Low
14309,500000,40,0,0,0.27897833333333333,0.38618650193862125,0,0.2410479685861418,24.1,Low
28172,110000,48,0,0,0.9820636363636364,0.03891311122836575,0,0.24088204756782441,24.09,Low
28867,310000,35,0,0,0.024051612903225807,0.9624239985693849,0,0.2407862925898993,24.08,Low
10755,220000,31,0,0,0.01299469696969697,1.0,0,0.24069027622934533,24.07,Low
27276,200000,44,0,0,0.044534166666666666,1.0295091783462136,0,0.24062867484008943,24.06,Low
29435,180000,28,0,0,0.032782407407407406,0.6465188532693122,0,0.24030138790864475,24.03,Low
16843,80000,48,0,0,0.8284458333333334,0.042549553129102184,0,0.2402866740543892,24.03,Low
20096,140000,42,0,0,1.085172619047619,0.03718960665682989,0,0.24031388998737332,24.03,Low
10306,120000,41,0,0,0.04994166666666667,0.782190333166472,0,0.2402099723181918,24.02,Low
7548,330000,37,0,0,0.00787979797979798,1.44302012562492,0,0.2398578050359722,23.99,Low
21228,410000,41,0,0,0.8871032520325203,0.08858282690441255,0,0.23976475462361604,23.98,Low
12442,460000,34,0,0,0.7714731884057972,0.05040657202998592,0,0.2397559045279345,23.98,Low
20761,240000,35,0,0,0.045297222222222225,0.6937971423315141,0,0.2397268205371278,23.97,Low
5160,400000,28,0,0,0.032685,0.31997348426903266,0,0.23965322985053117,23.97,Low
26404,250000,38,0,0,0.027061333333333333,0.6362337406385494,0,0.23955817055269604,23.96,Low
9421,260000,30,0,0,0.00808076923076923,0.9216246231953038,0,0.2395829161017645,23.96,Low
20763,230000,34,0,0,0.03989855072463768,0.6280966218670542,0,0.23964916432652392,23.96,Low
21807,140000,26,0,0,0.025819047619047616,0.0,0,0.23947388353885993,23.95,Low
7270,260000,42,0,0,0.04238076923076923,0.8748827782315395,0,0.23947843135980254,23.95,Low
4202,500000,32,1,2,0.3096663333333333,0.0900496125399489,0,0.2393942643812052,23.94,Low
10531,180000,36,0,0,0.0010972222222222223,0.3358649789029536,0,0.23928189334154165,23.93,Low
3952,70000,28,0,0,0.17996428571428572,0.15214658993186478,0,0.2392757939127287,23.93,Low
8355,170000,42,0,0,0.7531549019607843,0.039190698473610355,0,0.23928745706763863,23.93,Low
17519,220000,33,0,0,0.8852954545454546,0.054030926158875225,0,0.23905115053681508,23.91,Low
12917,330000,31,0,0,0.025605050505050502,0.9632529882835614,0,0.23898329402507468,23.9,Low
21367,180000,56,0,0,0.5169611111111111,0.03448572319001,0,0.2388578773364272,23.89,Low
15097,50000,38,0,0,0.22250666666666669,0.11371943911792905,0,0.238945331955959,23.89,Low
18652,100000,29,0,0,1.1205766666666668,0.04791283059615139,0,0.23876888579616862,23.88,Low
974,150000,30,0,0,0.011233333333333333,1.436102868447082,0,0.23870672897060813,23.87,Low
21494,250000,29,0,0,0.099552,0.39869281045751637,1,0.2387286123113004,23.87,Low
8466,80000,29,0,0,0.6005666666666667,0.040465255036909585,0,0.2384741515843211,23.85,Low
165,60000,46,0,0,0.4175111111111111,0.06653182882691079,0,0.2384037564478297,23.84,Low
932,320000,60,0,0,0.059783854166666664,1.3687067125495491,1,0.23829407521021817,23.83,Low
970,180000,32,0,0,0.15984907407407406,0.35758267347092454,0,0.238288973257658,23.83,Low
9722,70000,26,0,0,0.9927571428571429,0.20982209239299882,1,0.2382838366509137,23.83,Low
2523,60000,29,0,0,0.47654166666666664,0.08415959896243187,0,0.2379563575962146,23.8,Low
25989,210000,36,0,0,0.025084920634920634,0.48669598506659917,0,0.23794579651333606,23.79,Low
2732,250000,31,0,0,0.008222,1.1450579745398524,1,0.2377586438239434,23.78,Low
25847,80000,27,0,0,0.85759375,0.043000643758578386,0,0.23771871981684622,23.77,Low
13156,70000,50,0,0,0.49588571428571426,0.0359241760774372,0,0.23770464592593243,23.77,Low
7666,80000,33,0,0,0.5220833333333333,0.268268156424581,0,0.23757446290284334,23.76,Low
20041,30000,36,0,0,0.6694388888888889,0.30494028996091255,0,0.23755328004985857,23.76,Low
27172,100000,32,0,0,0.86387,0.037428471104834445,0,0.23746256872586793,23.75,Low
13337,180000,31,0,0,0.0005120370370370371,7.043399638336347,0,0.23754971819467338,23.75,Low
23008,240000,38,0,0,0.013816666666666666,0.8492159227985525,0,0.23732148908489983,23.73,Low
25786,200000,35,0,0,0.019213333333333332,1.4192401110340043,0,0.2367116309138504,23.67,Low
27349,290000,37,0,0,0.010694827586206896,1.2187113762158095,0,0.2367068242962572,23.67,Low
28235,220000,43,0,0,0.8611916666666666,0.051157970852580066,0,0.23642103088795344,23.64,Low
20607,150000,30,0,0,0.011948888888888889,0.9721034033847871,0,0.23635736683763062,23.64,Low
13943,360000,33,0,0,0.005295833333333333,0.5093976746219075,0,0.23632342166253537,23.63,Low
22003,250000,29,0,0,0.031932666666666665,0.5862752875842919,0,0.23628137439003638,23.63,Low
10761,90000,24,0,0,0.000962962962962963,0.0,0,0.23621202199816504,23.62,Low
21029,20000,39,0,0,0.8047,0.15391864462946853,0,0.23621800581937832,23.62,Low
14006,500000,35,1,2,0.22032166666666667,0.03209095791759019,0,0.23607167761551986,23.61,Low
27290,230000,35,0,0,0.010642028985507247,1.190113032820373,0,0.23607454350669693,23.61,Low
24998,210000,48,0,0,0.4001079365079365,0.06337575574844884,0,0.23614499531710711,23.61,Low
29140,110000,51,0,0,0.9244984848484848,0.04364528515870193,0,0.23600652135991776,23.6,Low
19506,210000,29,0,0,0.43256269841269845,0.302404092259311,0,0.23596611646973073,23.6,Low
11046,100000,40,0,0,0.7582933333333333,0.0415230693487129,0,0.2359923517888708,23.6,Low
21059,30000,32,0,0,0.13146666666666668,0.7862998647734956,0,0.23586435832029867,23.59,Low
16495,60000,54,0,0,0.24003333333333332,0.9752349210757765,0,0.23594938106153046,23.59,Low
25940,150000,36,0,0,0.3365911111111111,0.050866200995602975,0,0.23582464747073545,23.58,Low
654,450000,42,1,1,0.015407407407407406,1.0144230769230769,1,0.23565219021641132,23.57,Low
22882,280000,37,0,0,0.9942952380952381,0.036407697244279266,1,0.23569536157757653,23.57,Low
20145,140000,41,0,0,0.7099857142857143,0.1006056459888529,0,0.2357103872641452,23.57,Low
2539,250000,42,0,0,0.016865333333333333,0.0,0,0.23566559961620082,23.57,Low
14514,460000,43,0,0,0.5933521739130435,0.4490905271693864,0,0.23560684449863095,23.56,Low
25095,400000,63,0,0,0.43313041666666663,0.459578668087845,0,0.23559292274053892,23.56,Low
25508,380000,30,0,0,0.4612078947368421,0.19106389210634928,0,0.235261809157264,23.53,Low
19339,200000,48,0,0,0.16545,0.0,0,0.2353316386604698,23.53,Low
19251,400000,30,0,0,0.006927083333333334,1.4230977443609023,1,0.23510195581264,23.51,Low
27143,160000,29,0,0,0.011708333333333333,0.6814056939501779,0,0.23505642168921695,23.51,Low
26583,110000,22,0,0,0.48093939393939394,0.03706760758616344,1,0.23498167252264485,23.5,Low
23630,150000,42,0,0,0.21369222222222223,0.02698065234007373,0,0.2349697208238653,23.5,Low
28004,510000,30,0,0,0.4934555555555556,1.2558600346760938,0,0.23492492519361974,23.49,Low
27363,130000,27,0,0,0.043987179487179486,0.040804430195278345,0,0.23493430990451017,23.49,Low
14433,140000,41,0,0,0.7476261904761905,0.1084941863612768,0,0.23477370038475054,23.48,Low
6960,260000,32,0,0,0.02037948717948718,0.17488676396577754,0,0.2348018376565716,23.48,Low
5625,210000,33,0,0,0.7160555555555556,0.04246256497788812,0,0.2347545971763925,23.48,Low
10371,360000,37,0,0,0.006974537037037038,0.5496846996349154,0,0.23475131448680917,23.48,Low
14370,210000,42,0,0,0.40455317460317464,0.030494156790658714,0,0.23475513592815334,23.48,Low
21701,240000,25,0,0,0.42385833333333334,0.8549797167554674,0,0.2347143208193211,23.47,Low
17760,180000,52,0,0,0.8711083333333334,0.03604284452437667,0,0.23470386809762459,23.47,Low
3207,300000,37,0,0,0.010558333333333333,0.9506971849513286,0,0.2347369188385964,23.47,Low
23974,50000,25,0,0,0.41472,0.06305459104938271,0,0.23463091247517012,23.46,Low
23146,210000,37,0,0,0.007346825396825397,0.8087933455763207,0,0.23458399704827015,23.46,Low
2151,100000,30,0,0,0.2971583333333333,0.2149695728988474,0,0.2346190871212507,23.46,Low
6309,70000,28,0,0,0.34955714285714284,0.07098096911738662,0,0.23445089370256236,23.45,Low
5769,320000,32,0,0,0.008661458333333334,1.1207456404088996,0,0.23441035938551172,23.44,Low
24415,360000,40,0,0,0.009983796296296296,0.41279851611407375,0,0.23434326769229788,23.43,Low
20768,400000,42,0,0,0.012692916666666667,0.6197354167350556,1,0.23408423744041135,23.41,Low
13003,80000,26,0,0,0.31666875,0.05453253597015809,0,0.23414703900054923,23.41,Low
23285,290000,49,0,0,0.07278850574712645,0.6183637052711367,0,0.23401339174786456,23.4,Low
3759,80000,27,0,0,0.12086875,0.21293758725890688,1,0.23401499977732337,23.4,Low
9527,320000,28,0,0,0.0146125,0.5869332763045337,0,0.23403505249962062,23.4,Low
27303,500000,31,0,0,0.706176,0.0519393654461966,0,0.23393881971860633,23.39,Low
24163,60000,29,0,0,0.26277222222222224,0.11099600414385082,0,0.23374643067980772,23.37,Low
15614,120000,30,0,0,1.0100972222222222,0.038775145406795275,0,0.23367279842140765,23.37,Low
11524,50000,26,0,0,0.46476,0.057377284333132515,0,0.23371453577978257,23.37,Low
13554,360000,27,0,0,0.16115555555555555,0.6914385686707115,0,0.2335671491111664,23.36,Low
12783,130000,29,0,0,0.8928320512820513,0.039449518889043654,0,0.2336390921721014,23.36,Low
9372,200000,50,0,0,0.05865,0.8380647911338448,0,0.23316592352716672,23.32,Low
12211,80000,39,0,0,0.4218104166666667,0.034345998646706406,0,0.2332174543556825,23.32,Low
2371,210000,28,0,0,0.8583365079365078,0.040961475870639405,0,0.23317087059715558,23.32,Low
8990,210000,34,0,0,0.421534126984127,0.1094245697405358,0,0.23324366400311058,23.32,Low
27650,50000,25,0,0,0.15532666666666667,0.3907893042619855,0,0.2330332922699875,23.3,Low
27270,380000,37,0,0,0.6440609649122807,0.03612630655673737,0,0.23290253130805377,23.29,Low
16072,50000,35,0,0,0.5715266666666666,0.10206581203560056,0,0.23278260720396324,23.28,Low
4832,280000,42,0,0,0.4465363095238095,0.02864775300894051,1,0.23282533348618847,23.28,Low
13906,150000,32,0,0,0.06437333333333334,0.5118924330295499,0,0.2326895830373474,23.27,Low
18881,400000,30,0,0,0.025757083333333333,0.47915621916301343,0,0.23269298996558083,23.27,Low
24178,140000,30,0,0,0.9878821428571428,0.04102451010519136,0,0.23259042138751354,23.26,Low
18883,200000,30,0,0,0.014055,1.0373532550693703,0,0.2325668952968905,23.26,Low
15305,90000,38,0,0,0.9020037037037036,0.04593887682156187,0,0.2325604912372054,23.26,Low
25265,150000,23,0,0,1.0775555555555556,0.04433903897710868,0,0.2325355484643571,23.25,Low
24687,730000,37,0,0,0.278874200913242,0.49854724106792725,0,0.2323668339788383,23.24,Low
11336,220000,31,0,0,0.0038151515151515153,1.2359015091342336,0,0.23230006671017095,23.23,Low
2134,90000,27,0,0,0.6703907407407407,0.042263909107734296,0,0.23225268494784815,23.23,Low
1025,310000,33,0,0,0.011051075268817205,0.8751641936268548,0,0.2321610661233037,23.22,Low
17770,330000,53,0,0,0.6442707070707071,0.035807459064199125,0,0.23216019647420302,23.22,Low
3132,150000,24,0,0,0.17309555555555556,0.654314251601556,0,0.23219022577720164,23.22,Low
15807,100000,27,0,0,0.72949,0.03503132325323171,0,0.23224542225193218,23.22,Low
25806,100000,28,0,0,0.00111,1.8873873873873874,0,0.23208599574504352,23.21,Low
18679,110000,29,0,0,0.01107121212121212,0.2737101409607226,0,0.23191750188529306,23.19,Low
1092,250000,31,0,0,0.7248073333333334,0.033668717479863615,0,0.23193882923640408,23.19,Low
26551,50000,51,0,0,0.31876,0.4873049734387418,1,0.23179721052661514,23.18,Low
20179,300000,30,0,0,0.0025044444444444446,1.1692546583850931,0,0.2317103529350986,23.17,Low
20010,230000,37,0,0,0.02331376811594203,0.9945917384141982,0,0.23167383201117658,23.17,Low
4956,180000,46,0,0,0.4785870370370371,0.05845525215042738,1,0.23156201949339889,23.16,Low
13518,160000,24,0,0,0.5302291666666668,0.03590232210915092,0,0.2314548469657849,23.15,Low
27797,260000,26,0,0,0.858547435897436,0.046396940568969355,0,0.23134693242712145,23.13,Low
7434,170000,25,0,0,0.021689215686274507,0.5132667359761335,1,0.23133311387169125,23.13,Low
25047,370000,52,0,0,0.24598108108108108,0.03318024165046019,0,0.2313243962036968,23.13,Low
18349,50000,23,0,0,0.2744433333333333,0.1670654537062903,0,0.23121110815794557,23.12,Low
10583,80000,54,0,0,0.08892708333333334,0.47543633594939677,0,0.23115667233797732,23.12,Low
4398,160000,32,0,0,0.029415625,0.8368214171889939,0,0.23116035323829232,23.12,Low
12378,120000,32,0,0,0.15764305555555558,0.1268953243526603,0,0.2311450591953418,23.11,Low
25094,280000,39,0,0,0.018503571428571428,1.0259280705140579,0,0.23107097812509442,23.11,Low
5634,410000,45,0,0,0.6858341463414634,0.04002247574610942,0,0.23099790052374544,23.1,Low
25784,150000,37,0,0,0.07393555555555556,0.7076432929578311,0,0.23100280813293955,23.1,Low
9106,180000,34,0,0,0.836425,0.039734806091622304,1,0.23085793899117807,23.09,Low
11509,330000,33,1,1,0.09255656565656566,0.5898822450917266,0,0.23092874349402484,23.09,Low
13193,120000,39,0,0,0.16215416666666665,0.02886484912334798,0,0.23082844822375648,23.08,Low
4997,180000,34,0,0,0.032629629629629626,0.6261634506242906,0,0.23076984056094146,23.08,Low
29533,170000,34,0,0,0.03587941176470588,1.1351750143454382,0,0.2308394386745572,23.08,Low
25589,80000,37,0,0,0.68998125,0.05434930297018941,0,0.23080198590936318,23.08,Low
27935,180000,28,0,0,0.05436111111111111,1.0161130982796798,0,0.2305693717415651,23.06,Low
27729,90000,23,0,0,0.12156666666666667,0.11770709563415897,0,0.23045194070272643,23.05,Low
26456,340000,50,1,1,0.025501470588235296,1.040962651135075,0,0.23040430501842324,23.04,Low
26180,230000,35,0,0,0.01660072463768116,0.0,0,0.23033641888882642,23.03,Low
12564,300000,31,0,0,0.009862222222222222,0.282785038305543,0,0.23017259316365554,23.02,Low
9246,130000,33,0,0,0.03405769230769231,0.6489742141916055,0,0.2300861911965131,23.01,Low
7132,200000,34,0,0,0.5494666666666667,0.1198480344576559,0,0.2300577190780643,23.01,Low
13639,240000,29,0,0,0.875836111111111,0.051538054113371035,0,0.2299983138135428,23.0,Low
7401,80000,29,0,0,0.13941666666666666,0.10986252241482367,0,0.22990677953427247,22.99,Low
4158,230000,45,0,0,0.8901007246376811,0.0774151109750647,0,0.22966579186686056,22.97,Low
656,280000,39,0,0,0.014317857142857143,1.0660596990105595,1,0.22955578088322204,22.96,Low
11612,240000,35,0,0,0.9528284722222222,0.04664474849370259,0,0.22946745560056792,22.95,Low
10088,150000,31,0,0,0.2901533333333333,0.031029570571881535,0,0.22939703853511073,22.94,Low
22827,150000,32,0,0,0.16993666666666668,0.02304780212235931,0,0.22935139144922098,22.94,Low
21632,400000,26,0,0,0.016062916666666666,0.613187725350834,0,0.22933506660685224,22.93,Low
2817,100000,49,0,0,0.7359516666666667,0.03726467544290726,0,0.22934278472511588,22.93,Low
19795,180000,39,0,0,0.04098148148148148,0.8209444193402621,0,0.22920240727230137,22.92,Low
12935,230000,41,0,0,0.01898985507246377,0.9854995039303976,0,0.22915179807229089,22.92,Low
2605,60000,24,0,0,0.3708972222222222,0.12724399541652,0,0.22924181806794836,22.92,Low
28231,210000,32,0,0,0.0007777777777777778,1.2428571428571429,0,0.22913603509040717,22.91,Low
21150,280000,39,0,0,0.9552583333333332,0.039483211347715715,0,0.2289343628718754,22.89,Low
13048,350000,50,0,0,0.041539047619047614,0.601052366104182,0,0.22884845480917274,22.88,Low
28268,230000,43,0,0,0.037525362318840585,0.2520227865211934,0,0.22876493013059354,22.88,Low
35,500000,58,0,0,0.019439333333333333,0.7789190301450667,0,0.2285668705641927,22.86,Low
5423,80000,25,0,0,0.4450520833333333,0.05991808074897601,1,0.22862559005693853,22.86,Low
16074,360000,47,0,0,0.061936574074074074,0.5964135951503554,0,0.22849839626461763,22.85,Low
22140,100000,24,0,0,0.14245,0.17915057915057914,0,0.22852521137658854,22.85,Low
307,500000,36,0,0,0.015843,0.7795661596078184,0,0.22840413316064484,22.84,Low
24824,130000,31,0,0,0.09264358974358974,0.033212476820458886,0,0.2282755397362079,22.83,Low
11537,200000,38,1,2,0.3068283333333333,0.5261248146357627,0,0.22798888320825592,22.8,Low
22780,350000,41,0,0,0.021368571428571428,1.1030440789766902,0,0.2278778272592552,22.79,Low
24392,160000,33,0,0,0.06454375,0.037829637519770185,0,0.22790828992415826,22.79,Low
15184,80000,25,0,0,0.1333916666666667,0.27035047166864495,0,0.22791383933012624,22.79,Low
2841,210000,32,0,0,0.08530476190476191,0.9234583752000298,0,0.2278862484113937,22.79,Low
396,140000,27,0,0,1.0218392857142857,0.05079542608158724,0,0.22778845750994015,22.78,Low
27344,120000,31,0,0,0.04472916666666667,0.5157584226051856,0,0.22765141480494275,22.77,Low
11010,180000,26,0,0,0.06266203703703703,1.0727299593646102,0,0.22774242493127395,22.77,Low
15102,360000,35,0,0,0.007095370370370371,1.0371264517812866,0,0.22741591370068145,22.74,Low
7975,70000,25,0,0,0.35806190476190475,0.04398680728259279,0,0.2273598950663986,22.74,Low
1528,120000,27,0,0,0.1661388888888889,0.057682661762247116,0,0.227341402937993,22.73,Low
2885,300000,36,0,0,0.045679444444444446,0.5164370066769639,0,0.22734979360991356,22.73,Low
2509,60000,25,0,0,0.2843111111111111,0.10258715022666876,0,0.2273414254064796,22.73,Low
9016,70000,56,0,0,0.5826238095238095,0.06635826433784767,0,0.227295608577195,22.73,Low
19884,230000,42,0,0,0.021351449275362318,0.9396232818598337,0,0.22716229576336383,22.72,Low
210,330000,50,0,0,0.009829292929292929,0.5584215394101326,0,0.22703290110851185,22.7,Low
18487,150000,26,0,0,0.4262477777777778,0.050831154544956896,0,0.22699903644360195,22.7,Low
11533,100000,27,0,0,0.07977666666666668,0.3941419796933105,0,0.22702540887157852,22.7,Low
23495,110000,32,0,0,0.13857272727272726,0.020774563187474032,0,0.22694458794668,22.69,Low
29332,100000,26,0,0,0.07150333333333334,1.0354528926390378,0,0.22677423557214785,22.68,Low
19241,380000,44,0,0,0.012498684210526316,0.7490963961118714,0,0.22677389729829775,22.68,Low
6134,240000,27,0,0,0.024400694444444447,0.9337450550701539,0,0.22666866852206033,22.67,Low
18548,210000,26,0,0,0.01706111111111111,0.8025305856631157,0,0.22655884870325177,22.66,Low
26397,340000,45,0,0,0.05876862745098039,0.9606799679701055,0,0.22641863321358605,22.64,Low
26060,200000,39,0,0,0.05164666666666667,0.6547211823931844,0,0.2262923994247292,22.63,Low
1527,90000,25,0,0,0.8702259259259258,0.04000663939973017,1,0.2262883765721826,22.63,Low
25425,200000,31,0,0,0.010168333333333333,0.11965251598098672,0,0.22623262577793432,22.62,Low
10429,400000,30,0,0,0.5647741666666667,0.22291505896899794,0,0.22613909446443795,22.61,Low
18309,150000,53,0,0,0.026005555555555556,0.9441999572740868,0,0.22568886401861357,22.57,Low
24660,310000,41,0,0,0.6681532258064516,0.036418791967910265,0,0.22570214510140998,22.57,Low
5959,350000,55,0,0,0.014396666666666665,0.8030959547514306,0,0.22565390853391568,22.57,Low
5287,520000,33,0,0,0.6175410256410256,0.07722937539704619,1,0.2256813825815669,22.57,Low
13486,160000,25,0,0,0.03270833333333333,0.0,0,0.22565384182186093,22.57,Low
20709,340000,43,0,0,0.005308333333333333,1.1910610398005357,0,0.22546563787524065,22.55,Low
26393,380000,43,0,0,0.02310745614035088,0.6815602163803739,0,0.22552185215973736,22.55,Low
14525,380000,31,0,0,0.30465877192982455,0.4713426871017618,0,0.22552021255037108,22.55,Low
2354,180000,32,0,0,0.08426388888888889,0.22426240316466128,0,0.22543688532183054,22.54,Low
10376,70000,24,0,0,0.9703404761904761,0.0440910529686438,0,0.22529115240926728,22.53,Low
2271,70000,23,0,0,0.15571904761904762,0.37902510626586344,0,0.22534776820896174,22.53,Low
18867,170000,30,0,0,0.8863686274509803,0.035513927724489434,0,0.2253279679551811,22.53,Low
1724,160000,27,0,0,0.04305729166666667,0.9659368573847829,0,0.2251539118469487,22.52,Low
10079,100000,28,0,0,0.99,0.04096464646464647,0,0.22521682008958688,22.52,Low
28368,300000,37,0,0,0.04015888888888889,0.3780123398721744,0,0.22519750408810818,22.52,Low
25795,220000,37,0,0,0.01603939393939394,0.99414320801058,0,0.22520109247627057,22.52,Low
22180,200000,27,0,0,0.0258675,3.9219097322895524,0,0.2251018370652784,22.51,Low
28529,80000,34,0,0,0.9278541666666666,0.04045175921144217,0,0.2249967902312029,22.5,Low
1769,200000,27,0,0,0.030380833333333336,0.9713086650026058,0,0.2249705741475961,22.5,Low
28691,70000,32,0,0,0.38157619047619046,0.13977112478316756,0,0.22493538650671552,22.49,Low
25794,220000,31,0,0,0.6693878787878789,0.05655325082164619,0,0.22469875839245476,22.47,Low
23763,390000,48,1,1,0.009229059829059829,1.0092609742544916,0,0.2247239102497044,22.47,Low
13626,250000,47,0,0,0.026692,0.8175733053599081,0,0.22461690071778018,22.46,Low
25153,50000,27,0,0,0.4504066666666666,0.07439943162475393,0,0.2243994324658216,22.44,Low
28520,80000,24,0,0,0.16045,0.07764620338630934,0,0.22432076459581082,22.43,Low
20612,340000,29,0,0,0.700753431372549,0.1712624437142935,1,0.22423834347226151,22.42,Low
29994,100000,38,0,0,0.50428,0.41241638243303985,0,0.22416843848060072,22.42,Low
12568,150000,30,0,0,0.6183433333333334,0.6078464139843202,0,0.2240629385292996,22.41,Low
23486,90000,32,0,0,0.0237,0.4118612283169245,0,0.22379631935716016,22.38,Low
4095,150000,33,0,0,0.91092,0.03906917060651746,0,0.22366238742502872,22.37,Low
5741,180000,34,0,0,0.04507314814814815,0.391688407732287,0,0.22366020797916675,22.37,Low
23570,500000,37,0,0,0.0005786666666666667,1.0766129032258065,0,0.2235718347492292,22.36,Low
2104,180000,30,0,0,0.4530953703703704,0.05599344427119628,0,0.2235793239621788,22.36,Low
22400,200000,27,0,0,0.020529166666666664,0.0,0,0.2236097064337964,22.36,Low
14327,290000,34,0,0,0.01033735632183908,1.1737365875354422,0,0.22338944894022258,22.34,Low
25789,200000,33,0,0,0.016400833333333333,0.6317260301813932,0,0.22340633058788362,22.34,Low
8643,400000,46,0,0,0.021796666666666666,0.9364390579599328,0,0.22342566839850708,22.34,Low
7011,310000,43,0,0,0.015015591397849462,0.5152708654087149,0,0.2233076820332084,22.33,Low
22215,80000,27,0,0,0.08257291666666666,0.4868676674656238,0,0.22322668191540604,22.32,Low
24400,200000,33,0,0,0.017705,0.8749411653958392,0,0.22316969190642597,22.32,Low
14903,180000,24,0,0,0.4592638888888889,0.04943296942571143,0,0.2231393376803416,22.31,Low
642,130000,28,0,0,0.2571782051282051,0.017447744006699933,0,0.223119470303705,22.31,Low
4944,70000,25,0,0,0.3587309523809524,0.04759502744462955,0,0.22300284345252167,22.3,Low
28163,210000,44,0,0,0.013437301587301588,0.11446459157757959,0,0.22295797156848748,22.3,Low
8739,80000,26,0,0,0.12603541666666668,0.16985966246260145,0,0.22296930716919774,22.3,Low
28851,400000,37,0,0,0.01916291666666667,1.0354634602422212,0,0.22297591132477895,22.3,Low
26787,180000,29,0,0,0.02301574074074074,0.8468439473790079,0,0.22299743198130528,22.3,Low
13026,260000,28,0,0,0.03397435897435898,1.1886792452830188,0,0.22281535022098742,22.28,Low
8570,360000,32,0,0,0.02199398148148148,0.5022838739554171,0,0.22271128851964814,22.27,Low
28909,400000,41,0,0,0.019029166666666666,0.05097438143201226,1,0.22267569381084237,22.27,Low
29347,400000,27,0,0,0.019965416666666666,1.0526326773378967,0,0.22273604007157544,22.27,Low
29582,380000,37,0,0,0.012960087719298245,0.9306575518630072,0,0.22250075710000022,22.25,Low
22940,360000,33,0,0,0.016722685185185188,0.14952520694332935,0,0.22253360925758287,22.25,Low
20923,360000,46,0,0,0.008040277777777778,0.5106811769447803,1,0.22238818240112834,22.24,Low
2367,400000,66,0,0,0.18928333333333333,0.10676234921193978,0,0.2222814595046429,22.23,Low
7938,150000,25,0,0,0.027664444444444446,0.16668005462286128,0,0.22217075669492692,22.22,Low
7442,80000,40,0,0,0.1254125,0.4003455264294495,0,0.22224956608626456,22.22,Low
21963,150000,27,0,0,0.1688111111111111,1.1662476140327782,0,0.22212388766986582,22.21,Low
23584,240000,38,0,0,0.7869736111111111,0.03532519973668466,0,0.22206275254858782,22.21,Low
7299,110000,57,0,0,0.16839242424242426,0.06748306175150037,0,0.2220351299966057,22.2,Low
3184,260000,48,0,0,0.5037461538461538,0.6769409704725111,0,0.222028761712278,22.2,Low
8663,440000,32,0,0,0.652715909090909,0.10859462502248762,0,0.2218864794626174,22.19,Low
20732,50000,45,0,0,0.31116,0.08088014740540772,0,0.22182633437268967,22.18,Low
11879,120000,26,0,0,0.45716388888888887,0.03988661979960991,0,0.2217939687015994,22.18,Low
25520,280000,34,1,2,0.1203279761904762,0.8410989804650979,0,0.22169142492132546,22.17,Low
12697,370000,42,0,0,0.4554635135135135,0.3156817774982223,0,0.2217441118566437,22.17,Low
6245,280000,28,0,0,0.39227738095238096,0.1509727992522298,0,0.22167121901922845,22.17,Low
14593,70000,24,0,0,0.12517380952380952,0.1994179521807772,0,0.2217396054397429,22.17,Low
13535,50000,40,0,0,0.38125666666666663,0.07415826608496463,0,0.221567994846854,22.16,Low
15483,20000,39,0,0,0.6275666666666667,0.3146013703723376,0,0.2216262656184444,22.16,Low
24277,320000,31,0,0,0.009883333333333333,0.7754532040472175,0,0.22163170763144815,22.16,Low
23505,100000,33,0,0,0.062445,1.0155603597832759,0,0.2216221083907552,22.16,Low
26473,50000,50,0,0,0.6551166666666667,0.11957157758160124,1,0.22149867499778964,22.15,Low
2919,120000,23,0,0,0.5553222222222223,0.033028872126293046,1,0.2213577432592172,22.14,Low
29172,510000,61,1,2,0.3741130718954248,0.07775077612759065,0,0.2214109347749776,22.14,Low
21052,200000,41,0,0,0.020235,0.14170990857425253,0,0.22135284114565248,22.14,Low
4710,290000,44,0,0,0.04360632183908046,0.8546029654036243,0,0.2213025228226032,22.13,Low
15042,350000,39,0,0,0.006502380952380953,0.9419260344196265,0,0.221204978972368,22.12,Low
10115,50000,29,0,0,0.33913,0.19387845369032525,0,0.22095502458174773,22.1,Low
20082,120000,43,0,0,0.4300402777777778,0.43570208216930584,0,0.2210097704464667,22.1,Low
19656,150000,33,0,0,0.05297444444444445,0.15126790695723305,0,0.22088812855390605,22.09,Low
4581,120000,43,0,0,0.2609388888888889,0.04524260682577871,0,0.22081568014074213,22.08,Low
20902,130000,30,0,0,0.44429743589743587,0.41956185507514027,0,0.2206390734139269,22.06,Low
29188,180000,29,0,0,0.8937111111111111,0.036883241746856636,0,0.22058927308368026,22.06,Low
5765,80000,22,0,0,0.19387708333333334,0.19421669657536456,0,0.22038517536365457,22.04,Low
12371,360000,30,0,0,0.017090740740740743,0.6967981363094593,0,0.22038759741926348,22.04,Low
25424,200000,30,0,0,0.05078166666666667,0.8805835439298959,0,0.22030559382092033,22.03,Low
8814,160000,37,0,0,0.03275,0.4977735368956743,0,0.22024288377750773,22.02,Low
5805,140000,28,0,0,0.42616190476190474,0.03519509687800299,0,0.2201250453720199,22.01,Low
1404,470000,33,0,0,0.009196099290780142,8.795164462268152,0,0.22011142387489316,22.01,Low
26297,360000,29,0,0,0.0160375,0.7112958632833926,0,0.22014285292892807,22.01,Low
26270,110000,41,0,0,0.7131742424242424,0.06812479418731875,0,0.2198635394262201,21.99,Low
20278,100000,53,0,0,0.8709416666666667,0.04440021815467932,0,0.21981398103409533,21.98,Low
9589,80000,25,0,0,0.36777291666666667,0.2761328038701418,0,0.21967407766292837,21.97,Low
14225,360000,44,0,0,0.03833842592592593,0.8899783845141346,0,0.21955968549905389,21.96,Low
21575,150000,23,0,0,0.05996555555555556,0.10644999907354222,0,0.2196294040449841,21.96,Low
3592,220000,31,0,0,0.017142424242424244,0.9151051794237228,0,0.21951731734298155,21.95,Low
6733,360000,34,0,0,0.09376435185185185,0.03704124306896228,0,0.2189667189630613,21.9,Low
17584,260000,49,0,0,0.03204679487179487,0.5759006260876522,1,0.2189916269665198,21.9,Low
23137,250000,33,0,0,0.8194593333333333,0.03901108779854034,0,0.21883565701768135,21.88,Low
11402,390000,31,0,0,0.057170085470085466,0.37006084707500486,0,0.21883400924707208,21.88,Low
6451,50000,23,0,0,0.60685,0.09920079096976188,0,0.21877493312867136,21.88,Low
4970,140000,37,0,0,0.061714285714285715,0.19290123456790123,0,0.21864539048503895,21.86,Low
15997,140000,37,0,0,0.9148059523809523,0.038761798299665425,1,0.21839340908920454,21.84,Low
21840,200000,24,0,0,0.07164,0.07726130653266332,0,0.2184130839100313,21.84,Low
4554,350000,32,0,0,0.4003809523809524,0.5585597050428164,0,0.21844087762398218,21.84,Low
3863,380000,48,0,0,0.8152486842105263,0.06993883579813931,0,0.21825190868245684,21.83,Low
6315,140000,28,0,0,0.9636440476190475,0.041632641967926806,0,0.2182288674686103,21.82,Low
5089,280000,28,0,0,0.015032142857142857,0.31753385602280826,0,0.2178525963765494,21.79,Low
20579,100000,29,0,0,0.48775,0.07650777379121818,0,0.21784080687649723,21.78,Low
27473,60000,50,0,0,0.21298333333333333,0.6998852283694603,0,0.21777475953910647,21.78,Low
20571,100000,26,0,0,0.170535,0.4941116681815072,0,0.21768346909902775,21.77,Low
17473,80000,29,0,0,0.33860208333333336,0.06541601806446849,0,0.2176843785929368,21.77,Low
630,200000,45,0,0,0.029655833333333336,1.0167757889116813,0,0.21772370279505135,21.77,Low
5778,130000,27,0,0,0.8774153846153846,0.04763407677561135,0,0.21768530517267728,21.77,Low
15243,70000,38,0,0,0.5733261904761905,0.04255036399955149,0,0.21761848018848037,21.76,Low
4965,380000,44,0,0,0.11391315789473684,0.04209500927915232,0,0.21762679034003513,21.76,Low
3895,100000,27,0,0,0.79627,0.037033083418103574,0,0.2175622696828656,21.76,Low
23514,240000,30,0,0,0.9963180555555556,0.039910838378529837,0,0.21748823699543762,21.75,Low
13733,500000,32,0,0,0.3534153333333333,0.3043020204744937,0,0.21744791656038884,21.74,Low
20717,210000,39,0,0,0.46826190476190477,0.04915170929306283,0,0.21731813181014323,21.73,Low
21338,230000,55,0,0,0.8463304347826087,0.051382952490547425,0,0.2172201505672758,21.72,Low
11935,140000,51,0,0,0.010336904761904762,0.4417827939652194,0,0.21695859182590682,21.7,Low
4419,200000,37,0,0,0.01711666666666667,0.8211295034079844,0,0.2169561140420842,21.7,Low
7885,130000,33,0,0,0.928025641025641,0.03957947669438842,0,0.21700312699805124,21.7,Low
22941,100000,28,0,0,0.22701666666666667,0.06653696498054475,0,0.21700531728901765,21.7,Low
28686,100000,31,0,0,1.0132316666666668,0.04378893277121553,1,0.21668433398001335,21.67,Low
1217,360000,54,0,0,0.04052314814814815,0.8191477207814464,0,0.21661065766334725,21.66,Low
23895,270000,36,0,0,1.0038092592592593,0.04046314932439454,0,0.21660759512521788,21.66,Low
84,400000,44,1,2,0.29206333333333334,0.03246013992398909,0,0.21664754377033085,21.66,Low
10325,220000,39,0,0,0.40676515151515147,0.2142737414560557,0,0.21645419645608974,21.65,Low
15313,180000,46,0,0,0.17097222222222222,0.0,0,0.21645213030785687,21.65,Low
1675,440000,37,0,0,0.012907954545454545,0.9931038530387064,0,0.21634094370580953,21.63,Low
17258,110000,33,0,0,0.9971333333333334,0.05198234940161797,1,0.21624503812873225,21.62,Low
11059,360000,26,0,0,0.009290277777777778,0.4500423581003638,0,0.21618168399868803,21.62,Low
26163,310000,38,0,0,0.03975215053763441,0.751092116474391,0,0.2161449824775092,21.61,Low
690,80000,32,0,0,0.5822958333333333,0.034386158238581474,0,0.21612037468062312,21.61,Low
715,400000,31,0,0,0.0021033333333333334,0.9661251980982567,0,0.2160118957251884,21.6,Low
18240,160000,55,0,0,0.5955864583333333,0.2847438536596457,0,0.21580856439408236,21.58,Low
28205,300000,39,0,0,0.0005711111111111111,0.0,1,0.21583213843375504,21.58,Low
27451,200000,33,0,0,0.034735833333333334,0.7129285320154499,0,0.21584653865170514,21.58,Low
9465,80000,39,0,0,0.6062604166666667,0.04178278723733269,0,0.21581135907748258,21.58,Low
26709,50000,25,0,0,0.37592666666666663,0.3062388054407775,0,0.21570554825378982,21.57,Low
1216,230000,32,0,0,0.5279086956521739,0.047117831640846985,0,0.21570472763487444,21.57,Low
6654,80000,40,0,0,0.38170208333333333,0.038064153435543646,1,0.21562270748617754,21.56,Low
2110,60000,22,0,0,0.21105833333333332,0.8419210065674313,0,0.21561032380803022,21.56,Low
21104,80000,45,0,0,0.4620916666666667,0.08409677012136842,0,0.2154541589291253,21.55,Low
25368,90000,24,0,0,0.28564259259259256,0.02134239239661063,0,0.21536315976562023,21.54,Low
22189,50000,29,0,0,0.2703733333333333,0.26933129499950687,0,0.21533103945286253,21.53,Low
4872,80000,42,0,0,0.6015354166666667,0.04227030134690047,0,0.21517024912817131,21.52,Low
23497,180000,32,0,0,0.0136,1.207312091503268,0,0.21520603925804702,21.52,Low
3342,140000,28,0,0,0.13545238095238094,0.9962647213921603,0,0.21507310352799228,21.51,Low
4244,80000,66,0,0,0.32364166666666666,0.07667945515874038,0,0.21507284083900483,21.51,Low
27677,200000,36,0,0,0.5826575,0.09153605105343476,0,0.21513548479462088,21.51,Low
23751,110000,51,0,0,0.8889924242424243,0.07030090245170306,0,0.21502586851681912,21.5,Low
29430,50000,30,0,0,0.35288,0.06797400438298194,0,0.21492254401816183,21.49,Low
23897,150000,22,0,0,0.40057444444444446,0.029382803030092896,0,0.21486567679325455,21.49,Low
29364,390000,29,0,0,0.011252564102564103,0.7563708176673882,0,0.21484074067572137,21.48,Low
23351,150000,41,0,0,0.6230766666666666,0.03677271746476713,1,0.21478854424894478,21.48,Low
2247,140000,32,0,0,0.594220238095238,0.03545663083873424,0,0.21446461832761,21.45,Low
19407,260000,36,0,0,0.03538269230769231,0.6188560972516622,0,0.21453977988149356,21.45,Low
10888,60000,57,0,0,0.401575,0.08629908623683137,0,0.21437886543727497,21.44,Low
846,490000,38,0,0,0.012595918367346939,0.848698422985526,0,0.21433798195233839,21.43,Low
17173,90000,27,0,0,0.8334537037037036,0.03947429815693289,0,0.21416780071221894,21.42,Low
8181,140000,28,0,0,0.7361857142857143,0.03643943363152414,1,0.2140968870652864,21.41,Low
25241,80000,26,0,0,0.4629354166666667,0.2610155304240602,0,0.2140434340755412,21.4,Low
17558,570000,39,0,0,0.008035964912280702,1.0689881017356184,0,0.2139747358526292,21.4,Low
27746,290000,24,0,0,0.008739655172413792,0.2663247188794634,0,0.21404960807377346,21.4,Low
10058,510000,61,1,2,0.3836408496732026,0.07369024508045975,0,0.2140267664052828,21.4,Low
28542,330000,31,0,0,0.017752020202020203,0.33323849896156366,0,0.21399034963885255,21.4,Low
4029,60000,27,0,0,0.3452777777777778,0.07690265486725664,0,0.21398115427532508,21.4,Low
23684,240000,44,0,0,0.013652777777777778,0.9392166836215666,0,0.21392068155400418,21.39,Low
7697,240000,36,0,0,0.02409375,0.6364029399048854,1,0.21380049394585313,21.38,Low
8454,350000,33,0,0,0.6533104761904761,0.10309034135305026,1,0.21354166771469926,21.35,Low
17858,140000,25,0,0,0.6632857142857143,0.03845035537368081,0,0.21335633229114834,21.34,Low
4373,400000,28,0,0,0.15349333333333334,0.02994972637248089,1,0.21317054033956995,21.32,Low
4808,260000,28,1,1,0.03087948717948718,1.196234326994935,0,0.21318066836785352,21.32,Low
4676,90000,29,0,0,0.9991962962962964,0.04129244615116594,0,0.2130896979802333,21.31,Low
1826,360000,30,0,0,0.10611111111111111,0.8950698080279232,0,0.21285428005879442,21.29,Low
15569,100000,40,0,0,0.7492833333333333,0.09808928531708076,0,0.21266253054147888,21.27,Low
23529,450000,36,1,1,0.007631481481481481,2.1959233195826258,0,0.21264453103409353,21.26,Low
29617,280000,45,0,0,0.022853571428571428,0.6257748606553107,0,0.21261942447401852,21.26,Low
18320,80000,29,0,0,0.9924604166666666,0.04513194270972184,0,0.2125615931052734,21.26,Low
18902,110000,27,0,0,1.0142530303030302,0.045263942564090304,0,0.21237159935004127,21.24,Low
23412,180000,30,0,0,0.9729851851851853,0.04149220040653811,0,0.21240981387651114,21.24,Low
1284,260000,34,0,0,0.016946153846153847,0.2608942351339083,0,0.21229438694109806,21.23,Low
15718,250000,34,0,0,0.03123333333333333,0.7979722518676627,0,0.21218103161651686,21.22,Low
27145,160000,40,0,0,0.8887520833333334,0.0368611419101221,0,0.21205773180056228,21.21,Low
12595,80000,41,0,0,0.10756875,0.19367458795731413,0,0.2120633034390724,21.21,Low
9357,130000,29,0,0,0.0021987179487179486,1.3498542274052479,1,0.21204909390332405,21.2,Low
16665,480000,47,0,0,0.16057777777777776,0.3854678418212012,0,0.21180122652210678,21.18,Low
12736,300000,33,0,0,0.0013955555555555557,0.6337579617834395,0,0.21175939511071806,21.18,Low
24743,280000,34,0,0,0.7435494047619048,0.1860525808081091,0,0.21174854941258597,21.17,Low
10533,90000,29,0,0,0.8898444444444444,0.04703277310224842,0,0.21164734578511718,21.16,Low
26117,80000,36,0,0,0.96381875,0.045608506094463645,0,0.2116036076759771,21.16,Low
24653,260000,42,0,0,0.8580717948717949,0.055284956133011404,0,0.2114999406384654,21.15,Low
20939,280000,39,0,0,0.01645,0.7833984657692864,0,0.2113586220967499,21.14,Low
10545,110000,47,0,0,0.6606287878787879,0.0404573237159272,0,0.21140161803474417,21.14,Low
19894,120000,42,0,0,0.9545583333333333,0.039340474506825436,0,0.2112908211944429,21.13,Low
8958,480000,37,0,0,0.010661458333333334,0.8654616511968735,0,0.21124422954829164,21.12,Low
19595,200000,35,0,0,0.035445,0.06148022758263977,0,0.21113257258037238,21.11,Low
25386,360000,29,0,0,0.010130555555555556,1.1649300795174116,0,0.21098161169799576,21.1,Low
11028,360000,28,0,0,0.4407638888888889,0.5404474554907831,0,0.21078910063696032,21.08,Low
28362,200000,40,0,0,0.0251125,1.1648249543719926,0,0.21080200539732374,21.08,Low
20449,180000,26,0,0,0.04006944444444444,0.6884806470248411,0,0.21066181906981588,21.07,Low
8313,240000,30,0,0,0.811904861111111,0.04834823456155492,0,0.2105897193527189,21.06,Low
10735,450000,44,0,0,0.013242962962962962,0.4993847186486184,0,0.2106058209874298,21.06,Low
24668,200000,41,0,0,0.014445833333333333,0.46703201615229306,0,0.21026236115949495,21.03,Low
26106,80000,38,0,0,0.5507708333333333,0.04576918712410637,0,0.21020452925814007,21.02,Low
12270,50000,39,0,0,0.36998666666666663,0.06675916249234207,0,0.2101941407686352,21.02,Low
21107,80000,45,0,0,0.58475625,0.04660417624152514,0,0.20999042636422105,21.0,Low
12053,80000,37,0,0,0.5269270833333333,0.04523475338539092,0,0.20999693974293424,21.0,Low
13838,200000,31,0,0,0.018855833333333332,0.743669067927697,0,0.2099220890007288,20.99,Low
5392,120000,38,0,0,0.9955541666666666,0.04019257839366405,0,0.2098925057705884,20.99,Low
3031,120000,37,0,0,0.13366666666666666,0.666978387364921,0,0.2098083785985696,20.98,Low
6587,360000,42,0,0,0.05122175925925926,0.7505852366706134,0,0.20976043759561108,20.98,Low
17377,70000,42,0,0,0.36276190476190473,0.052415332108164875,0,0.20981543060377553,20.98,Low
8542,490000,50,0,0,0.012194897959183673,0.7112375533428165,1,0.2097959743654483,20.98,Low
20132,300000,43,0,0,0.008542222222222222,1.0208766909469302,0,0.20965908581021112,20.97,Low
28539,300000,33,0,0,0.013567777777777778,0.7960854966833183,0,0.209618635968625,20.96,Low
25714,110000,33,0,0,0.9129227272727273,0.046643398077105006,1,0.20961145613501334,20.96,Low
19484,140000,48,0,0,0.8979892857142857,0.03889642335853514,0,0.20946914894423202,20.95,Low
11110,300000,47,0,0,0.01730888888888889,1.1028052381563744,0,0.20953057269566344,20.95,Low
1143,200000,39,0,0,0.0313675,0.6223798517573922,0,0.20926070182688306,20.93,Low
29904,260000,30,0,0,0.14749679487179487,0.9807514287576871,0,0.20892855745408534,20.89,Low
29838,500000,34,0,0,0.940974,0.035232996164966654,0,0.2088577980573168,20.89,Low
13787,280000,35,0,0,0.5104541666666667,0.03203846248030757,0,0.20890966413164416,20.89,Low
11760,100000,51,0,0,0.93964,0.04999432406737332,0,0.208866134879953,20.89,Low
2937,100000,29,0,0,0.12864,0.02728544776119403,0,0.208806034610735,20.88,Low
3061,150000,45,0,0,0.9224855555555557,0.03662086849899487,1,0.2087867934343612,20.88,Low
8034,50000,25,0,0,0.2406866666666667,0.23405257180843697,0,0.2087336503940867,20.87,Low
12447,150000,58,0,0,0.016264444444444442,0.7950539691214646,0,0.20852762478533296,20.85,Low
16661,360000,34,0,0,0.005590740740740741,0.8137628353759523,0,0.2083803950017566,20.84,Low
23554,350000,44,0,0,0.00831047619047619,0.9427572771029108,0,0.2082776461130449,20.83,Low
5969,480000,45,0,0,0.01539236111111111,0.3932776900518836,0,0.20807402485337123,20.81,Low
22756,230000,39,0,0,0.026931159420289858,0.6091752993407776,1,0.20796370858459012,20.8,Low
9845,50000,36,0,0,0.34786,0.8880392495065065,0,0.20797012325832578,20.8,Low
13853,250000,25,0,0,0.040930666666666664,0.9326503355267444,0,0.20775304368816233,20.78,Low
16425,200000,50,0,0,0.6521183333333334,0.04638728656097692,0,0.2075676544306437,20.76,Low
20995,80000,40,0,0,0.9102125,0.04659168417631414,0,0.20756133654206482,20.76,Low
28650,370000,46,0,0,0.010782432432432432,0.8277144170113214,0,0.20761791692994536,20.76,Low
23023,280000,36,0,0,0.018554166666666667,1.0664078791184113,0,0.20752370710087398,20.75,Low
10837,50000,44,0,0,0.3726933333333334,0.06628327132226675,0,0.2075456694326934,20.75,Low
3007,160000,44,0,0,0.974775,0.04061834782385679,0,0.20734373429569286,20.73,Low
14401,200000,39,0,0,0.1662675,0.0477894557465129,0,0.20723611018391594,20.72,Low
13040,210000,31,0,0,0.7532650793650794,0.03898372587486856,0,0.20719300299747753,20.72,Low
4104,90000,26,0,0,0.11974814814814816,0.551728937275764,0,0.2072236208580965,20.72,Low
26225,150000,37,0,0,0.04112888888888889,0.46204344067430303,0,0.20721157196835127,20.72,Low
544,100000,24,0,0,0.2743933333333333,0.31126242134162635,0,0.20724429729044103,20.72,Low
14702,280000,37,0,0,0.48281130952380946,0.15525142302708714,0,0.20718110372113457,20.72,Low
28885,320000,41,0,0,0.015200520833333335,1.0226828850436869,0,0.20712889839308846,20.71,Low
22008,80000,24,0,0,0.4888625,0.36703401604063857,0,0.2070165594995711,20.7,Low
18116,170000,48,0,0,0.34930980392156863,0.9991355502166738,0,0.2069816498319395,20.7,Low
23105,130000,31,0,0,1.010998717948718,0.04704664973325437,0,0.20690089811780102,20.69,Low
8478,480000,30,0,0,0.06320625,0.5107672193106783,0,0.20640470704963199,20.64,Low
18270,360000,62,0,0,0.022455555555555555,0.9561479465611084,0,0.20623775206915818,20.62,Low
16148,140000,34,0,0,0.8918797619047619,0.0412731803747836,0,0.20619082627919244,20.62,Low
3375,420000,34,0,0,0.01237579365079365,0.29903485426620063,0,0.2060073860758064,20.6,Low
2794,250000,44,1,1,0.13212066666666666,0.36610472245068904,0,0.20596837716205743,20.6,Low
9033,170000,25,0,0,0.031013725490196077,0.040304735411266356,0,0.2058632379289889,20.59,Low
8038,270000,36,0,0,0.021403086419753085,0.9279843105586479,0,0.20569243121578354,20.57,Low
13351,310000,36,0,0,0.024360752688172043,1.223345324534881,0,0.20561541860092086,20.56,Low
22334,300000,29,0,0,0.07023888888888889,0.09007355849086451,0,0.20564395230418306,20.56,Low
10356,180000,44,0,0,0.07765648148148148,0.11306919123871752,0,0.2056447157392143,20.56,Low
22113,50000,31,0,0,0.4036633333333334,0.06275856943492514,0,0.2055273663195362,20.55,Low
24552,270000,37,0,0,0.5190623456790123,0.1075062939940372,1,0.2054474237415196,20.54,Low
27895,150000,29,0,0,0.6388144444444445,0.2985095654624104,0,0.20539407003567067,20.54,Low
13970,210000,38,0,0,0.0406079365079365,1.2300355704960326,0,0.20528898310971294,20.53,Low
15703,180000,27,0,0,0.8654194444444444,0.03855548529775221,0,0.20521999127188434,20.52,Low
19308,210000,32,0,0,0.024653174603174604,1.0341563918488235,0,0.20509189972066783,20.51,Low
25626,240000,28,0,0,0.7768118055555556,0.12523589565254706,0,0.20499776677410794,20.5,Low
6526,330000,30,0,0,0.17034343434343435,0.08604127134724858,0,0.2048637882258039,20.49,Low
12741,200000,28,0,0,0.0015508333333333335,0.48038688876947877,0,0.20486583007878867,20.49,Low
28196,200000,48,0,0,0.1786016666666667,0.6625964669982549,0,0.20488571849350082,20.49,Low
25283,70000,24,0,0,0.9844071428571428,0.04643839294136427,0,0.2048086886364138,20.48,Low
6038,280000,29,0,0,0.014374404761904762,0.9534970392148743,0,0.20480611185043932,20.48,Low
20932,560000,36,0,0,0.005312797619047619,0.9056075289899725,0,0.2046865689752005,20.47,Low
15266,230000,39,0,0,0.78825,0.08595448549115864,0,0.2047477146793284,20.47,Low
15492,110000,41,0,0,0.7302348484848484,0.03696195702918322,0,0.20436901717276298,20.44,Low
17413,50000,33,0,0,0.35511,0.12574507429622747,0,0.2043761971143186,20.44,Low
6573,90000,26,0,0,0.36216481481481483,0.04426570673266213,0,0.20432558141445312,20.43,Low
6242,270000,29,0,0,0.7271481481481481,0.040323265250683374,0,0.20416517696916908,20.42,Low
14937,80000,41,0,0,0.9491333333333334,0.04168934817728454,1,0.2040763779747888,20.41,Low
23252,50000,45,0,0,0.35130333333333336,0.06823163268210758,0,0.2040610966826492,20.41,Low
28490,110000,37,0,0,0.20813030303030303,0.054372988949230525,0,0.20391309493510543,20.39,Low
16581,290000,29,0,0,0.08584942528735631,0.8805446585173184,0,0.20383835081612986,20.38,Low
23330,240000,35,0,0,0.03607291666666667,1.1517181634421023,0,0.20374838663774728,20.37,Low
22939,60000,43,0,0,0.6802555555555556,0.11742727406366889,0,0.2036977474202696,20.37,Low
11782,490000,36,0,0,0.0070044217687074825,0.8928276598844267,0,0.20356116892897017,20.36,Low
26424,420000,36,0,0,0.0407515873015873,0.18657370440337312,0,0.20356517830836224,20.36,Low
24047,130000,25,0,0,0.16107051282051282,0.05091733991324074,0,0.2035249478581206,20.35,Low
25743,190000,40,0,0,0.8730561403508772,0.038303639966080036,1,0.20350682852989768,20.35,Low
13862,110000,44,0,0,0.5279136363636364,0.22561082362530602,1,0.2032732129502545,20.33,Low
1190,180000,24,0,0,0.9522592592592592,0.03996343977285986,0,0.20319652452081682,20.32,Low
2482,50000,51,0,0,0.22040666666666667,0.7880281903148725,0,0.2031015795035588,20.31,Low
11723,460000,41,0,0,0.050155797101449275,0.41900599581015674,0,0.2031303010752034,20.31,Low
23785,210000,56,0,0,0.051107936507936505,0.6642803900863408,0,0.2027126845249899,20.27,Low
28629,80000,32,0,0,0.9421604166666666,0.041571123105805144,0,0.20263130348267822,20.26,Low
872,80000,40,0,0,0.48755625,0.05339982138813043,0,0.20257170064944618,20.26,Low
28949,270000,39,0,0,0.00552716049382716,0.7368773732410097,0,0.20257058009460926,20.26,Low
23184,80000,39,0,0,0.510925,0.0456688033142503,0,0.2024601998122457,20.25,Low
21504,100000,24,0,0,0.6917916666666667,0.03760043365656809,0,0.2024561962947871,20.25,Low
14186,360000,29,1,1,0.09979027777777778,0.40000092787187946,0,0.20233071434157657,20.23,Low
380,50000,31,0,0,0.2798366666666667,0.19448249574156354,1,0.20229009616708016,20.23,Low
4290,100000,52,0,0,0.707165,0.043639037565490375,0,0.20233884788717102,20.23,Low
14560,150000,41,0,0,0.1026188888888889,0.06940459304654764,0,0.20211417824039415,20.21,Low
29973,190000,37,0,0,0.21553596491228072,0.7911489514103968,0,0.202050176672549,20.21,Low
20190,310000,42,0,0,0.6851876344086021,0.2432423737630929,0,0.20209150852784674,20.21,Low
7576,180000,39,0,0,0.6530537037037037,0.05220771929028581,0,0.20201084971342445,20.2,Low
8410,120000,30,0,0,0.969826388888889,0.04183165658229208,0,0.2018110713249757,20.18,Low
6398,80000,26,0,0,0.35670625,0.07895151823103744,0,0.20182808060065557,20.18,Low
6929,140000,31,0,0,0.7466380952380952,0.040366659438498924,0,0.20165463943529574,20.17,Low
12337,50000,38,0,0,0.41927333333333333,0.054856815760601675,0,0.2016880349771602,20.17,Low
18825,90000,27,0,0,0.8001833333333334,0.041425691797481595,0,0.20141626881483468,20.14,Low
18198,80000,33,0,0,0.19819375,0.6768418950311669,0,0.20138383331325507,20.14,Low
21936,140000,27,0,0,0.9923,0.04834847372386423,0,0.20129223795623868,20.13,Low
1277,480000,54,0,0,0.009133333333333334,0.43464872262773724,0,0.20107109684681548,20.11,Low
23912,60000,23,0,0,0.5277666666666667,0.16373502600054737,0,0.20099890824826772,20.1,Low
21696,270000,25,0,0,0.09122716049382716,0.04753430589763716,0,0.20094208037943362,20.09,Low
3035,170000,37,0,0,0.11672254901960784,0.9599771538002806,0,0.20039885374118338,20.04,Low
28107,500000,44,0,0,0.021915666666666667,0.5438575144113039,0,0.20040735322363099,20.04,Low
19646,360000,30,0,0,0.0104,1.0458511396011396,0,0.20032033703961527,20.03,Low
23468,230000,30,0,0,0.5935739130434783,0.1957425665216351,0,0.20031930474641232,20.03,Low
17768,320000,53,0,0,0.7092401041666667,0.24836147255608812,0,0.20031315748133272,20.03,Low
6809,160000,30,0,0,0.6650958333333333,0.034153912656697344,0,0.2001791830387483,20.02,Low
24018,50000,25,0,0,0.10434666666666666,0.89097239969333,0,0.20021850829654605,20.02,Low
26204,210000,33,0,0,0.0013674603174603176,0.0,0,0.20009593692517533,20.01,Low
23613,310000,34,0,0,0.6061801075268818,0.07128900793351634,0,0.2000875346767879,20.01,Low
24796,120000,48,0,0,0.15392222222222224,1.1450407853894464,0,0.19995367444734743,20.0,Low
8379,60000,39,0,0,0.254575,0.21822863814418367,0,0.19994391733952602,19.99,Low
22099,200000,29,0,0,0.07589833333333333,0.19615055227387515,0,0.19980700364150683,19.98,Low
6634,180000,34,0,0,0.06621944444444444,0.36212369087070206,0,0.19970468466638258,19.97,Low
4878,50000,49,0,0,0.4501,0.06730356217136932,0,0.1993859607836991,19.94,Low
14423,300000,37,0,0,0.022777777777777775,0.0,0,0.19922501963706923,19.92,Low
8432,240000,44,0,0,0.026523611111111112,0.9044614337330471,0,0.19921960641282915,19.92,Low
7196,120000,24,0,0,0.19205555555555556,0.10762221579404108,1,0.19878068427355453,19.88,Low
28500,260000,34,0,0,0.07145897435897436,0.5661487674477017,0,0.1985134412819176,19.85,Low
10258,360000,32,0,0,0.01284398148148148,1.0164365785964027,0,0.19840464480855058,19.84,Low
3824,200000,39,0,0,0.0374725,0.7267329374874908,0,0.19833512531003092,19.83,Low
19748,180000,40,0,0,0.026294444444444443,0.616980069018945,0,0.1981893134683412,19.82,Low
247,250000,75,0,0,0.042278,0.1849188703344529,0,0.19807940794939044,19.81,Low
7959,320000,33,0,0,0.019130729166666666,0.5854999863875201,0,0.19805015123328384,19.81,Low
26384,320000,30,0,0,0.021550520833333333,0.8404669260700389,0,0.19802929499540112,19.8,Low
29791,250000,44,0,0,0.033116,0.9806538631879856,0,0.19803485312402597,19.8,Low
20838,350000,44,0,0,0.1941661904761905,0.3487341477232317,0,0.19794109666690315,19.79,Low
5414,230000,23,0,0,0.09249347826086957,0.05893874225366458,0,0.1977533709296572,19.78,Low
6725,230000,31,0,0,0.7689514492753624,0.030826845893099298,0,0.19766780319264796,19.77,Low
16446,80000,50,0,0,0.5953895833333332,0.03666366909621501,0,0.19737754741291128,19.74,Low
18591,400000,24,0,0,0.018800416666666667,0.507302586378848,0,0.1973890350184855,19.74,Low
4171,140000,27,0,0,0.06708452380952382,0.8669588827172543,0,0.19730270662548116,19.73,Low
6548,150000,36,0,0,0.21587555555555554,0.06719406242279502,0,0.19734452717510667,19.73,Low
3702,200000,29,0,0,0.014605833333333332,0.508130313231015,0,0.19727225444330493,19.73,Low
21941,130000,27,0,0,0.05869358974358974,1.0980756208907625,0,0.19724884425902017,19.72,Low
25918,300000,28,0,0,0.030841111111111114,0.3263861368303491,0,0.19719022840136177,19.72,Low
2778,500000,55,0,0,0.023140333333333332,0.6759337952492761,0,0.1972204372313881,19.72,Low
24289,150000,29,0,0,0.28168666666666664,0.21802396674003424,0,0.1970702239407343,19.71,Low
1097,130000,26,0,0,0.12974102564102563,0.39456313365876794,0,0.19707301965366283,19.71,Low
25873,180000,33,0,0,0.04515277777777778,1.1676407259304828,0,0.19698148073892283,19.7,Low
26490,170000,51,0,0,0.8527843137254902,0.04400579416904258,0,0.19704706446841236,19.7,Low
10859,40000,34,0,0,0.19555833333333333,0.9826778028721183,0,0.19685461283024944,19.69,Low
23598,400000,43,0,0,0.029768333333333334,0.8344577571244611,0,0.1968523898575183,19.69,Low
21543,80000,24,0,0,0.14472291666666667,0.07153036693681893,0,0.19681368493642248,19.68,Low
24208,150000,25,0,0,0.8696633333333333,0.130574155771646,0,0.1967560566783549,19.68,Low
22365,100000,31,0,0,0.7339583333333333,0.03669599772920806,0,0.196599160397106,19.66,Low
7091,120000,29,0,0,0.9707152777777778,0.04064871980140647,0,0.19659764135593688,19.66,Low
5692,410000,36,0,0,0.023671951219512197,3.0717634331049406,0,0.1964973375956279,19.65,Low
3583,250000,32,0,0,0.060736,0.47383210396909026,0,0.19627062093548833,19.63,Low
1218,340000,30,0,0,0.7722838235294117,0.06355608111667774,0,0.1963251036975155,19.63,Low
28698,330000,34,0,0,0.48107272727272726,0.14907760854319682,0,0.19625307102002548,19.63,Low
20896,390000,41,0,0,0.005882051282051282,0.6837401918047079,0,0.1961762522247674,19.62,Low
24211,70000,31,0,0,0.34816190476190473,1.2064036983341084,0,0.19605181858332069,19.61,Low
16907,80000,33,0,0,0.5215145833333333,0.13382495695630114,0,0.19614618041755286,19.61,Low
23643,280000,35,0,0,0.03680357142857143,1.091136988516901,0,0.19594648146010746,19.59,Low
21989,200000,29,0,0,0.022385833333333334,0.19733462383203662,0,0.19591660623018897,19.59,Low
6820,100000,44,0,0,0.40325,0.0450506302955156,0,0.19584806360269552,19.58,Low
27608,140000,26,0,0,0.4703238095238095,0.03502146444192451,0,0.19583810180364455,19.58,Low
9268,50000,33,0,0,0.31943,0.14638574961650438,0,0.19574704815331623,19.57,Low
19269,300000,42,0,0,0.0007661111111111112,0.45830311820159536,0,0.19569846023163295,19.57,Low
25448,240000,27,0,0,0.08206597222222221,0.0,0,0.19572692526220942,19.57,Low
24170,80000,27,0,0,0.7995083333333333,0.054669015332339664,0,0.19562684911970857,19.56,Low
28756,500000,35,0,0,0.022711333333333333,0.29439046584671386,0,0.19540298830083108,19.54,Low
5972,80000,28,0,0,0.19022916666666667,0.09402037016756105,1,0.19540118302753434,19.54,Low
3834,130000,23,0,0,0.0937423076923077,0.3008793883942614,0,0.19538911162672648,19.54,Low
25269,120000,25,0,0,0.25559305555555556,0.06778896574959109,0,0.19527204633248058,19.53,Low
8101,100000,30,0,0,0.49743166666666666,0.03953641873758205,0,0.19516792816046022,19.52,Low
9402,120000,54,0,0,0.5904638888888889,0.03504777317269379,0,0.19509369246676295,19.51,Low
26882,500000,29,0,0,0.018180666666666668,0.6814198232554729,0,0.19508032411606493,19.51,Low
22329,160000,25,0,0,0.22538958333333334,0.027729764204571714,0,0.19491150927510387,19.49,Low
15304,140000,41,0,0,0.8119440476190477,0.05501200088558765,1,0.1948742432678251,19.49,Low
22257,500000,29,0,0,0.005249333333333333,2.6169037338074674,1,0.19483188268674564,19.48,Low
10617,360000,40,0,0,0.028752777777777776,1.2919363668566644,0,0.19472333805167893,19.47,Low
11880,70000,24,0,0,0.1256095238095238,0.4462051709758132,0,0.19466326199874667,19.47,Low
15791,80000,25,0,0,0.4512208333333333,0.04017341841116231,0,0.19447535128496932,19.45,Low
13356,130000,27,0,0,0.19704230769230768,0.01854346001444438,0,0.19437626361204316,19.44,Low
24380,330000,49,0,0,0.006754040404040405,1.1411052119943168,0,0.19416642214748034,19.42,Low
9837,110000,46,0,0,0.6099242424242425,0.2492957396596696,0,0.19417737852079867,19.42,Low
20093,80000,39,0,0,0.46504791666666667,0.0366628886808259,0,0.19406892579990917,19.41,Low
22876,70000,28,0,0,0.5996619047619048,0.05876327136719898,0,0.194104914706871,19.41,Low
13412,360000,29,0,0,0.12266111111111111,0.02666560985551882,0,0.1939949302068779,19.4,Low
11179,200000,39,0,0,0.04979666666666667,0.09580627886739407,0,0.19385646444873283,19.39,Low
4537,270000,33,0,0,0.04938024691358024,0.9984124206210311,0,0.19380071177446806,19.38,Low
3237,120000,41,0,0,0.94715,0.04545801146128444,0,0.1938118461701847,19.38,Low
29597,160000,36,0,0,0.03448020833333333,0.8172864868130872,0,0.19362537700028393,19.36,Low
22823,90000,47,0,0,0.3189,0.06968398313647609,0,0.1936087916816205,19.36,Low
12403,270000,40,0,0,0.07073271604938271,0.04637524326494279,1,0.19348872276547086,19.35,Low
16824,130000,36,0,0,0.2679717948717949,0.25688696667272676,0,0.19352665383164025,19.35,Low
26332,100000,38,0,0,0.6152233333333333,0.04994392280310131,0,0.19345237250462552,19.35,Low
25141,90000,61,0,0,0.4967722222222222,0.03464960839791692,0,0.19353551636613664,19.35,Low
5947,70000,24,0,0,0.29214285714285715,0.5130480847595762,1,0.19337412718998487,19.34,Low
14320,310000,37,0,0,0.5801806451612903,0.10228553212940723,0,0.19322546585147268,19.32,Low
1475,110000,29,0,0,0.9668393939393939,0.043464020535515596,1,0.1932287463703842,19.32,Low
28417,230000,29,0,0,0.038828260869565215,0.37515629957262564,0,0.19315361294986474,19.32,Low
8726,300000,24,0,0,0.033729444444444444,0.5093472567654374,1,0.193185779733437,19.32,Low
27957,160000,29,0,0,0.04992395833333333,0.24627036952031214,0,0.19312159236949353,19.31,Low
1952,100000,36,0,0,0.18229,0.09782946586940224,0,0.1931231254140687,19.31,Low
24598,320000,28,0,0,0.30391666666666667,0.43053023032629556,0,0.19297833466122916,19.3,Low
28113,480000,38,0,0,0.3058496527777778,0.3730193779396422,0,0.19297849539738712,19.3,Low
11379,180000,25,0,0,0.03904074074074074,0.681054928374917,0,0.19286217288599145,19.29,Low
3176,270000,26,0,0,0.755104938271605,0.041538662764557296,0,0.1928815871365967,19.29,Low
17223,120000,26,0,0,0.9059722222222223,0.04783075272114058,0,0.19291936263413817,19.29,Low
18700,210000,26,0,0,0.7568198412698413,0.05077008744820904,0,0.19254342315849604,19.25,Low
15956,210000,30,0,0,0.03728809523809524,0.3299065619479386,0,0.19245776090850844,19.25,Low
19931,50000,36,0,0,0.46537333333333336,0.05515285219035613,0,0.19243150118258492,19.24,Low
7607,90000,25,0,0,0.9082814814814815,0.04139889738863788,1,0.1924030439898027,19.24,Low
18560,50000,24,0,0,0.43116333333333334,0.06648679154844644,0,0.19231045377245987,19.23,Low
15376,500000,33,0,0,0.570815,0.04372111221090312,0,0.19230542968667577,19.23,Low
22627,200000,35,0,0,0.161355,0.05835993100100193,0,0.1921943237274303,19.22,Low
2827,360000,31,0,0,0.02421064814814815,1.6626828568696816,0,0.1922179390002307,19.22,Low
7298,430000,40,0,0,0.1836527131782946,1.0196444249341527,0,0.19202401531525118,19.2,Low
25594,120000,38,0,0,0.9921166666666666,0.04252972040698619,0,0.19196409728404173,19.2,Low
4338,140000,30,0,0,0.7135011904761905,0.038432211378831085,0,0.19170016460737732,19.17,Low
12771,140000,26,0,0,0.4095285714285714,0.19022743921582308,0,0.19161533680934761,19.16,Low
3533,160000,27,0,0,1.021746875,0.04037203441410085,0,0.19152658908447096,19.15,Low
12297,420000,32,0,0,0.06689880952380953,0.03847910549574399,1,0.191453408182661,19.15,Low
4805,50000,38,0,0,0.40058666666666665,0.07489016109705765,0,0.19149479952554546,19.15,Low
24575,140000,39,0,0,0.6261476190476191,0.04175951205785947,0,0.19143615765735758,19.14,Low
16052,500000,39,0,0,0.8727606666666666,0.05325324010171555,0,0.19141924816497058,19.14,Low
706,50000,26,0,0,0.35346666666666665,0.07638626933232742,1,0.19118011039895755,19.12,Low
886,70000,23,0,0,0.7758071428571428,0.05953860648970811,0,0.19121291470890237,19.12,Low
24910,440000,33,0,0,0.008753787878787878,5.299870186066638,0,0.19109492238149506,19.11,Low
18578,150000,25,0,0,0.13895333333333335,0.5863359401237825,0,0.19090246623649829,19.09,Low
19254,70000,44,0,0,0.3458952380952381,0.09313995429389575,0,0.19086243880647327,19.09,Low
28069,100000,40,0,0,0.807895,0.039815405054699764,0,0.1909165010032607,19.09,Low
23519,250000,33,0,0,0.3984233333333333,0.3554360102738293,0,0.19078629955511361,19.08,Low
14684,450000,29,0,0,0.040237777777777775,0.06443180353822647,0,0.19069412773242284,19.07,Low
22842,150000,34,0,0,0.08371111111111111,0.2937350676931245,0,0.19055229503649274,19.06,Low
5104,240000,33,0,0,0.022655555555555554,2.0367214320745464,0,0.19051300847131994,19.05,Low
4216,120000,30,0,0,0.8552222222222222,0.04985708717682214,0,0.19046835754143246,19.05,Low
4659,170000,28,0,0,0.054276470588235294,0.22154185181171202,0,0.19043284855350223,19.04,Low
15144,290000,42,0,0,0.03816034482758621,1.0541725025979307,0,0.1901881537314914,19.02,Low
6238,210000,30,0,0,0.16165555555555555,0.04105338609428238,1,0.19011976279158208,19.01,Low
22883,100000,29,0,0,0.5099133333333333,0.19061082275419353,0,0.18986014214754487,18.99,Low
18435,150000,23,0,0,0.2684711111111111,0.3014890904876999,0,0.189884694878612,18.99,Low
13484,100000,35,0,0,0.5039233333333334,0.040148302982596556,0,0.18986419787588257,18.99,Low
3125,80000,37,0,0,0.37418541666666666,0.21865274011881364,0,0.18966211286360127,18.97,Low
1759,80000,36,0,0,0.2856458333333333,0.05753774341769382,0,0.18961443508195466,18.96,Low
22103,50000,29,0,0,0.50335,0.12582364822356876,0,0.18962794524564677,18.96,Low
11349,160000,25,0,0,0.81813125,0.05156568704593548,0,0.1895013243287786,18.95,Low
14533,180000,43,0,0,0.02763796296296296,0.7490703206137559,0,0.1894733560680429,18.95,Low
15975,50000,35,0,0,0.45092,0.12566900263165676,0,0.1894369093211243,18.94,Low
18683,120000,27,0,0,0.10685833333333333,0.09095635446723335,1,0.18922863726253294,18.92,Low
20085,500000,31,0,0,0.6269216666666666,0.06723700196462609,0,0.18905538073453998,18.91,Low
2640,140000,33,0,0,0.5767369047619048,0.05366811226543423,0,0.18911213036201738,18.91,Low
25279,80000,27,0,0,0.32498125,0.04775916559288677,1,0.18911805664927323,18.91,Low
18364,170000,34,0,0,0.9251696078431373,0.03625832253333517,0,0.18906955965035654,18.91,Low
22874,230000,39,0,0,0.1150427536231884,0.7639251947921063,0,0.18898001110400423,18.9,Low
19239,200000,35,0,0,0.021458333333333336,1.0935145631067962,0,0.1886365878383917,18.86,Low
25437,360000,27,0,0,0.8014074074074075,0.04873082077826047,0,0.1885353142902806,18.85,Low
29737,500000,48,0,0,0.003592,0.9440423162583519,0,0.1882736578763321,18.83,Low
2990,50000,36,0,0,0.26758333333333334,0.3832326378075366,0,0.18827203310189822,18.83,Low
5957,500000,38,0,0,0.04203066666666667,0.5031405640326111,0,0.18831940765178903,18.83,Low
25974,50000,33,0,0,0.5006866666666666,0.23413179233852177,0,0.18820172978458102,18.82,Low
8903,270000,47,0,0,0.03139814814814815,0.7073429666764967,0,0.18821104696752142,18.82,Low
18930,200000,30,0,0,0.020915,1.1098095465774165,0,0.18813132570678817,18.81,Low
14724,260000,49,0,0,0.026791025641025642,0.808417476192755,0,0.18807542275442587,18.81,Low
24041,60000,26,0,0,0.40365,0.2806543072243555,0,0.18800193803374876,18.8,Low
8067,180000,29,0,0,0.6848305555555556,0.03417174023852886,0,0.18775267630786616,18.78,Low
12560,200000,31,0,0,0.8330608333333333,0.04561491607755736,0,0.18777530315616775,18.78,Low
24310,80000,41,0,0,0.1385625,0.9387310178920463,0,0.18766073749568446,18.77,Low
5873,80000,30,0,0,0.4227,0.20742153615645453,0,0.18767294602591045,18.77,Low
22036,230000,28,0,0,0.04965072463768116,0.9039522461251058,0,0.18760276181891267,18.76,Low
22130,180000,24,0,0,0.3983592592592593,0.03216898946605056,0,0.18755801362174976,18.76,Low
19739,50000,42,0,0,0.32172,0.0986157735504994,0,0.1874262361745063,18.74,Low
5707,350000,48,0,0,0.21137476190476193,0.6250960266914778,0,0.18728077318623385,18.73,Low
6873,240000,30,0,0,0.047038194444444445,0.27697645235107404,0,0.1871612449427728,18.72,Low
26839,470000,35,0,0,0.23058156028368793,0.25945343257874015,0,0.18721545294152162,18.72,Low
8560,110000,27,0,0,0.5107151515151515,0.05156465087577728,0,0.18714150524765796,18.71,Low
14193,230000,27,0,0,0.02231304347826087,0.6777734476487399,0,0.18701510440911517,18.7,Low
18424,160000,23,0,0,0.298778125,0.03801594689481813,1,0.187023476944406,18.7,Low
8720,100000,27,0,0,0.65282,0.04709823024212902,0,0.18698792078026671,18.7,Low
28644,460000,35,1,1,0.2986485507246377,0.31389471896344645,0,0.18685865884069688,18.69,Low
28317,60000,27,0,0,0.4795611111111111,0.3335746805528203,0,0.18692642308898494,18.69,Low
23772,80000,60,0,0,0.20563333333333333,0.13037972118657806,0,0.1865463895406174,18.65,Low
22028,240000,29,0,0,0.4604159722222222,0.3278315653568105,0,0.18643548538574634,18.64,Low
27018,80000,41,0,0,0.5082708333333333,0.07228347747673894,0,0.18644283003797593,18.64,Low
5360,160000,33,0,0,0.875578125,0.037131419121889706,0,0.1862918487926219,18.63,Low
14912,240000,42,0,0,0.14763819444444443,0.3788634941838861,0,0.18633066248045246,18.63,Low
1243,160000,45,0,0,0.0015291666666666665,1.0,0,0.18608631074454549,18.61,Low
2706,180000,25,0,0,0.7469740740740741,0.08021003257587402,0,0.1858509330776891,18.59,Low
24789,60000,32,0,0,0.37063888888888885,0.05219965524994379,0,0.18579843884632413,18.58,Low
22409,150000,28,0,0,0.83555,0.06947652577477244,0,0.18553545748678363,18.55,Low
19307,150000,33,0,0,0.18746,0.05301279087686855,0,0.18553272623852662,18.55,Low
2171,200000,29,0,0,0.05215833333333333,0.1358044416040901,0,0.18547088956944668,18.55,Low
9729,280000,46,0,0,0.009263690476190477,0.9841290239671014,0,0.18537165236423805,18.54,Low
17665,120000,47,0,0,0.7810125,0.04543781309518093,0,0.1853547769436757,18.54,Low
8514,180000,40,0,0,0.4033064814814815,0.034437554382637965,1,0.18542570902275807,18.54,Low
14197,450000,32,0,0,0.035552592592592594,0.13639678306525543,0,0.18533671395041787,18.53,Low
12364,130000,24,0,0,0.20549102564102564,0.5093865225881722,0,0.1851166022678611,18.51,Low
2867,80000,26,0,0,0.8352770833333334,0.042560727104029854,0,0.18513111879379684,18.51,Low
20718,100000,39,0,0,0.77433,0.04149178429524018,0,0.18499842083191415,18.5,Low
16309,110000,33,0,0,0.3882621212121212,0.43112080639055933,0,0.18488593951540316,18.49,Low
16280,130000,33,0,0,0.7503230769230769,0.04059277029382215,0,0.18465622354675026,18.47,Low
24074,100000,28,0,0,0.478035,0.0348231126730609,0,0.18462051092270693,18.46,Low
25861,270000,44,0,0,0.11609753086419752,1.17285381596997,0,0.1843734949904021,18.44,Low
4463,50000,27,0,0,0.31973,0.26153316861101555,0,0.18430376048502972,18.43,Low
17800,50000,23,0,0,0.24653666666666668,0.12168575330241614,0,0.18422335411721444,18.42,Low
13919,130000,29,0,0,0.6662076923076923,0.07447434964841179,0,0.18390910889758547,18.39,Low
18165,190000,36,0,0,0.6340640350877194,0.03957345610950247,1,0.18382926276540126,18.38,Low
26813,290000,30,0,0,0.0678896551724138,0.8584332249762969,0,0.18362653781049396,18.36,Low
5852,130000,29,0,0,0.489401282051282,0.04255592259511229,0,0.18359002438959518,18.36,Low
13488,240000,36,0,0,0.025045833333333333,0.3816059446570177,0,0.1836047478013639,18.36,Low
3423,80000,35,0,0,0.4127270833333333,0.184242008187412,0,0.18349964277716724,18.35,Low
8120,150000,29,0,0,0.18846333333333334,0.662197774987177,0,0.18323662853181671,18.32,Low
29642,320000,29,0,0,0.5926848958333333,0.036409172594698384,0,0.1831557967021054,18.32,Low
28833,550000,39,0,0,0.46281181818181816,0.03691597933318012,0,0.18310789970063424,18.31,Low
7838,290000,27,0,0,0.17243275862068966,0.7306496285408605,0,0.18301554859297342,18.3,Low
27886,80000,27,0,0,0.15979583333333333,0.5062710229198717,1,0.18286854669873842,18.29,Low
26463,300000,50,0,0,0.00049,0.0,0,0.18268755313907595,18.27,Low
10580,360000,31,0,0,0.055473148148148146,0.9556425364290364,0,0.18206061831905151,18.21,Low
18109,350000,34,0,0,0.5409619047619048,0.047474516293727224,0,0.1819902809083992,18.2,Low
5965,80000,26,0,0,0.5123520833333333,0.07685144899544177,0,0.18193069923485605,18.19,Low
10301,180000,43,0,0,0.341712962962963,0.151984825904349,0,0.1819063752537619,18.19,Low
7720,230000,25,0,0,0.0527536231884058,0.17773351648351648,0,0.18184179525033636,18.18,Low
17270,130000,34,0,0,0.8061858974358975,0.04309625094422136,0,0.1816585040324385,18.17,Low
23255,360000,43,0,0,0.03401944444444444,0.10839389238180779,0,0.181613072984196,18.16,Low
20770,360000,30,0,0,0.058241666666666664,0.9122112526032973,0,0.18152048554295455,18.15,Low
20405,150000,32,0,0,0.9222744444444444,0.38944782644838183,0,0.181421040339103,18.14,Low
6903,180000,29,0,0,0.030658333333333333,1.0904835251125005,0,0.18134734224287846,18.13,Low
5949,170000,26,0,0,0.5453960784313725,0.03454585981765366,0,0.18133347181077078,18.13,Low
9723,360000,34,0,0,0.02409907407407407,5.436757982095516,0,0.18116134161138955,18.12,Low
25990,270000,35,0,0,0.27702777777777776,0.39429793776529964,0,0.18123189266130907,18.12,Low
3658,150000,31,0,0,0.7612911111111111,0.05227084981362072,0,0.18115007279624143,18.12,Low
16883,150000,38,0,0,0.01589111111111111,0.6455740455880297,0,0.18116282679221754,18.12,Low
16272,110000,28,0,0,0.169769696969697,0.8852099100385549,0,0.1811165535093685,18.11,Low
18899,140000,28,0,0,0.6438428571428572,0.29034554423957337,1,0.18111565019369597,18.11,Low
10754,160000,31,0,0,0.15027708333333334,0.2099385856681408,1,0.18113498437945053,18.11,Low
29146,230000,70,0,0,0.6402746376811593,0.03912044084343336,1,0.18095763497768844,18.1,Low
18817,420000,29,0,0,0.14822063492063492,0.3590796645926814,0,0.18095378532454162,18.1,Low
13999,140000,32,0,0,0.1645,0.7154580981328702,0,0.18085239545336662,18.09,Low
22042,90000,25,0,0,0.14462222222222224,0.08476746568326163,0,0.18075223164513401,18.08,Low
1442,210000,33,0,0,0.06448412698412698,0.08009846153846154,0,0.1807301058362153,18.07,Low
21197,230000,35,0,0,0.7496891304347826,0.037685185453680804,0,0.1805966222524533,18.06,Low
8639,50000,39,0,0,0.45705,0.13163402982897568,0,0.1805820900517474,18.06,Low
27251,210000,33,0,0,0.6789706349206349,0.0323458830652844,0,0.18051306876910764,18.05,Low
17680,70000,34,0,0,0.49531904761904766,0.07110376188507647,0,0.1804687559051507,18.05,Low
7541,210000,33,0,0,0.11281984126984128,0.0759744782030629,0,0.18026065654993098,18.03,Low
20846,270000,42,0,0,0.03438148148148148,0.9521526805271284,0,0.18025938309001,18.03,Low
17405,130000,48,0,0,0.0944051282051282,0.4105193112064751,0,0.18019021787756181,18.02,Low
19243,160000,41,0,0,0.034784375,0.8471535950648339,0,0.18008928985195505,18.01,Low
1395,140000,23,0,0,0.2675666666666667,0.04758493655341793,0,0.17988841436044362,17.99,Low
24146,280000,28,0,0,0.01711309523809524,0.7794782608695652,0,0.1797909418069448,17.98,Low
28764,290000,32,0,0,0.016698275862068967,0.9211839614524179,1,0.1794656161352532,17.95,Low
29940,100000,37,0,0,0.255005,0.4483049351973491,0,0.17947197313702865,17.95,Low
3577,500000,37,0,0,0.03823833333333333,0.9350128579523166,0,0.17935150157511295,17.94,Low
25664,70000,42,0,0,0.42726190476190473,0.21889105600445807,0,0.17923132888049909,17.92,Low
22758,360000,30,0,0,0.09204861111111111,0.4914321639632843,0,0.17884969752233554,17.88,Low
23600,160000,42,0,0,0.22646354166666666,0.04382143924932729,0,0.1788232380465148,17.88,Low
13921,290000,46,0,0,0.5356425287356322,0.037820085019817214,0,0.17875644752001016,17.88,Low
6103,50000,38,0,0,0.38900333333333337,0.21076940214736806,0,0.1787164189700121,17.87,Low
27894,150000,29,0,0,0.9787377777777777,0.04245150216151415,0,0.17873857838030596,17.87,Low
7198,100000,39,0,0,0.41466166666666665,0.04753674682572539,0,0.17852976569522355,17.85,Low
26034,230000,27,0,0,0.029778985507246378,0.7254653850833435,0,0.17841902968966686,17.84,Low
18172,400000,41,0,0,0.01453375,0.5324101946618502,0,0.17837687551437448,17.84,Low
4319,170000,40,0,0,0.4080696078431372,0.2596250639668838,0,0.17834579936909647,17.83,Low
2071,120000,29,0,0,0.7166416666666666,0.04235612870216403,0,0.17809245913656957,17.81,Low
24624,190000,42,0,0,0.14293947368421053,0.05153696509993802,0,0.177995654650838,17.8,Low
15931,310000,29,0,0,0.01400483870967742,0.6216745364505355,0,0.17783066290348604,17.78,Low
26723,180000,26,0,0,0.35386944444444446,0.37707723344296784,0,0.17776882599427732,17.78,Low
19702,140000,32,0,0,0.8534904761904762,0.0467268862318881,0,0.1776988880950046,17.77,Low
28766,220000,34,0,0,0.36138257575757576,0.03750746816204602,0,0.17772760741517335,17.77,Low
14160,220000,36,0,0,0.024546969696969696,0.958089006851429,1,0.17756421999990005,17.76,Low
23301,340000,33,0,0,0.0584343137254902,0.924492055769005,0,0.17751341854554117,17.75,Low
13350,390000,38,0,0,0.08468675213675214,0.1028627369844626,0,0.17740630814863395,17.74,Low
18481,330000,25,0,0,0.1883828282828283,0.696641805049893,0,0.17720201264743143,17.72,Low
4227,320000,43,0,0,0.06739322916666667,0.8265079794427914,1,0.17718291211098725,17.72,Low
28238,360000,43,0,0,0.02554074074074074,1.833925464037123,0,0.17706053580574582,17.71,Low
248,100000,27,0,0,0.32749666666666666,0.042036051257519164,0,0.1767285370276967,17.67,Low
26912,150000,43,0,0,0.5655855555555556,0.05188919251827506,0,0.17665712935942396,17.67,Low
2031,500000,39,0,0,0.6285303333333334,0.04242701625113824,0,0.17674419638169062,17.67,Low
22834,170000,39,0,0,0.25944509803921567,0.13051610904116628,0,0.17669914538335532,17.67,Low
16129,200000,32,0,0,0.247005,0.4726624967105929,1,0.17661622347641953,17.66,Low
19560,160000,37,0,0,0.07844479166666667,0.3851700373139283,0,0.1763890917177667,17.64,Low
11095,300000,38,0,0,0.05675888888888889,0.855343264882642,0,0.17636805117795448,17.64,Low
14090,190000,38,0,0,0.5311263157894737,0.039637711318548464,0,0.1762724012446838,17.63,Low
20706,90000,39,0,0,0.4315277777777778,0.05192575903872975,0,0.17623063184195709,17.62,Low
727,360000,39,0,0,0.024124074074074072,0.7616105012666001,0,0.17624592404000078,17.62,Low
24745,130000,46,0,0,0.3449269230769231,0.05108848771385987,0,0.1760347414830639,17.6,Low
7864,120000,37,0,0,0.6390569444444444,0.056724209501413755,0,0.17592141615078433,17.59,Low
17470,90000,32,0,0,0.4951203703703704,0.03927215604136667,0,0.17577356350619155,17.58,Low
114,100000,24,0,0,0.5586433333333334,0.05330174887972648,0,0.1756515258493917,17.57,Low
27121,150000,31,0,0,0.2743144444444444,0.4995807730787458,0,0.1757266429799027,17.57,Low
16471,240000,58,0,0,0.022703472222222222,0.8755696938182486,0,0.17565722517887478,17.57,Low
24964,280000,42,0,0,0.04084107142857143,0.9152201477854051,0,0.17560918162014752,17.56,Low
27986,120000,29,0,0,0.8270638888888889,0.04194724980939938,0,0.1754540393906071,17.55,Low
24349,450000,32,0,0,0.46364666666666665,0.10572706227443311,0,0.17545921812081935,17.55,Low
14380,160000,35,0,0,0.2545385416666667,0.04174220505244376,0,0.17545413368488477,17.55,Low
22617,170000,39,0,0,0.12079215686274511,0.05455002921888189,0,0.1754787363746117,17.55,Low
28370,80000,42,0,0,0.4277875,0.054695185499030866,0,0.17529123261889648,17.53,Low
11932,320000,34,0,0,0.08024010416666666,0.8897190074061573,0,0.175293250781904,17.53,Low
19583,80000,44,0,0,0.1676375,0.332848656575448,0,0.17517648377972617,17.52,Low
27182,230000,45,0,0,0.12070144927536232,0.05271120503337976,0,0.17518324447592062,17.52,Low
13226,80000,29,0,0,0.5337020833333334,0.12104911838299301,0,0.1750624843801785,17.51,Low
12344,230000,28,0,0,0.13652898550724638,0.11675070325354281,0,0.17499127393029268,17.5,Low
9967,170000,33,0,0,0.9773421568627451,0.04373104728811332,0,0.17486261336732564,17.49,Low
26573,90000,55,0,0,0.3989870370370371,0.04879022338978803,0,0.17494633913520471,17.49,Low
23134,280000,37,0,0,0.5753142857142857,0.04729816415044365,1,0.17479330628644907,17.48,Low
28237,400000,40,0,0,0.09434125,1.0180417721127644,0,0.1747655086513243,17.48,Low
3539,260000,39,0,0,0.012011538461538462,0.7935745543814708,1,0.1748249771732348,17.48,Low
12717,200000,29,0,0,0.0534625,0.05521003818876159,0,0.17472506979936453,17.47,Low
21212,250000,45,0,0,0.3965206666666667,0.03715317066281539,0,0.17470069258455576,17.47,Low
17043,300000,24,0,0,0.042540555555555554,0.30199939926605984,0,0.17461376149371996,17.46,Low
23880,360000,27,0,0,0.005101851851851852,0.7499092558983667,0,0.17454475144288145,17.45,Low
3284,230000,27,0,0,0.4150768115942029,0.03535577490459248,0,0.17443975516015042,17.44,Low
25482,210000,29,0,0,0.22322619047619047,0.042664391232467604,0,0.1744351265714735,17.44,Low
22062,80000,28,0,0,0.8822666666666666,0.06966431162158078,0,0.17426827137081244,17.43,Low
1685,120000,30,0,0,0.12718888888888888,0.1045033633266358,0,0.17421668849785465,17.42,Low
23164,170000,45,0,0,0.05741764705882353,0.5071030973602432,0,0.17416197554862956,17.42,Low
13934,200000,32,0,0,0.06338666666666667,0.8876866848969289,0,0.1740737797728734,17.41,Low
763,260000,35,0,0,0.16405576923076923,0.7502061134620419,0,0.17412028497484705,17.41,Low
29721,150000,39,0,0,0.14907111111111113,0.06633672222056587,0,0.1741070612094453,17.41,Low
9336,470000,30,0,0,0.5438156028368795,0.04408500482537364,0,0.1739475873814518,17.39,Low
24616,90000,31,0,0,0.6806166666666666,0.06812993663154057,0,0.1736525175255298,17.37,Low
19456,100000,47,0,0,0.4186783333333334,0.037861206096963855,0,0.1735787301444364,17.36,Low
25616,120000,28,0,0,0.7041,0.041982278401110955,0,0.17351205551697957,17.35,Low
29600,100000,38,0,0,0.101765,0.24577867308668666,0,0.17336975472286092,17.34,Low
28619,270000,42,0,0,0.01748888888888889,0.493999717633771,0,0.17316730343486378,17.32,Low
7002,520000,55,0,0,0.02206217948717949,1.0408373768777057,0,0.17323161499397294,17.32,Low
23434,190000,44,0,0,0.8596456140350877,0.05218490687717093,0,0.17322059137337525,17.32,Low
9761,280000,29,0,0,0.3949714285714286,0.03852147231867284,0,0.17301725467401602,17.3,Low
28902,230000,35,0,0,0.6094050724637681,0.035973549874610426,0,0.17293486407019554,17.29,Low
25941,360000,30,0,0,0.017906944444444444,0.2927428320277153,0,0.1728018185343058,17.28,Low
23244,140000,39,0,0,0.9225226190476191,0.04700878414389117,0,0.1727991442210241,17.28,Low
25561,500000,28,0,0,0.4821846666666667,0.03823984448558436,0,0.17273214162606226,17.27,Low
24454,110000,36,0,0,0.5609818181818181,0.045915170372291,0,0.17262049727254272,17.26,Low
11228,170000,29,0,0,0.09888529411764706,0.8781317232285377,0,0.17264517640137028,17.26,Low
18492,170000,27,0,0,0.9647254901960785,0.05457206154346456,0,0.17256154473343369,17.26,Low
18132,240000,37,0,0,0.13254236111111112,1.0025358768947035,0,0.17254528797081142,17.25,Low
3251,130000,27,0,0,0.6454871794871795,0.11111066973861922,0,0.17241497175553944,17.24,Low
29814,250000,35,0,0,0.05322266666666666,0.6321993135756695,0,0.17215789608721954,17.22,Low
17449,120000,33,0,0,0.12042777777777779,0.13869539142870324,1,0.17211755839327755,17.21,Low
12359,200000,41,0,0,0.03298583333333333,0.9660207664906652,0,0.17210178551777086,17.21,Low
9602,140000,24,0,0,0.15812738095238094,0.20119403434542676,0,0.17200674804921004,17.2,Low
8530,240000,35,0,0,0.07094166666666667,0.8920572457809625,0,0.17179688812168406,17.18,Low
4111,90000,29,0,0,0.09528333333333333,0.21440926670942415,0,0.17176646898411282,17.18,Low
21993,100000,29,0,0,0.5119983333333333,0.2906682638940882,0,0.17177324672810299,17.18,Low
8150,260000,27,0,0,0.3607685897435897,0.07665614189079938,0,0.17184528628794762,17.18,Low
11493,320000,37,0,0,0.5449375,0.0348864548686776,0,0.1716417930310529,17.16,Low
19091,70000,34,0,0,0.21728333333333333,0.3522501890224526,0,0.1712271253803214,17.12,Low
22071,100000,23,0,0,0.1887083333333333,0.26979907264296754,0,0.17103760190903253,17.1,Low
2262,100000,30,0,0,0.467365,0.0434457008975854,1,0.17100794628069602,17.1,Low
21664,60000,24,0,0,0.3747527777777778,0.052486454032658565,0,0.17091110475336135,17.09,Low
805,220000,29,0,0,0.028243181818181817,0.08181111021700062,0,0.17086223980700416,17.09,Low
12199,200000,29,0,0,0.7721033333333333,0.03779394813302192,0,0.1707442565885358,17.07,Low
19742,160000,32,0,0,0.03404375,0.9465454990514657,0,0.17067731110277692,17.07,Low
25980,200000,38,0,0,0.2065175,0.4292130206883194,0,0.17040528949204797,17.04,Low
26468,100000,49,0,0,0.41737,0.05200421688190335,0,0.17043286122512272,17.04,Low
2172,230000,34,0,0,0.0585340579710145,0.21144632754373152,0,0.17025679228223528,17.03,Low
17663,500000,46,0,0,0.269646,0.4294643099965634,0,0.1703373287891333,17.03,Low
16891,300000,37,0,0,0.062378333333333334,0.9521201271809122,0,0.17020448106650127,17.02,Low
24582,50000,47,0,0,0.3822,0.07849293563579278,0,0.17021989050944128,17.02,Low
27835,260000,26,0,0,0.5103467948717948,0.03322527039808275,0,0.17006302597040254,17.01,Low
12314,110000,51,0,0,0.48948939393939395,0.03745399504121487,0,0.1699544376443311,17.0,Low
12853,330000,33,0,0,0.43208383838383835,0.031114191737013252,0,0.16991321613897747,16.99,Low
8658,80000,26,0,0,0.34550625,0.08743208938574434,1,0.1698536677249258,16.99,Low
10556,400000,31,0,0,0.03833375,0.8440234345278855,0,0.16985500236386386,16.99,Low
16809,110000,38,0,0,0.37832727272727273,0.03911556452646418,0,0.16984671214015826,16.98,Low
7932,150000,22,0,0,0.09020555555555555,0.4952146332450576,0,0.16949957723643766,16.95,Low
17736,350000,50,0,0,0.6437742857142857,0.041844006254780214,1,0.16948127238666827,16.95,Low
17177,350000,29,0,0,0.5691066666666666,0.036315896927850165,0,0.1694005523336455,16.94,Low
5745,400000,36,0,0,0.023574583333333336,0.8748829070856678,0,0.16938080433722766,16.94,Low
19635,300000,41,0,0,0.04591833333333333,0.9870785089470436,0,0.16928736182221316,16.93,Low
16278,280000,32,0,0,0.7190928571428571,0.044699174555243214,0,0.16919846928861854,16.92,Low
23080,170000,47,0,0,0.21914705882352942,0.046973560595893166,0,0.16911239587827745,16.91,Low
211,220000,24,0,0,0.3181659090909091,0.24759571311898929,0,0.1688058943529692,16.88,Low
7841,150000,23,0,0,0.11027333333333333,0.7953166878262096,0,0.1686143183314406,16.86,Low
18264,90000,53,0,0,0.2936759259259259,0.0690229214616767,1,0.16864943548827233,16.86,Low
18195,450000,38,0,0,0.6472011111111111,0.06639014834818646,0,0.16846224703563487,16.85,Low
25652,210000,38,0,0,0.05216904761904762,0.3183636833858184,0,0.1684708767998259,16.85,Low
26157,290000,32,0,0,0.45539137931034485,0.03615811080780584,0,0.16852228065125657,16.85,Low
20747,50000,41,0,0,0.46092666666666665,0.15365423277744833,0,0.16838320623986608,16.84,Low
15029,340000,48,0,0,0.12031127450980393,0.28756697292562183,0,0.16826332764972513,16.83,Low
17604,210000,43,0,0,0.4106166666666667,0.035658716951082095,0,0.1683226917176989,16.83,Low
26626,170000,26,0,0,0.6123049019607842,0.04710423968579027,0,0.16821438599677568,16.82,Low
22690,340000,34,0,0,0.024716176470588234,0.23123301798853652,0,0.16810986767612757,16.81,Low
18675,230000,28,0,0,0.03918405797101449,0.1677331064837075,0,0.16813961891465248,16.81,Low
21476,460000,28,0,0,0.027136594202898552,0.3284377211370282,0,0.16796884107999413,16.8,Low
22339,120000,25,0,0,0.5316125,0.06250898080002926,0,0.16786479292795606,16.79,Low
14737,110000,41,0,0,0.36938939393939396,0.038015233985652,0,0.16782868371210205,16.78,Low
18559,310000,26,0,0,0.07781666666666667,0.032492970104809345,0,0.1675672667876089,16.76,Low
9292,230000,25,0,0,0.12817971014492754,0.606185835104699,0,0.16763151936185067,16.76,Low
10484,110000,43,0,0,0.2391030303030303,0.4580376153300213,0,0.1675863400152236,16.76,Low
7916,400000,29,0,0,0.0241525,1.7198530172859952,0,0.16749170383748008,16.75,Low
8423,220000,43,0,0,0.10064015151515152,0.9768677782377959,0,0.16748201320611464,16.75,Low
26396,300000,37,0,0,0.03469944444444445,0.9883123328903761,0,0.16739887120511993,16.74,Low
17296,360000,32,0,0,0.20023611111111111,0.5374950868188019,0,0.16744978341588093,16.74,Low
28572,120000,29,0,0,0.3108444444444445,0.10643944809837003,0,0.1671631362602887,16.72,Low
22033,50000,28,0,0,0.4705033333333334,0.32433351517169556,0,0.1669557483312877,16.7,Low
5955,200000,26,0,0,0.5473283333333333,0.04284752905781722,0,0.16700131405817278,16.7,Low
18746,230000,29,0,0,0.14499275362318842,0.05297616072767255,0,0.16700855210108623,16.7,Low
19400,320000,31,0,0,0.09662135416666666,0.6052190412531736,0,0.16688982675237968,16.69,Low
8439,170000,46,0,0,0.19278137254901961,0.5497744575029114,0,0.1667500334012571,16.68,Low
4563,200000,26,0,0,0.0425225,0.7909734062359143,0,0.1664526699795199,16.65,Low
14108,360000,29,0,0,0.07789351851851853,0.03850222882615156,0,0.16640270084657185,16.64,Low
9282,80000,23,0,0,0.1538375,0.554061374285637,0,0.16625378645637073,16.63,Low
8221,140000,26,0,0,0.6289845238095237,0.2403723310627296,0,0.16628147051529032,16.63,Low
18634,150000,27,0,0,0.11181888888888888,0.6593698142830172,0,0.16616988356409887,16.62,Low
22092,320000,29,0,0,0.0543984375,0.09445162525731246,0,0.1661048933605309,16.61,Low
2616,450000,37,0,0,0.019491111111111112,0.8399840383080607,0,0.16606650204274767,16.61,Low
26057,100000,27,0,0,0.6547516666666666,0.06217369944330039,0,0.16586625625599735,16.59,Low
28444,80000,36,0,0,0.5936666666666667,0.1164093206064009,0,0.16591262996926368,16.59,Low
22590,350000,33,0,0,0.06470666666666666,0.16806246504371375,0,0.16583910036668345,16.58,Low
9743,150000,27,0,0,0.1678288888888889,0.5578300650133072,0,0.1657260742969687,16.57,Low
11142,290000,29,0,0,0.4086293103448276,0.03230030308783922,0,0.16557418317424316,16.56,Low
27343,500000,37,0,0,0.067774,0.033601872891275905,0,0.16553677025563684,16.55,Low
8325,100000,40,0,0,0.33539166666666664,0.735756702362909,0,0.16517500360522483,16.52,Low
3745,120000,26,0,0,0.5643916666666666,0.3473011748145742,0,0.16517040781894426,16.52,Low
26426,180000,31,0,0,0.34908796296296296,0.03427184594777396,0,0.16516025805716883,16.52,Low
6817,120000,27,0,0,0.44814583333333335,0.4269133621557963,0,0.1649765282985583,16.5,Low
8682,450000,34,0,0,0.977565925925926,0.03860988062565071,0,0.16457105333688482,16.46,Low
1535,50000,44,0,0,0.35216666666666663,0.07580690960719356,0,0.16460343667704666,16.46,Low
27310,220000,34,0,0,0.20142651515151516,0.5236325752304585,0,0.16458911151707517,16.46,Low
19575,190000,43,0,0,0.5311824561403509,0.04790701975731073,0,0.16462729955095431,16.46,Low
7008,500000,44,0,0,0.07855166666666667,0.03699475928794212,0,0.16449629491569295,16.45,Low
25688,360000,34,0,0,0.019638425925925924,0.9288762111318042,0,0.16446911098096337,16.45,Low
18503,150000,26,0,0,0.3013388888888889,0.43344702346933134,0,0.16436932363428738,16.44,Low
17468,180000,29,0,0,0.7833601851851852,0.038626335503865704,0,0.16435116037818479,16.44,Low
4752,100000,29,0,0,0.6912383333333333,0.045025473606546705,0,0.16430142673354484,16.43,Low
23030,80000,37,0,0,0.00125,0.0,0,0.16398499064968802,16.4,Low
28070,210000,44,0,0,0.5191992063492064,0.13757450041348782,0,0.16383491906672332,16.38,Low
15528,190000,39,0,0,0.8131947368421053,0.038293842134444825,0,0.16376686431820373,16.38,Low
12720,400000,36,0,0,0.04133458333333333,0.5083414816084191,0,0.16368072976411574,16.37,Low
18697,200000,28,0,0,0.05488083333333333,1.5591508875290403,0,0.16368279292692342,16.37,Low
7679,90000,26,0,0,0.4223,0.07235509248296366,0,0.16357424095964587,16.36,Low
9796,250000,40,0,0,0.3089553333333333,0.05070851665720827,1,0.1635936935172819,16.36,Low
15171,160000,23,0,0,0.168146875,0.7010240303306261,0,0.16322142332236503,16.32,Low
5009,170000,31,0,0,0.18856666666666666,0.0639499214923728,0,0.16308881206226294,16.31,Low
18977,490000,29,0,0,0.01998469387755102,0.46619011147987405,0,0.163023324928409,16.3,Low
2748,290000,38,0,0,0.5234080459770115,0.03844168963359064,0,0.16292936515720854,16.29,Low
9138,200000,35,0,0,0.11853833333333334,0.43270109528563194,0,0.16285208535070025,16.29,Low
17536,190000,45,0,0,0.4255473684210526,0.03793669247450136,0,0.16290866112819646,16.29,Low
10736,130000,27,0,0,0.3143,0.05092717230801863,0,0.1627549756317708,16.28,Low
21307,110000,51,0,0,0.433210606060606,0.04546742259171304,0,0.16268841314158441,16.27,Low
24438,210000,35,0,0,0.6641039682539683,0.03969664340661901,0,0.16261747181583297,16.26,Low
4187,180000,46,0,0,0.23546666666666666,0.14681247640619102,0,0.16257829001185103,16.26,Low
15549,450000,36,0,0,0.011725555555555555,0.8844562367731135,1,0.1621713609747541,16.22,Low
25880,200000,32,0,0,0.08201,0.21593911311628664,0,0.16218966898451992,16.22,Low
16140,280000,33,0,0,0.07806428571428571,0.051056821301125446,0,0.16215946673267137,16.22,Low
25560,280000,28,0,0,0.4594982142857143,0.032118369287408494,0,0.16211562766873258,16.21,Low
1167,200000,52,0,0,0.5339108333333333,0.03904834296613199,0,0.16214686198686837,16.21,Low
28071,140000,35,0,0,0.5771714285714286,0.04381383759879874,0,0.16196914714565921,16.2,Low
6474,170000,23,0,0,0.18853039215686276,0.06910000468016286,0,0.16196527406025918,16.2,Low
24385,500000,49,0,0,0.09257,1.0168233048863924,0,0.16198577717685772,16.2,Low
11631,410000,25,0,0,0.026345121951219512,1.167399589563178,0,0.1615273954610835,16.15,Low
24329,330000,48,0,0,0.015931818181818182,0.8987795213187509,0,0.16154397870050002,16.15,Low
13794,140000,27,0,0,0.39372142857142856,0.044810507791948624,0,0.16152613965403032,16.15,Low
24689,500000,46,0,0,0.016192333333333333,1.2749243469131482,0,0.16151377012904036,16.15,Low
23644,200000,31,0,0,0.029345,1.0794854319304823,0,0.1613182642726102,16.13,Low
25812,200000,38,0,0,0.040045833333333336,0.6661741754239934,0,0.16134431733341703,16.13,Low
9354,140000,28,0,0,0.08736190476190475,0.05719230349940042,0,0.16126983802268013,16.13,Low
16916,390000,64,0,0,0.10114401709401709,0.03957292005560321,0,0.16117802680089316,16.12,Low
24729,200000,38,0,0,0.5791233333333333,0.06449978991233876,0,0.16108988739832922,16.11,Low
1588,550000,31,0,0,0.06208939393939394,0.038068278874545496,0,0.16102308373946678,16.1,Low
19203,280000,36,0,0,0.5711880952380952,0.03457079854438743,0,0.16059969426063586,16.06,Low
19963,260000,42,0,0,0.042421153846153845,0.7589343729694606,0,0.16040707444646338,16.04,Low
18809,210000,31,0,0,0.07168095238095239,0.2659049137491973,0,0.1604155579468665,16.04,Low
20060,150000,47,0,0,0.09689222222222223,0.5832597502379505,0,0.16039813101423392,16.04,Low
12597,110000,49,0,0,0.5041333333333333,0.05710370031978072,0,0.1602879299712753,16.03,Low
15869,220000,28,0,0,0.09558560606060605,0.07941477178160145,0,0.1601484466731176,16.01,Low
28627,80000,31,0,0,0.1613,0.2942240132258731,0,0.160117042325315,16.01,Low
4683,500000,47,0,0,0.059140333333333336,1.0022545245489543,0,0.1601134671914367,16.01,Low
16263,100000,33,0,0,0.501345,0.07014796863104915,0,0.1599547934727165,16.0,Low
23564,200000,39,0,0,0.00041666666666666664,0.0,0,0.15992115348158525,15.99,Low
7750,250000,44,0,0,0.06492066666666667,0.9571990429344533,1,0.15988095210949055,15.99,Low
15636,270000,38,0,0,0.15637716049382716,0.5121836648495447,0,0.1596463775895112,15.96,Low
15698,130000,33,0,0,0.19056153846153845,0.059520445646469945,0,0.15947309148152164,15.95,Low
9277,450000,31,0,0,0.016083703703703704,1.765347948233777,0,0.15952735807477733,15.95,Low
29030,100000,28,0,0,0.76742,0.05038527360072277,0,0.15944992735713556,15.94,Low
392,280000,39,1,1,0.10413928571428571,0.2782674302959635,1,0.1592734619263351,15.93,Low
11513,240000,32,0,0,0.02303125,1.084366048545153,0,0.15926768815523953,15.93,Low
5328,210000,28,0,0,0.1935468253968254,0.04920674624491018,0,0.15905659209753129,15.91,Low
10466,300000,29,0,0,0.3000022222222222,0.2870349108525122,0,0.15910183973357492,15.91,Low
17523,120000,44,0,0,0.15760555555555555,0.10574923331805844,0,0.15909528411810278,15.91,Low
22255,220000,29,0,0,0.08445833333333333,1.1764811409606672,0,0.1588818468774177,15.89,Low
21346,350000,57,0,0,0.7682695238095237,0.04834612852880252,0,0.15868611256440468,15.87,Low
9359,450000,28,0,0,0.02650740740740741,0.413944390107587,0,0.158581504135601,15.86,Low
22009,230000,28,0,0,0.3851644927536232,0.03604144286179253,0,0.15850017175044848,15.85,Low
14332,490000,42,0,0,0.02927687074829932,0.6045728094430374,0,0.158102947033752,15.81,Low
14508,180000,27,0,0,0.3537537037037037,0.30111188470739736,0,0.15808428615392156,15.81,Low
24137,240000,29,0,0,0.3977763888888889,0.03683672079860614,0,0.1578200831720857,15.78,Low
27718,100000,24,0,0,0.73773,0.0514144741301018,0,0.15766253856096157,15.77,Low
20166,150000,34,0,0,0.0964688888888889,0.9343945083043468,0,0.1575342214338857,15.75,Low
9394,170000,42,0,0,0.769556862745098,0.04232382272456264,0,0.1573311828487256,15.73,Low
26753,120000,28,0,0,0.44916944444444445,0.046381902400108845,0,0.15734205690847275,15.73,Low
4036,360000,36,0,0,0.09403101851851851,0.02935890934335104,0,0.15726290016777883,15.73,Low
2724,180000,47,0,0,0.06471666666666667,0.38855981915472,0,0.15700110095496597,15.7,Low
8489,180000,32,0,0,0.8013759259259259,0.041175709370226674,0,0.1569940970928493,15.7,Low
8147,250000,35,0,0,0.00106,0.16855345911949685,0,0.1569130714174928,15.69,Low
10247,180000,35,0,0,0.4569370370370371,0.046403994390993165,0,0.1567459396915202,15.67,Low
7891,440000,31,0,0,0.030030303030303032,0.17850655903128154,0,0.15664333283656642,15.66,Low
15521,180000,32,0,0,0.11152777777777778,1.6184557907845578,0,0.1566117625057211,15.66,Low
8289,80000,42,0,0,0.27798541666666665,0.07119678040664604,1,0.15646224204518386,15.65,Low
913,140000,46,0,0,0.5191190476190477,0.04586524790166491,0,0.15637078318985487,15.64,Low
24708,200000,43,0,0,0.07038333333333333,0.9883613544873313,0,0.15619570973515443,15.62,Low
6854,290000,34,0,0,0.33958735632183906,0.2670583974465291,1,0.15624027473940377,15.62,Low
10784,200000,24,0,0,0.7679541666666667,0.037048651992035116,0,0.15618048269288134,15.62,Low
24478,280000,31,0,0,0.534052380952381,0.0309081060356127,0,0.156234156573976,15.62,Low
11807,180000,68,0,0,0.7626148148148147,0.09955999339504434,0,0.15620424874804464,15.62,Low
9230,390000,37,0,0,0.49094102564102565,0.05206206117329183,0,0.15598393995603546,15.6,Low
19120,110000,35,0,0,0.21896969696969698,0.05388181566565181,0,0.1559016677423791,15.59,Low
24849,390000,48,0,0,0.05034529914529915,0.11810742903707727,0,0.15584736263325685,15.58,Low
13320,200000,54,0,0,0.5827475,0.03897056615429496,0,0.15584296970325315,15.58,Low
29629,150000,29,0,0,0.6631166666666667,0.05346469952497047,0,0.1557720490791529,15.58,Low
7779,230000,45,0,0,0.20172536231884058,0.03956807397056552,0,0.1555959306672486,15.56,Low
26691,110000,26,0,0,0.4295348484848485,0.09746625137128606,0,0.15557278044208106,15.56,Low
24803,140000,26,0,0,0.1825904761904762,0.07520081368662633,0,0.15550557726183825,15.55,Low
28813,420000,37,0,0,0.0448781746031746,0.125321637943993,0,0.15541216600239122,15.54,Low
3663,180000,31,0,0,0.1458,0.5553205812122136,0,0.1553663775259532,15.54,Low
13875,180000,41,0,0,0.5419185185185185,0.04181645457154964,0,0.15526203820993772,15.53,Low
24003,400000,27,0,0,0.031855416666666664,0.2160935476698102,0,0.15531189126797545,15.53,Low
18751,310000,26,0,0,0.0427241935483871,0.28857261504775567,0,0.15526540516005702,15.53,Low
2315,120000,31,0,0,0.24872916666666667,0.07528827093279727,0,0.1551873318887258,15.52,Low
18542,170000,24,0,0,0.5957901960784313,0.3041289702586448,0,0.15514058928727065,15.51,Low
26142,360000,30,0,0,0.0437462962962963,0.5455911611565,0,0.15497181076106825,15.5,Low
21443,160000,25,0,0,0.5195416666666667,0.04075306760766701,0,0.15497347934849065,15.5,Low
3686,200000,32,0,0,0.06041583333333333,1.173478254872481,0,0.15490531561609278,15.49,Low
22383,140000,34,0,0,0.37641071428571427,0.047244492939260245,0,0.15483293518899133,15.48,Low
6794,310000,29,0,0,0.40600913978494624,0.027933848620919334,0,0.15484503326269433,15.48,Low
11729,120000,25,0,0,0.059040277777777775,0.7505704674304265,0,0.15477201602506768,15.48,Low
16196,400000,35,0,0,0.021424166666666664,1.1043019954101676,1,0.15472999564207796,15.47,Low
25083,260000,48,0,0,0.5802570512820513,0.04021206339807402,0,0.15459485286730998,15.46,Low
7333,220000,29,0,0,0.07112651515151515,0.17069455835206152,0,0.15447839337072056,15.45,Low
20517,150000,24,0,0,0.44083777777777783,0.33953532919642904,0,0.1541555279618032,15.42,Low
5867,250000,30,0,0,0.6855106666666666,0.03815841426245738,0,0.15405299986238516,15.41,Low
524,140000,42,0,0,0.596997619047619,0.054173862063739586,1,0.153852636302187,15.39,Low
12622,230000,30,0,0,0.6924898550724637,0.04029358458659992,0,0.15387726664991322,15.39,Low
10093,180000,43,0,0,0.07969074074074074,1.1030604419863825,0,0.15369922623264207,15.37,Low
28760,200000,33,0,0,0.06594166666666668,0.18956148110703905,0,0.15363324573725198,15.36,Low
4620,150000,43,0,0,0.5539711111111112,0.05447736945769334,0,0.15358608333004084,15.36,Low
17463,190000,46,0,0,0.5766991228070175,0.0691260151162773,0,0.15357932570290012,15.36,Low
17673,210000,46,0,0,0.5112928571428571,0.03636750286000785,0,0.15297021495092383,15.3,Low
2024,100000,39,0,0,0.39192333333333335,1.0322597106576967,0,0.15291573867649041,15.29,Low
6070,270000,27,0,0,0.24112962962962964,0.5401530860404987,0,0.1529046790729265,15.29,Low
25866,260000,34,0,0,0.5674083333333333,0.05048595898806652,0,0.1528019811594681,15.28,Low
27291,240000,35,0,0,0.05798402777777777,0.08781153813909481,0,0.1527900928376444,15.28,Low
24321,780000,48,0,0,0.23756303418803418,0.05399826406846586,0,0.15281816244087537,15.28,Low
7256,210000,54,0,0,0.06006587301587302,0.1480121031143057,0,0.1527131746730972,15.27,Low
20812,260000,43,0,0,0.5799141025641025,0.06411205903615257,0,0.15271011034368842,15.27,Low
16453,80000,55,0,0,0.5482083333333333,0.1143725773352588,0,0.15268832956973866,15.27,Low
4672,110000,26,0,0,0.3988090909090909,0.08472193728297127,0,0.15272083702248337,15.27,Low
20345,120000,63,0,0,0.4050027777777778,0.044581312885371156,0,0.15272704448769114,15.27,Low
757,140000,26,0,0,0.10748690476190476,0.505499008738606,0,0.15261340601199422,15.26,Low
3069,160000,23,0,0,0.379328125,0.28304980022243276,0,0.15251039865727886,15.25,Low
18803,150000,26,0,0,0.41249222222222226,0.039057975503915224,0,0.15242540433718987,15.24,Low
27901,110000,28,0,0,0.3461181818181818,0.03679773067528169,0,0.15244722505452998,15.24,Low
21,130000,39,0,0,0.15882435897435898,0.34089423084684745,0,0.1524114569968136,15.24,Low
29960,290000,32,0,0,0.10928850574712644,0.8646417265279078,0,0.15231559313777351,15.23,Low
22502,230000,33,0,0,0.18158333333333332,0.04948420695572361,0,0.1523224743900001,15.23,Low
2396,110000,27,0,0,0.4922151515151515,0.038631788267018,0,0.15218542555809128,15.22,Low
15052,200000,45,0,0,0.3907375,0.05073525491325165,0,0.15218172911165181,15.22,Low
6600,120000,30,0,0,0.3977861111111111,0.06757539995670482,0,0.15208751338966514,15.21,Low
25685,270000,39,0,0,0.33696975308641974,0.0386194313516801,0,0.1520802647847427,15.21,Low
6883,230000,45,0,0,0.6578572463768115,0.03811231677724012,0,0.15198753609807258,15.2,Low
29378,120000,28,0,0,0.7837541666666666,0.05060579156942281,0,0.15202824378840696,15.2,Low
29581,180000,36,0,0,0.43529444444444443,0.07979698713939905,0,0.15199005410892263,15.2,Low
7232,180000,45,0,0,0.6582648148148148,0.04072013120915538,0,0.15196153103983345,15.2,Low
26282,260000,29,0,0,0.03631346153846154,0.35352786456954227,0,0.15192678090305428,15.19,Low
13402,420000,27,0,0,0.19355912698412697,0.3048102687952699,1,0.15174729166909168,15.17,Low
25735,200000,46,0,0,0.04323833333333333,0.9693944416605635,0,0.15172700803601172,15.17,Low
18200,230000,42,0,0,0.14234202898550724,0.10943227172762075,0,0.15166056420407764,15.17,Low
25209,80000,23,0,0,0.54095625,0.10273859176843475,0,0.15166009551826584,15.17,Low
18392,170000,23,0,0,0.08269607843137255,0.14570243034973326,0,0.1512806835770986,15.13,Low
20946,120000,32,0,0,0.08428194444444445,1.000082395399041,0,0.1512297408122227,15.12,Low
7191,100000,33,0,0,0.6897,0.2224566236527959,0,0.15113031879870267,15.11,Low
15514,260000,32,0,0,0.5683346153846154,0.038594544113367664,1,0.15105561217987623,15.11,Low
23366,280000,48,0,0,0.5125916666666667,0.03564751484635733,0,0.15083231538785877,15.08,Low
12039,260000,28,0,0,0.49020128205128205,0.037406141380960725,0,0.15078799809644064,15.08,Low
8754,150000,44,0,0,0.2904522222222222,0.048828072698894824,0,0.15083347267197994,15.08,Low
19744,200000,48,0,0,0.36330083333333335,0.14980697814712784,0,0.1508389417931391,15.08,Low
23425,300000,31,0,0,0.19122166666666668,0.6698799241136668,0,0.1506559743456268,15.07,Low
14416,150000,41,0,0,0.4947577777777778,0.036653177087778085,0,0.1504894915828564,15.05,Low
22379,240000,29,0,0,0.7090590277777777,0.0375340949713284,0,0.15032725612160602,15.03,Low
12777,280000,44,0,0,0.5410184523809524,0.030818198921566578,0,0.15029314523557127,15.03,Low
6604,200000,40,0,0,0.06672,0.0925259792166267,0,0.1502782988378171,15.03,Low
9045,500000,36,0,0,0.38071,0.4227469727614194,0,0.15026474082194097,15.03,Low
18477,240000,26,0,0,0.5364347222222222,0.03937390124613899,0,0.1502384183771333,15.02,Low
12251,340000,39,0,0,0.08446176470588235,0.47307053893744705,0,0.15024519813816653,15.02,Low
7305,180000,37,0,0,0.4288,0.03969518725815368,0,0.15015663986094835,15.02,Low
29328,90000,27,0,0,0.19898333333333335,0.0763138546872528,0,0.1499620297370025,15.0,Low
7315,90000,28,0,0,0.12498518518518519,0.4222722693059918,1,0.14999867627604213,15.0,Low
16393,80000,40,0,0,0.17778541666666667,0.357699473850733,0,0.1498675661601855,14.99,Low
1173,220000,38,0,0,0.08632272727272727,0.9915047478630228,0,0.1497777065212312,14.98,Low
10677,380000,40,0,0,0.07406535087719297,0.5796031243152977,0,0.14960114684485135,14.96,Low
27917,110000,28,0,0,0.5246666666666667,0.17247314312117362,0,0.14952550484333418,14.95,Low
17993,440000,37,0,0,0.49541931818181817,0.13301480915692018,0,0.14953314948828325,14.95,Low
5914,150000,26,0,0,0.6600277777777778,0.050502924961070665,0,0.14954134928062873,14.95,Low
25837,170000,31,0,0,0.6312764705882353,0.043953893604927456,0,0.14947136722858975,14.95,Low
29635,210000,31,0,0,0.1832690476190476,0.05351660105924588,0,0.14946392297320732,14.95,Low
12432,200000,56,0,0,0.09273416666666666,0.08986260008447085,0,0.14943612358930888,14.94,Low
14927,230000,24,0,0,0.09573333333333334,0.6380495337289572,0,0.14933303272863316,14.93,Low
2214,210000,25,0,0,0.21200952380952381,0.5176130152883219,0,0.14924177125081006,14.92,Low
11329,250000,30,0,0,0.06327466666666666,0.3476904922454484,0,0.14915219960110165,14.92,Low
1421,200000,31,0,0,0.14758833333333335,0.49635811322033135,0,0.14911176868489295,14.91,Low
28726,200000,37,0,0,0.0755225,1.0052854005980558,0,0.14889225626851585,14.89,Low
6746,310000,26,0,0,0.144002688172043,0.04480203102540649,0,0.14891608239543244,14.89,Low
24988,330000,45,0,0,0.2724843434343434,0.036625216164768985,0,0.14878663082456062,14.88,Low
7581,360000,38,0,0,0.33369537037037034,0.15218193573091449,0,0.14878747989600102,14.88,Low
5574,230000,33,0,0,0.6036934782608696,0.037210552912806075,0,0.14860112795799793,14.86,Low
14319,140000,24,0,0,0.11455,0.07692627465652345,0,0.14848018895612336,14.85,Low
12278,60000,39,0,0,0.37203888888888886,0.16536503053742888,0,0.14848955233250785,14.85,Low
27529,360000,51,0,0,0.04852314814814814,0.6285087300830073,0,0.14830885248377887,14.83,Low
20648,200000,37,0,0,0.43518833333333334,0.039166950707165096,0,0.1482898602540421,14.83,Low
13204,220000,24,0,0,0.24924848484848483,0.03960693964888392,0,0.14805494385040116,14.81,Low
15285,490000,41,0,0,0.3346476190476191,0.03267423139783547,0,0.14785927584023104,14.79,Low
28285,180000,41,0,0,0.691100925925926,0.03763453105552199,0,0.14759562217609365,14.76,Low
16761,110000,38,0,0,0.42531060606060606,0.03797937336349549,0,0.14741758090676485,14.74,Low
8874,360000,42,0,0,0.044633796296296296,0.5724050659170824,0,0.14724208613482104,14.72,Low
15694,360000,29,0,0,0.4812680555555556,0.1285040772881056,0,0.14714011239205846,14.71,Low
4198,160000,25,0,0,0.08209583333333334,0.9449703090899862,0,0.14702525813674142,14.7,Low
1389,220000,39,0,0,0.5715022727272727,0.17100067207240885,0,0.14686637428733001,14.69,Low
16267,190000,46,0,0,0.6881236842105263,0.036798515158816054,0,0.14682040596496326,14.68,Low
22093,190000,28,0,0,0.48138070175438596,0.03972491408120647,0,0.14678590476747422,14.68,Low
22945,220000,35,0,0,0.2160068181818182,0.04208621360857717,0,0.1467359598484346,14.67,Low
21732,180000,26,0,0,0.05235462962962963,0.9659020568416957,0,0.14673258932028582,14.67,Low
9104,90000,32,0,0,0.22398333333333334,0.5291398996287753,0,0.14639860105503189,14.64,Low
11876,350000,29,0,0,0.11192142857142857,0.05185185185185185,0,0.1463892920760688,14.64,Low
8566,180000,40,0,0,0.49144629629629627,0.0451464121395277,0,0.14625872870260828,14.63,Low
2711,320000,36,0,0,0.5553369791666667,0.07816200186260781,0,0.14621058898408984,14.62,Low
25129,290000,51,0,0,0.6418385057471264,0.03826292824402601,0,0.14593240901024346,14.59,Low
12728,270000,29,0,0,0.374279012345679,0.03450090049675755,0,0.14561103741051368,14.56,Low
8983,180000,42,0,0,0.45766111111111113,0.12647033831437623,0,0.14564065344124724,14.56,Low
16284,230000,34,0,0,0.619768115942029,0.03887381910017772,0,0.1456190877012384,14.56,Low
8649,180000,37,0,0,0.6874092592592593,0.03708233544629459,0,0.1455126563803015,14.55,Low
20716,180000,39,0,0,0.14607777777777778,0.05292081843766639,0,0.1455096016615038,14.55,Low
16343,160000,45,0,0,0.6961322916666667,0.04007409990019258,0,0.14541503332254002,14.54,Low
10204,130000,32,0,0,0.46364102564102566,0.06359915938502378,0,0.14544607351462724,14.54,Low
2619,80000,27,0,0,0.31102291666666665,0.12749596425772486,0,0.1453111788285753,14.53,Low
9133,250000,36,0,0,0.5997233333333334,0.043353324032748435,0,0.14512535456634698,14.51,Low
5053,100000,25,0,0,0.10678666666666665,0.7304906979647896,0,0.14495761070413435,14.5,Low
27562,230000,56,0,0,0.1703442028985507,0.042390726363926406,0,0.1449230353349261,14.49,Low
25106,100000,55,0,0,0.18904833333333332,0.16750566433628084,0,0.14491631893126697,14.49,Low
23627,270000,43,0,0,0.38421419753086417,0.03542905433086932,0,0.1448299688013859,14.48,Low
18164,200000,46,0,0,0.2769316666666667,0.0397902009521001,0,0.14481182713284188,14.48,Low
22451,80000,38,0,0,0.18820833333333334,0.13283152534868276,0,0.14467151445367327,14.47,Low
18543,150000,24,0,0,0.21790222222222222,0.04656522803296076,0,0.1445627398867502,14.46,Low
18483,110000,24,0,0,0.6007575757575757,0.04665825977301387,0,0.144553967727287,14.46,Low
15907,180000,30,0,0,0.7401305555555555,0.04328565655959096,0,0.14450734378736735,14.45,Low
449,200000,42,0,0,0.14195583333333334,0.0706968716795717,0,0.144441171588271,14.44,Low
12600,150000,38,0,0,0.26920333333333335,0.042099528237639454,0,0.14436876031335372,14.44,Low
20334,350000,64,0,0,0.08778428571428572,0.07594373654032884,0,0.14426778830031314,14.43,Low
4073,360000,35,0,0,0.02906203703703704,0.9206359320737885,0,0.14431774896811064,14.43,Low
23099,220000,47,0,0,0.5207416666666667,0.053100254735742584,0,0.14423699995806843,14.42,Low
5264,180000,33,0,0,0.15001296296296296,0.23107262335353734,0,0.14422549491610412,14.42,Low
11510,170000,34,0,0,0.6748686274509804,0.042586356676535445,0,0.14395335648849542,14.4,Low
26784,80000,30,0,0,0.56375625,0.10357978292923582,0,0.14384537038094647,14.38,Low
14925,280000,38,0,0,0.7896494047619048,0.05728883598884677,0,0.14383300056472142,14.38,Low
7089,190000,55,0,0,0.5110184210526316,0.04628184859611268,0,0.14384321233506184,14.38,Low
7122,260000,47,0,0,0.6684692307692308,0.049865172245812286,0,0.143666217010424,14.37,Low
21445,110000,28,0,0,0.46315454545454543,0.04383640515306757,0,0.1436614701076248,14.37,Low
5316,330000,28,0,0,0.12359898989898989,0.04045340503256704,0,0.14359273827553606,14.36,Low
10733,260000,32,0,0,0.5945397435897436,0.03658831114781742,1,0.14356718320761128,14.36,Low
20935,360000,42,0,0,0.056497685185185186,0.7473183922645142,0,0.14356461087021646,14.36,Low
254,160000,28,0,0,0.35144895833333334,0.39215924550447406,0,0.14352101532097336,14.35,Low
4154,280000,30,0,0,0.04958988095238095,0.9543757727070855,0,0.1434776090156981,14.35,Low
24732,500000,30,0,0,0.12472366666666668,0.9506776313503719,0,0.143445485986025,14.34,Low
19990,130000,32,0,0,0.2914025641025641,0.04158050806444517,0,0.14343504989648184,14.34,Low
1552,230000,29,0,0,0.14278115942028985,0.08685126726824267,0,0.14344014571225103,14.34,Low
5288,200000,57,0,0,0.4208308333333334,0.055049831979199874,0,0.14334950126913715,14.33,Low
865,200000,32,0,0,0.23316083333333332,0.047831789930412844,0,0.14327176881709408,14.33,Low
27532,420000,59,0,0,0.05264404761904762,0.12901110332195112,0,0.14319146950205236,14.32,Low
27162,300000,40,0,0,0.1496477777777778,0.054201346866345416,0,0.14320528585713388,14.32,Low
8086,500000,35,0,0,0.426505,0.05671758439721301,0,0.14292766289221168,14.29,Low
15145,330000,28,0,0,0.08502575757575757,0.0492958164786666,0,0.14288048929233255,14.29,Low
5910,140000,30,0,0,0.7407309523809523,0.045804176698049225,0,0.14281410033576158,14.28,Low
19939,290000,45,0,0,0.12253160919540229,0.04225510658755658,0,0.14268016034517395,14.27,Low
29970,200000,33,0,0,0.36163416666666665,0.057592732987526526,0,0.14253821840303868,14.25,Low
5442,360000,42,0,0,0.02638148148148148,0.7299768356029763,0,0.14235673523742598,14.24,Low
17988,240000,36,0,0,0.4172138888888889,0.07490162919365899,0,0.142166745600143,14.22,Low
21999,190000,27,0,0,0.5362,0.04495573136496594,0,0.14218296474345593,14.22,Low
26305,90000,29,0,0,0.14150555555555555,1.1387591116694804,0,0.14204356094931997,14.2,Low
16056,200000,46,0,0,0.65825,0.07932902899101152,0,0.1418552597120579,14.19,Low
3060,180000,26,0,0,0.06164907407407408,0.14379477628752949,0,0.1418776824652453,14.19,Low
27096,140000,30,0,0,0.22402142857142857,0.7911551828587826,0,0.14180475136401394,14.18,Low
13081,180000,33,0,0,0.1368175925925926,0.10556093203305293,0,0.1418206152756648,14.18,Low
25076,400000,48,0,0,0.04417875,0.9740354054079544,0,0.1416460555891777,14.16,Low
5362,230000,34,0,0,0.5749565217391305,0.03658121597096189,0,0.14152106693862515,14.15,Low
5183,150000,36,0,0,0.09047222222222223,1.0573165489714462,0,0.14116718943704265,14.12,Low
25497,500000,29,0,0,0.19256066666666666,0.03718308688863423,0,0.14078289262044963,14.08,Low
21995,170000,26,0,0,0.06668137254901961,0.13702859663309563,0,0.1406796791250984,14.07,Low
9021,170000,42,0,0,0.2365392156862745,0.0456335226095246,0,0.1404167252703729,14.04,Low
182,80000,35,0,0,0.26976458333333336,0.2239607064801872,0,0.14032275977266762,14.03,Low
5121,150000,37,0,0,0.4246,0.03920029308630345,0,0.14021167048831296,14.02,Low
9642,150000,29,0,0,0.5409144444444445,0.061624039948810966,0,0.1401176102401904,14.01,Low
6288,200000,33,0,0,0.30127166666666666,0.0780939683452919,0,0.1400425276748427,14.0,Low
25593,360000,47,0,0,0.23934305555555555,0.0338677823749809,0,0.14000095833693715,14.0,Low
2828,150000,57,0,0,0.06537222222222222,0.9961417523582902,0,0.1399432627591113,13.99,Low
19075,260000,37,0,0,0.5720211538461538,0.04821858614247949,0,0.1398625263593727,13.99,Low
22324,470000,30,0,0,0.057527304964539006,0.13455220154474903,0,0.13993727597437533,13.99,Low
2443,240000,55,0,0,0.11732083333333333,0.07990908122314166,0,0.13969912194486067,13.97,Low
1567,280000,37,0,0,0.12205535714285715,0.08470492994494107,0,0.13974472404490434,13.97,Low
19391,370000,42,0,0,0.5659094594594595,0.04082959821510301,0,0.13961094286520115,13.96,Low
29919,190000,33,0,0,0.6602236842105264,0.03999441975407059,0,0.13958529529274724,13.96,Low
1078,500000,35,0,0,0.11514266666666667,0.4965694732332063,0,0.13935295784085558,13.94,Low
9838,180000,30,0,0,0.11401944444444445,0.8202954336898353,0,0.13941771230837224,13.94,Low
26011,400000,39,0,0,0.04311375,0.6068732906168759,0,0.13913418707715383,13.91,Low
18183,240000,30,0,0,0.025077083333333333,0.7322145606601866,0,0.138665207758516,13.87,Low
5909,140000,40,0,0,0.4432416666666667,0.05207306559089823,0,0.13847840959003588,13.85,Low
12506,150000,37,0,0,0.30579111111111107,0.0497616383006555,0,0.13854189469282036,13.85,Low
24062,120000,27,0,0,0.21982222222222222,0.0693742418115649,0,0.13827744292050892,13.83,Low
3280,170000,48,0,0,0.31554313725490196,0.9520962921076016,0,0.1382055360764521,13.82,Low
17894,200000,30,0,0,0.15894416666666666,0.40642154215578846,0,0.13821297288050816,13.82,Low
15289,300000,28,0,0,0.024228333333333334,0.8186237417165394,0,0.13783344218859986,13.78,Low
24623,260000,38,0,0,0.3373051282051282,0.03867190172483257,0,0.13777895745046598,13.78,Low
26954,200000,44,0,0,0.24338416666666668,0.027449745087498846,0,0.13768582259006185,13.77,Low
25699,200000,27,0,0,0.030820833333333335,0.9709612004866838,0,0.13759284065740915,13.76,Low
21827,260000,26,0,0,0.5744775641025641,0.04697690766973337,0,0.13761599452076362,13.76,Low
22440,260000,38,0,0,0.3310724358974359,0.0443837335155952,0,0.1373770138261976,13.74,Low
28446,100000,47,0,0,0.3033133333333333,0.11849682396641537,0,0.137255981049583,13.73,Low
28275,430000,42,0,0,0.21051976744186046,0.036449098852784086,0,0.13732286759384063,13.73,Low
4478,100000,40,0,0,0.28565666666666667,0.09923334539132059,0,0.13709623303943294,13.71,Low
5438,240000,33,0,0,0.6675340277777777,0.044733466562774056,0,0.1367831692896782,13.68,Low
1822,110000,29,0,0,0.3293378787878788,0.06445439196183343,0,0.1366903963086949,13.67,Low
800,210000,35,0,0,0.1569952380952381,0.05471806848858018,0,0.1362914629869632,13.63,Low
28272,130000,38,0,0,0.4840948717948718,0.042373554664533866,0,0.13618679999743594,13.62,Low
8963,350000,31,0,0,0.5921738095238096,0.0965265185173272,0,0.13609982020125766,13.61,Low
4964,180000,42,0,0,0.21742407407407408,0.26829289066425915,0,0.13612542849718282,13.61,Low
11382,360000,46,0,0,0.021524074074074074,1.2059709197281252,1,0.13605721055809503,13.61,Low
6424,180000,28,0,0,0.10293703703703705,0.6317058252077862,0,0.1359649307040282,13.6,Low
5828,280000,38,0,0,0.062294642857142854,0.6019779274759925,1,0.13575103919867948,13.58,Low
14337,380000,33,0,0,0.2178092105263158,0.038863885784476596,0,0.1357218904717667,13.57,Low
9451,500000,44,0,0,0.08784566666666667,0.4936764097640938,0,0.13567496864634562,13.57,Low
16666,200000,45,0,0,0.18184333333333333,0.4506580756328708,0,0.13574670321542473,13.57,Low
7025,200000,25,0,0,0.14621416666666667,0.14173843163852112,0,0.13546051488797597,13.55,Low
5604,220000,38,0,0,0.6831106060606061,0.049905401538860784,0,0.13550894668853006,13.55,Low
28994,480000,39,0,0,0.28956006944444446,0.5120027628118806,1,0.13527187453469477,13.53,Low
10296,310000,24,0,0,0.39556290322580645,0.03568482100504657,0,0.13523268227116325,13.52,Low
10320,260000,51,0,0,0.7045134615384615,0.0482830030908765,0,0.1352286985963243,13.52,Low
29260,70000,24,0,0,0.1958238095238095,0.3225445614376383,0,0.1349601748134769,13.5,Low
25807,150000,30,0,0,0.3708,0.06005034160373966,0,0.13496161780065735,13.5,Low
18212,140000,41,0,0,0.3499654761904762,0.054427137370693025,0,0.13487486384522535,13.49,Low
13158,480000,36,0,0,0.021184027777777777,0.5031798065890838,0,0.13493035373060708,13.49,Low
13279,210000,52,0,0,0.2853952380952381,0.8995850922418923,0,0.13490706707309064,13.49,Low
12273,310000,29,0,0,0.12506505376344085,0.04610073897025634,0,0.1348076810601976,13.48,Low
21902,140000,27,0,0,0.14870476190476192,0.20814653516075318,0,0.1347491565915422,13.47,Low
1090,310000,28,0,0,0.08551881720430107,0.14186653254958664,0,0.13461855798622394,13.46,Low
10551,230000,28,0,0,0.062368115942028984,0.15104336106334526,0,0.13459492374685145,13.46,Low
11480,340000,27,0,0,0.05352156862745098,0.2942830451348183,0,0.13458001379919765,13.46,Low
6782,640000,34,0,0,0.12779166666666666,0.7452192696446038,0,0.13439051320809264,13.44,Low
26119,200000,30,0,0,0.1924941666666667,0.04157268834986341,0,0.13430187929667853,13.43,Low
13829,230000,31,0,0,0.15296666666666667,0.41392460230987144,0,0.13431665846296711,13.43,Low
1140,230000,47,0,0,0.47675289855072467,0.0486382062229545,0,0.13420629142215643,13.42,Low
24493,180000,39,0,0,0.2895851851851852,0.03826354427789431,0,0.13408681706053702,13.41,Low
16378,170000,41,0,0,0.7171098039215686,0.041896118952439804,0,0.13401372430476252,13.4,Low
5842,370000,30,0,0,0.2819675675675676,0.33822495718630985,0,0.13403248331646964,13.4,Low
22373,180000,27,0,0,0.35655462962962964,0.1032697186811018,0,0.13391310661413644,13.39,Low
1973,200000,41,0,0,0.5007208333333334,0.06882078337064065,0,0.13383229222941487,13.38,Low
22637,230000,45,0,0,0.05852463768115942,0.14412361943440147,0,0.1337590494454972,13.38,Low
15450,150000,25,0,0,0.30438333333333334,0.2850426180437679,0,0.1338215129651673,13.38,Low
3065,430000,42,0,0,0.21171279069767443,0.03670322709389457,0,0.13367816933239837,13.37,Low
5688,480000,39,0,0,0.29379756944444446,0.5323062340968425,0,0.13353499715617492,13.35,Low
8684,380000,34,0,0,0.24290526315789474,0.038922112440053155,0,0.13328100182990088,13.33,Low
15363,330000,29,0,0,0.42316818181818183,0.042307127691189474,0,0.13322200643542412,13.32,Low
24078,140000,27,0,0,0.45308809523809523,0.3425067131904339,0,0.13323459434418192,13.32,Low
20004,400000,37,0,0,0.04629375,0.5928626074434094,0,0.1331277432374938,13.31,Low
15802,90000,24,0,0,0.2170351851851852,0.38371487811329447,0,0.13312827345321332,13.31,Low
19842,130000,33,0,0,0.525174358974359,0.07135115077776367,0,0.13301903913541255,13.3,Low
22263,420000,31,0,0,0.6561154761904762,0.07439166668178693,1,0.13296531756819044,13.3,Low
20302,130000,56,0,0,0.27168205128205125,0.08022197893465212,0,0.13301736821416665,13.3,Low
29917,330000,33,0,0,0.1298621212121212,0.0466967685229478,0,0.1328866559305242,13.29,Low
14126,210000,26,0,0,0.14690238095238095,0.8586038671615424,0,0.1328800091186779,13.29,Low
3470,220000,41,0,0,0.4213431818181818,0.04226382798158127,0,0.1326647361602532,13.27,Low
25324,150000,28,0,0,0.10493444444444444,0.11594540506771424,0,0.13258977767348082,13.26,Low
21177,180000,45,0,0,0.6783944444444444,0.04239585295346038,0,0.13255033301500133,13.26,Low
10090,750000,41,0,0,0.12362222222222223,0.12253999640481754,0,0.13225404278754083,13.23,Low
14824,260000,45,0,0,0.023571153846153846,0.9419651355687906,0,0.13201318425271477,13.2,Low
13091,190000,40,0,0,0.47752105263157896,0.07090713369852344,0,0.131516197355377,13.15,Low
23202,400000,34,0,0,0.12948416666666665,0.920534042128703,0,0.13151104079626588,13.15,Low
29563,290000,35,0,0,0.26924252873563215,0.029841061129349686,0,0.13152925352720526,13.15,Low
3406,560000,32,0,0,0.04847261904761905,0.11936660362993344,0,0.1315187729423198,13.15,Low
11754,240000,33,0,0,0.5550131944444444,0.046851989254509716,0,0.13143274080450632,13.14,Low
23108,240000,37,0,0,0.7137694444444445,0.05062909358375137,0,0.13127171867294884,13.13,Low
23687,360000,54,0,0,0.17634537037037037,0.5540343286795167,0,0.1312023383011613,13.12,Low
24614,150000,33,0,0,0.16551,0.1311770352915903,0,0.13104900611086082,13.1,Low
10890,110000,24,0,0,0.28346818181818184,0.10690099364473593,0,0.13089549951460094,13.09,Low
2238,180000,35,0,0,0.6140481481481481,0.041015000633319865,0,0.1307711608402604,13.08,Low
1349,300000,34,0,0,0.028580555555555553,0.7719895033530956,0,0.1308229198064366,13.08,Low
10131,470000,38,0,0,0.33107553191489364,0.03953266433384424,0,0.1306817705075971,13.07,Low
17636,220000,31,0,0,0.3565015151515151,0.05758826304448534,0,0.1306508723170367,13.07,Low
22058,330000,27,0,0,0.11969040404040404,0.06118479072691751,0,0.1305785440467773,13.06,Low
6735,500000,31,0,0,0.057056333333333334,0.5635190951632597,0,0.1305157948142379,13.05,Low
16565,320000,28,0,0,0.13368854166666666,0.5898699558208211,0,0.13024017062511387,13.02,Low
19125,150000,32,0,0,0.15224555555555555,0.5360419205815167,0,0.13000211259415484,13.0,Low
1491,130000,28,0,0,0.2896423076923077,0.07303437927417106,0,0.1300077293180001,13.0,Low
12840,240000,32,0,0,0.08205902777777778,0.17912241357423941,0,0.12998241662508378,13.0,Low
8291,180000,40,0,0,0.18210555555555555,0.7825437017602733,0,0.12997172426878564,13.0,Low
19072,260000,39,0,0,0.5584166666666667,0.04319332361415633,0,0.1296057259897566,12.96,Low
12441,150000,49,0,0,0.13849555555555554,0.1340757023891661,0,0.12947483167194418,12.95,Low
1261,150000,37,0,0,0.3213788888888889,0.05201890465044721,0,0.129502849568158,12.95,Low
20986,500000,30,0,0,0.15406133333333336,0.053790265348865385,0,0.1295282386689648,12.95,Low
29839,190000,43,0,0,0.46842105263157896,0.04868913857677903,1,0.12942068983816934,12.94,Low
8404,470000,31,0,0,0.020749290780141844,0.8043340796062414,0,0.12922112752648787,12.92,Low
14920,800000,53,0,0,0.029264375,1.0609315934476646,0,0.1286735984019218,12.87,Low
9239,360000,45,0,0,0.4388662037037037,0.10654559149154334,0,0.12846546038606782,12.85,Low
18959,230000,30,0,0,0.17428333333333332,0.34453725609223695,0,0.12827335415258787,12.83,Low
20948,500000,35,0,0,0.017402333333333332,1.1519144942249124,0,0.12812277903812022,12.81,Low
14395,340000,29,0,0,0.268875,0.04350005925196671,0,0.12809719197367414,12.81,Low
29160,150000,55,0,0,0.13863666666666666,2.2377918299632134,0,0.12812785265048784,12.81,Low
16517,150000,27,0,0,0.4750533333333333,0.10651903412014557,0,0.12809070309519552,12.81,Low
8837,150000,27,0,0,0.15438888888888888,0.890716084922634,0,0.12803768625302656,12.8,Low
19709,180000,28,0,0,0.7432185185185186,0.041735395103379196,0,0.12802742561505803,12.8,Low
18057,500000,47,0,0,0.025663,0.7592383327488342,0,0.12792709792892173,12.79,Low
6464,160000,34,0,0,0.080778125,0.9907797851625466,0,0.12721272199918418,12.72,Low
28631,260000,35,0,0,0.0901051282051282,0.5511368486952563,0,0.1272049227233757,12.72,Low
23328,170000,47,0,0,0.22430882352941175,0.07265455975873598,0,0.12724917359712443,12.72,Low
26862,340000,39,0,0,0.3552294117647059,0.03173867205396126,0,0.12712155060316024,12.71,Low
15530,260000,33,0,0,0.27997435897435896,0.12603489330524772,0,0.12697319200615106,12.7,Low
26993,80000,46,0,0,0.45793125,0.15014990423416907,0,0.12674836105762266,12.67,Low
3503,360000,30,0,0,0.38505555555555554,0.036069831193190016,0,0.12636532572884987,12.64,Low
26029,260000,40,0,0,0.197675,0.8238788739610796,0,0.12623468827293466,12.62,Low
29009,190000,40,0,0,0.6819157894736843,0.04611234602204316,0,0.1259343077048943,12.59,Low
15086,300000,41,0,0,0.06754944444444444,0.17974487823734056,0,0.12568445802617767,12.57,Low
20721,210000,34,0,0,0.19915,0.22003435234667973,0,0.12559275633869138,12.56,Low
240,140000,41,0,0,0.13792142857142858,0.11736323303468159,1,0.12545437716346625,12.55,Low
9118,360000,30,0,0,0.06874074074074074,0.07964035560344827,0,0.1254034135819905,12.54,Low
7778,280000,34,0,0,0.44153511904761905,0.035323189251785236,1,0.12536121654161414,12.54,Low
14623,180000,34,0,0,0.20196111111111112,0.062351571167899945,0,0.1252366262098189,12.52,Low
22525,190000,38,0,0,0.19181491228070177,0.6056825613141323,0,0.12520663564127435,12.52,Low
8311,310000,30,0,0,0.0861005376344086,0.047837299481101735,0,0.1250597739193887,12.51,Low
8991,140000,37,0,0,0.45215714285714287,0.08451549714069066,0,0.12508216852175,12.51,Low
7449,180000,41,0,0,0.21003333333333332,0.551755453279021,0,0.12487206332400154,12.49,Low
26726,210000,27,0,0,0.11487222222222222,0.1318165801891681,0,0.12487235651448027,12.49,Low
12635,500000,49,0,0,0.191045,0.3717239393860085,0,0.12477499671266509,12.48,Low
28424,210000,31,0,0,0.19377063492063493,0.07014921093913193,0,0.12475199936437359,12.48,Low
14880,170000,28,0,0,0.35228627450980393,0.035899947680696404,0,0.12457851340400311,12.46,Low
18160,380000,42,0,0,0.0362311403508772,1.0495115426053483,0,0.12453165630725323,12.45,Low
488,320000,39,0,0,0.28969947916666666,0.041456394287902515,0,0.12435558859874002,12.44,Low
19009,340000,30,0,0,0.0948093137254902,0.05025567315199239,0,0.12424025046201961,12.42,Low
9802,190000,27,0,0,0.2320780701754386,0.03629298973046729,1,0.12407977031629391,12.41,Low
444,200000,27,0,0,0.609015,0.04661899405871229,0,0.12388600003324164,12.39,Low
5460,360000,53,0,0,0.22429953703703703,0.929411934685554,0,0.12391569879691067,12.39,Low
29142,480000,52,0,0,0.12757708333333334,0.8686251775887127,0,0.12379024003357536,12.38,Low
25152,350000,33,0,0,0.01977190476190476,1.4398978829989644,0,0.12368788756851991,12.37,Low
11712,150000,27,0,0,0.24107333333333333,0.3058635915304702,0,0.12357488525951453,12.36,Low
1465,90000,24,0,0,0.29112777777777776,0.16284054984129406,0,0.12364984726290838,12.36,Low
11227,310000,44,0,0,0.04318548387096774,0.7132026143790849,0,0.123481884813509,12.35,Low
24606,210000,35,0,0,0.26570238095238097,0.03802739071344296,0,0.12341825621499862,12.34,Low
24541,230000,37,0,0,0.11706739130434783,0.10522862466187567,0,0.12324037663319684,12.32,Low
6566,180000,28,0,0,0.4845046296296296,0.06019894317410872,0,0.12256300702893912,12.26,Low
18446,130000,24,0,0,0.28757564102564104,0.23628565951433067,0,0.12255075264901891,12.26,Low
9798,370000,34,0,0,0.47394864864864866,0.037079700351465454,0,0.12260311370478912,12.26,Low
14241,500000,45,0,0,0.02072,0.9548906048906048,0,0.12238516075803048,12.24,Low
8465,470000,31,0,0,0.17938794326241134,0.044872833946793075,0,0.12227770758978916,12.23,Low
27184,150000,46,0,0,0.4121166666666667,0.08357935320365054,0,0.12217439092243436,12.22,Low
2767,180000,36,0,0,0.4554,0.06674026903495503,0,0.12212448021915262,12.21,Low
23277,300000,42,0,0,0.4833955555555555,0.03909381780736273,0,0.12195421181753574,12.2,Low
25901,500000,28,0,0,0.3500273333333333,0.029643399277389765,0,0.12200540757729404,12.2,Low
18864,200000,28,0,0,0.5616608333333334,0.05563856004439215,0,0.12187402790390091,12.19,Low
6978,400000,44,0,0,0.05079791666666667,0.6333511052782677,0,0.12178940997784875,12.18,Low
19541,360000,32,0,0,0.04160277777777778,0.23946718301395473,0,0.12169935995718777,12.17,Low
8959,340000,44,0,0,0.27857598039215686,0.2590802312179414,1,0.12154226271748227,12.15,Low
9991,330000,45,0,0,0.1359530303030303,0.03765040659467211,0,0.12117609137892489,12.12,Low
10186,150000,40,0,0,0.42000666666666664,0.05874509928413835,1,0.12103566308724074,12.1,Low
26968,350000,32,0,0,0.06366190476190477,0.0767297479243025,0,0.12081131408080154,12.08,Low
26879,200000,49,0,0,0.2492725,0.05125916416772809,0,0.12081283036747029,12.08,Low
13247,360000,29,0,0,0.17833935185185185,0.03217959933854776,0,0.1206373067661717,12.06,Low
29978,420000,34,0,0,0.3345869047619048,0.042222166874812464,0,0.12048552312363205,12.05,Low
19510,400000,40,0,0,0.05326458333333333,0.8693706731333359,0,0.12052387852697134,12.05,Low
20073,230000,32,0,0,0.09368188405797101,0.15470177365583496,0,0.1203416543635577,12.03,Low
12179,260000,35,0,0,0.29533525641025643,0.027413434970687375,0,0.12020559412118255,12.02,Low
15423,500000,54,0,0,0.4358313333333333,0.03978526861308732,0,0.1201070921225408,12.01,Low
7317,230000,50,0,0,0.30561376811594204,0.034044107012023796,1,0.12011070673729682,12.01,Low
1903,500000,39,0,0,0.015344666666666666,1.0604553156362688,0,0.11999768916172783,12.0,Low
22265,260000,31,0,0,0.3328673076923077,0.04067802485397854,0,0.11996432228142906,12.0,Low
24656,210000,45,0,0,0.2807452380952381,0.05285252686302613,1,0.11991714736194822,11.99,Low
18922,150000,28,0,0,0.3244844444444444,0.04965141283951294,0,0.11944675950419553,11.94,Low
20632,160000,30,0,0,0.22852291666666666,0.243401919938737,0,0.1190620001685669,11.91,Low
13172,240000,37,0,0,0.32259791666666665,0.22495323340673912,0,0.119133007923856,11.91,Low
8915,330000,28,0,0,0.13143181818181818,0.06610563529117913,0,0.1190195852881114,11.9,Low
6136,150000,39,0,0,0.19158444444444445,0.09076357393896513,0,0.11890465343425793,11.89,Low
13170,470000,39,0,0,0.11178581560283689,0.04045223261302643,0,0.1188439872565396,11.88,Low
9325,80000,47,0,0,0.23249583333333335,0.9694618183121562,0,0.1186941376517813,11.87,Low
16374,280000,49,0,0,0.2351934523809524,0.20331287567225562,0,0.11874009264686433,11.87,Low
3966,210000,33,0,0,0.4938166666666667,0.11252167679991772,0,0.11866448279945703,11.87,Low
16598,450000,29,0,0,0.2085614814814815,0.11583581358015045,0,0.11846838487432731,11.85,Low
18878,220000,30,0,0,0.14926893939393937,0.11322861420559799,0,0.1185237946576331,11.85,Low
2940,390000,31,0,0,0.04161666666666667,0.13559861577482724,0,0.11847636540447702,11.85,Low
25026,500000,51,0,0,0.16052933333333333,0.047758665083017016,0,0.11849375208019523,11.85,Low
4266,500000,34,0,0,0.377862,0.08822974172228662,0,0.11837489294467553,11.84,Low
8716,200000,44,0,0,0.14347583333333333,0.2540497528619802,0,0.1183861444367416,11.84,Low
9593,300000,31,0,0,0.44420111111111116,0.04008319554956338,0,0.11836931819104964,11.84,Low
24099,250000,26,0,0,0.3580446666666667,0.19532572286139346,0,0.11834065721271554,11.83,Low
26467,210000,49,0,0,0.15261746031746032,0.43405547639601033,1,0.11790281150793909,11.79,Low
29384,200000,30,0,0,0.16572583333333332,0.4285944154753584,0,0.11768491377707836,11.77,Low
23128,170000,29,0,0,0.34939803921568624,0.036499750270773824,0,0.11769115369316387,11.77,Low
729,330000,29,0,0,0.2272121212121212,0.3495910020449898,0,0.11757257463522681,11.76,Low
10724,500000,32,0,0,0.08453866666666666,0.3874006371837739,0,0.11763964298470701,11.76,Low
22044,150000,24,0,0,0.1545888888888889,0.10781283691511535,0,0.11753118683674982,11.75,Low
19718,280000,35,0,0,0.24329464285714286,0.29712650005504787,0,0.11737696900029962,11.74,Low
18950,290000,32,0,0,0.27153735632183906,0.04169532779512144,0,0.11732867596862491,11.73,Low
17876,360000,30,0,0,0.10195925925925926,0.660221947764176,0,0.11712552347705757,11.71,Low
20599,320000,29,0,0,0.3581984375,0.034357410711299746,0,0.11703677858368486,11.7,Low
17238,170000,40,0,0,0.3656901960784314,0.04162153757064267,0,0.11678641075673636,11.68,Low
25564,480000,31,0,0,0.4236048611111111,0.055574590444777056,0,0.1167867103983894,11.68,Low
17887,220000,28,0,0,0.10252348484848485,0.07463182862758717,0,0.11678698476247971,11.68,Low
22712,320000,35,0,0,0.4370734375,0.03938125386537589,1,0.11662779650122365,11.66,Low
18975,300000,28,0,0,0.17878,0.23358628233334577,0,0.11656704235404405,11.66,Low
27777,150000,25,0,0,0.22007666666666667,0.1524367770827338,0,0.11656203335687713,11.66,Low
17392,240000,43,0,0,0.19444652777777777,0.04137812809148474,0,0.11663444506843162,11.66,Low
14465,500000,36,0,0,0.105997,0.09235167033029237,0,0.11638254248789179,11.64,Low
11026,170000,43,0,0,0.3108764705882353,0.0398588431190751,0,0.11630788221092708,11.63,Low
18419,160000,24,0,0,0.20410208333333332,0.05619124416907389,0,0.11618115475065982,11.62,Low
2461,280000,26,0,0,0.40998690476190475,0.03689142219989605,0,0.11619150963583631,11.62,Low
5099,120000,26,0,0,0.2310111111111111,0.14729931220239526,0,0.116242546039857,11.62,Low
18390,200000,23,0,0,0.31574583333333334,0.03982897636548384,0,0.11591869923924197,11.59,Low
6162,230000,28,0,0,0.07034927536231884,1.1491007601821142,0,0.11583561091838031,11.58,Low
28227,290000,46,0,0,0.10375862068965518,0.8405007200620361,0,0.11558310774171027,11.56,Low
28117,350000,41,0,0,0.07625476190476191,0.24371311705748275,0,0.11559644928300725,11.56,Low
7115,220000,35,0,0,0.13310454545454545,0.17074753269815252,0,0.11548662035356912,11.55,Low
16587,200000,29,0,0,0.18680916666666667,0.07377403856877116,0,0.11530231170380846,11.53,Low
3792,120000,28,0,0,0.3771,0.22835086478682343,1,0.11508093952351818,11.51,Low
1464,300000,50,0,0,0.25227055555555555,0.3255895896601312,0,0.11510884768933118,11.51,Low
27785,230000,25,0,0,0.40312536231884055,0.04190806254752271,0,0.11495866441882031,11.5,Low
15924,410000,37,0,0,0.05926910569105691,0.25279488621555257,0,0.11491977314958031,11.49,Low
10919,260000,36,0,0,0.4504685897435897,0.05169261068602353,0,0.11467948973334494,11.47,Low
16804,200000,40,0,0,0.35976,0.045632273367430136,0,0.11457893534704527,11.46,Low
26783,280000,30,0,0,0.39683452380952383,0.03984358359757725,0,0.11453919149862199,11.45,Low
18140,240000,33,0,0,0.20765277777777777,0.03964283325530065,0,0.11449503151908405,11.45,Low
25638,410000,34,0,0,0.09893861788617887,0.12072032836323746,0,0.11437649833505151,11.44,Low
5500,390000,39,0,0,0.2363059829059829,0.29238854447731827,0,0.11422281828186909,11.42,Low
21133,500000,35,0,0,0.02243433333333333,0.9907433546795834,0,0.11385884869257935,11.39,Low
7093,220000,41,0,0,0.08853181818181818,0.11994489226609163,1,0.11394323583531644,11.39,Low
12890,260000,44,0,0,0.24147243589743592,0.034351215964024136,0,0.11362920197317827,11.36,Low
25827,510000,38,0,0,0.09446274509803922,0.0705745599468615,0,0.11360782897925072,11.36,Low
23308,160000,30,0,0,0.4265447916666667,0.04395786882483522,1,0.113546618924337,11.35,Low
13954,370000,27,0,0,0.3754108108108108,0.1529855581633094,0,0.11338487182564426,11.34,Low
25730,290000,31,0,0,0.15624022988505745,0.05977385252595105,0,0.11343272294561842,11.34,Low
6336,360000,34,0,0,0.295512962962963,0.037134110805441885,0,0.11341498168947121,11.34,Low
22197,450000,29,0,0,0.15779222222222222,0.08307220700452306,0,0.11309311801142828,11.31,Low
24588,350000,34,0,0,0.1183347619047619,0.26357830690172757,0,0.11296905245634004,11.3,Low
22032,300000,28,0,0,0.044615555555555554,0.7716043233550829,0,0.11300616505850944,11.3,Low
3981,180000,26,0,0,0.3100361111111111,0.049128088424586144,1,0.11293819019238695,11.29,Low
13622,100000,37,0,0,0.14028333333333334,0.26561720327907806,0,0.11292161142559937,11.29,Low
362,320000,30,0,0,0.22724895833333336,0.03591188078419868,0,0.11290381873019202,11.29,Low
14568,290000,29,0,0,0.04376264367816092,1.0036245682692686,0,0.11267965706904803,11.27,Low
15076,520000,34,0,0,0.33881634615384615,0.03518470694073542,0,0.11240954749383905,11.24,Low
28579,500000,46,0,0,0.15230866666666665,0.1926460739813449,0,0.11244085250101059,11.24,Low
29971,360000,34,0,0,0.10535972222222222,0.7123303321513158,0,0.11222805570940814,11.22,Low
3552,500000,46,0,0,0.03597433333333334,1.0811041205303782,0,0.11224612421506007,11.22,Low
2369,460000,33,0,0,0.12963007246376812,0.02645208354878291,0,0.11200432048030827,11.2,Low
23968,220000,26,0,0,0.35234393939393943,0.4313450614284424,0,0.11176538489080433,11.18,Low
23045,440000,36,0,0,0.03867234848484848,0.8906704539889319,0,0.11166565177697166,11.17,Low
11492,210000,45,0,0,0.31640079365079365,0.03704864986893758,0,0.11144257072188192,11.14,Low
10650,400000,27,0,0,0.03762416666666667,0.9927683891116083,1,0.11144096510619161,11.14,Low
29496,280000,34,0,0,0.15862619047619048,0.050436786094892154,0,0.11130764009045241,11.13,Low
16396,320000,36,0,0,0.06209010416666666,0.1764153238321324,0,0.11116647785259723,11.12,Low
640,170000,31,0,0,0.32812549019607845,0.05079357491155942,0,0.1111471900230071,11.11,Low
6560,230000,32,0,0,0.1588376811594203,0.06158871512253873,1,0.1111397079096334,11.11,Low
20183,160000,28,0,0,0.14737708333333333,0.937751798815397,0,0.11097110841788002,11.1,Low
27949,230000,28,0,0,0.16883623188405797,0.08806664549301699,0,0.1109697737491594,11.1,Low
16965,200000,53,0,0,0.31255,0.028888711139551004,0,0.11103766351469889,11.1,Low
18804,270000,26,0,0,0.2688537037037037,0.05619422192527489,0,0.11072909257422227,11.07,Low
3492,220000,30,0,0,0.19703030303030303,0.310439095662873,0,0.11059406760050489,11.06,Low
14753,200000,26,0,0,0.37739333333333336,0.2305000088325178,0,0.11025468685696525,11.03,Low
525,210000,32,0,0,0.33959761904761904,0.04113177827167072,0,0.11024981258329668,11.02,Low
14235,100000,27,0,0,0.2734433333333333,0.22551899845184256,0,0.11016160223916768,11.02,Low
20749,360000,34,0,0,0.11012129629629629,0.04951610597741548,0,0.1100977343394279,11.01,Low
25622,290000,29,0,0,0.06007241379310345,0.10052044467405238,0,0.11013780632382447,11.01,Low
13474,150000,37,0,0,0.38843777777777777,0.07254129075441798,0,0.10986057680269032,10.99,Low
17193,200000,29,0,0,0.10402333333333334,0.9954577498638126,0,0.10979436182533976,10.98,Low
3622,210000,36,0,0,0.25972460317460316,0.035058502137489955,0,0.10919422284290185,10.92,Low
15946,230000,28,0,0,0.2611927536231884,0.04438945084700621,0,0.10914909673660458,10.91,Low
18234,400000,57,0,0,0.17703125,0.5494580759046779,0,0.10903063057801868,10.9,Low
6391,150000,33,0,0,0.32639666666666667,0.45053564681011854,0,0.10887980575726192,10.89,Low
15558,260000,31,0,0,0.3613448717948718,0.05651430375839545,0,0.10875699252523577,10.88,Low
14467,420000,47,0,0,0.023398809523809523,0.8858136182481133,0,0.1088367828508385,10.88,Low
20784,500000,34,0,0,0.142585,0.3569636824817945,0,0.10871370427545846,10.87,Low
19356,580000,33,0,0,0.023773563218390803,0.5776483102064497,0,0.10870649792846872,10.87,Low
29484,200000,41,0,0,0.2516066666666667,0.05299276648737447,1,0.10866459782323659,10.87,Low
19651,200000,32,0,0,0.2584108333333333,0.05320016898156359,0,0.10838939491589865,10.84,Low
29192,200000,29,0,0,0.07449583333333333,1.067352760221489,0,0.10843971588450758,10.84,Low
14308,500000,49,0,0,0.4340023333333333,0.08382597021367781,0,0.1083747700661834,10.84,Low
29845,400000,39,0,0,0.03274125,0.6610417541582356,0,0.10814683429768197,10.81,Low
19736,200000,27,0,0,0.31276916666666665,0.03453025793782955,0,0.10803895251348027,10.8,Low
9158,330000,45,0,0,0.4092873737373738,0.044052917796268215,0,0.1079476866078176,10.79,Low
23422,310000,32,0,0,0.20876021505376344,0.029292237325325654,0,0.10782168563618076,10.78,Low
17475,180000,46,0,0,0.08803888888888889,1.1829578679455628,0,0.10779422761445337,10.78,Low
22378,220000,28,0,0,0.20408939393939393,0.06500419453745017,0,0.10769726865256603,10.77,Low
22253,420000,27,0,0,0.03571428571428571,0.9999555555555556,0,0.10754793806912112,10.75,Low
2494,290000,32,0,0,0.27189885057471264,0.040794413067739864,0,0.10752247115697329,10.75,Low
17185,260000,26,0,0,0.1117878205128205,0.326855478269845,0,0.10738631976958063,10.74,Low
22894,500000,27,0,0,0.049454,0.27938420889446086,1,0.1074100488581698,10.74,Low
34,500000,54,0,0,0.04191466666666666,1.2605134240997582,0,0.10732424012182555,10.73,Low
9135,260000,43,0,0,0.2777769230769231,0.16713282194714446,0,0.10727672998100303,10.73,Low
24679,230000,28,0,0,0.17075217391304348,0.11880936012018435,0,0.10731757779205991,10.73,Low
14635,310000,28,0,0,0.43888870967741933,0.03403023031042479,0,0.10719523160808789,10.72,Low
24923,300000,42,0,0,0.07691666666666666,0.26788010111953775,0,0.10712194199578978,10.71,Low
25039,500000,58,0,0,0.3068966666666667,0.07579967198514158,0,0.10697278598672348,10.7,Low
5002,500000,45,0,0,0.051821,1.2159549217498697,1,0.10701596621006695,10.7,Low
8187,360000,42,0,0,0.36998055555555553,0.06194019205213487,0,0.10704955472935943,10.7,Low
13019,200000,27,0,0,0.15962583333333333,0.2932012884297132,0,0.10691706540534364,10.69,Low
16081,220000,31,0,0,0.3462227272727273,0.055796977773109796,0,0.10664593128580818,10.66,Low
26251,210000,31,0,0,0.26586507936507936,0.3796202871727514,0,0.10661083191043193,10.66,Low
24275,360000,29,0,0,0.1352361111111111,0.41601109171202627,0,0.10652526577607632,10.65,Low
23389,500000,34,0,0,0.15019733333333335,0.03774146012357077,0,0.10651521097724202,10.65,Low
28425,220000,31,0,0,0.45822803030303033,0.09935671170731789,0,0.10640887845200661,10.64,Low
11878,200000,30,0,0,0.32380416666666667,0.05752962824752615,0,0.10638982086256168,10.64,Low
5021,290000,42,0,0,0.39809367816091956,0.04330985457994494,0,0.10608438546822149,10.61,Low
280,250000,31,0,0,0.402674,0.044535612762019235,0,0.10595807246659938,10.6,Low
13806,230000,27,0,0,0.2246144927536232,0.035052005368296085,0,0.10590904302957138,10.59,Low
20413,160000,26,0,0,0.13054166666666667,0.8287184806894351,0,0.10577169928589672,10.58,Low
1384,300000,27,0,0,0.25995,0.6900044880425723,0,0.10567624852852656,10.57,Low
3929,480000,50,0,0,0.019685763888888888,0.902901490431255,0,0.10562312544073212,10.56,Low
25252,290000,25,0,0,0.1455971264367816,0.03236769703835572,0,0.10560515644799286,10.56,Low
17120,300000,27,0,0,0.3918372222222222,0.04111684699003413,0,0.105610380866674,10.56,Low
9155,490000,34,0,0,0.05329421768707483,1.0022273989214028,0,0.10546623944192245,10.55,Low
19852,230000,45,0,0,0.30075362318840576,0.0876084232845027,0,0.1055406252710115,10.55,Low
13120,120000,42,0,0,0.1722986111111111,0.2901938656241183,0,0.10509339629877439,10.51,Low
5932,230000,43,0,0,0.389668115942029,0.052915710508013136,0,0.10509594783779316,10.51,Low
7104,240000,44,0,0,0.14175069444444444,0.1445221216827274,0,0.10501546991849478,10.5,Low
25741,430000,43,0,0,0.05924651162790698,0.8158201182812582,0,0.10480523288899772,10.48,Low
19644,460000,29,0,0,0.3295489130434783,0.1398650988670284,0,0.10465098087587903,10.47,Low
14622,500000,27,0,0,0.053457,0.8036739809566568,0,0.1045582374118549,10.46,Low
11839,150000,29,0,0,0.28562888888888893,0.15826674861708667,0,0.10453159047153057,10.45,Low
11236,260000,31,0,0,0.16484358974358976,0.3188725909564622,0,0.10438047159352518,10.44,Low
8925,200000,34,0,0,0.21638,0.041443294204639984,0,0.10438216878389472,10.44,Low
22029,310000,28,0,0,0.5072720430107527,0.14547452852385626,0,0.10434646021390757,10.43,Low
14399,400000,36,0,0,0.08049541666666667,0.2896852305255475,0,0.10413599324669265,10.41,Low
23068,440000,33,0,0,0.2977299242424242,0.03947165864935045,0,0.10406663378671208,10.41,Low
14835,200000,37,0,0,0.6607858333333333,0.10138181432965547,0,0.10397994950585766,10.4,Low
20586,400000,30,0,0,0.39930166666666667,0.08243558545961491,0,0.1040473740327767,10.4,Low
25372,320000,28,0,0,0.09779010416666667,0.3491747311684784,0,0.10360394720975917,10.36,Low
7613,250000,36,0,0,0.21642333333333336,0.036083601583316645,0,0.10336349454664456,10.34,Low
17506,390000,33,0,0,0.2477662393162393,0.20407124857487327,0,0.10323748520496662,10.32,Low
22764,220000,26,0,0,0.1836030303030303,0.4681542854313489,0,0.10306595711676846,10.31,Low
4604,750000,40,0,0,0.033333777777777775,1.4085145531392915,0,0.10298831121431826,10.3,Low
8373,170000,38,0,0,0.2543392156862745,0.18927169982962386,0,0.10304644942583241,10.3,Low
21422,290000,28,0,0,0.3377580459770115,0.038820893008155534,0,0.10293855979041507,10.29,Low
3585,140000,28,0,0,0.18499523809523807,0.16738526088187597,0,0.1029439624364414,10.29,Low
1632,100000,43,0,0,0.200645,1.0637942635002118,0,0.1028649239190079,10.29,Low
4814,130000,42,0,0,0.15293076923076923,0.19516120919470853,0,0.10290242911768507,10.29,Low
28590,370000,35,0,0,0.049301801801801805,0.6962539972590224,0,0.10287277387913686,10.29,Low
21850,130000,27,0,0,0.21315128205128206,0.43335057561139917,0,0.10276952361276749,10.28,Low
28868,210000,46,0,0,0.25490396825396827,0.0880568156697667,0,0.10279728996034813,10.28,Low
8081,230000,30,0,0,0.20725797101449275,0.02826764936227344,0,0.1027418641426896,10.27,Low
23757,300000,59,0,0,0.08494222222222222,1.1800831938049392,0,0.10274016880221004,10.27,Low
12712,250000,35,0,0,0.29954533333333333,0.036254946385410776,0,0.10265123206112091,10.27,Low
25131,420000,52,0,0,0.035996825396825395,1.0072427021783226,0,0.10250369383823027,10.25,Low
3647,220000,41,0,0,0.08726439393939395,1.0057644393127816,0,0.10203600084031224,10.2,Low
17754,330000,55,0,0,0.06672474747474748,0.2232903152556485,0,0.1020059069202946,10.2,Low
28409,250000,28,0,0,0.37973266666666666,0.06583578973979941,0,0.10189405741146733,10.19,Low
22047,210000,25,0,0,0.2974833333333333,0.06605412067902963,0,0.10168463132192095,10.17,Low
11962,500000,42,0,0,0.06471466666666667,0.9197863441569144,0,0.10174012779765278,10.17,Low
15961,300000,30,0,0,0.6152294444444445,0.05031456195656002,0,0.1012560883622806,10.13,Low
1950,180000,50,0,0,0.3995925925925926,0.06488089721012141,0,0.10104928893463835,10.1,Low
21178,300000,31,0,0,0.2837538888888889,0.04385647186431121,0,0.10097934801496215,10.1,Low
2455,390000,25,0,0,0.1675525641025641,0.04160704766714362,0,0.10077693111732501,10.08,Low
15589,180000,50,0,0,0.3935638888888889,0.06587475796908121,0,0.10076538232220679,10.08,Low
24306,280000,37,0,0,0.24490297619047618,0.032150730245456775,0,0.10074509845652574,10.07,Low
9310,380000,38,0,0,0.2353956140350877,0.04404492623467026,0,0.10063298666668503,10.06,Low
23079,180000,41,0,0,0.10550555555555556,0.8973899917504783,0,0.10030217546580633,10.03,Low
19775,240000,37,0,0,0.3817263888888889,0.04641013233009391,0,0.10022751411771211,10.02,Low
9599,340000,33,0,0,0.03379607843137255,1.3424808540264563,0,0.10024727019109429,10.02,Low
21259,240000,50,0,0,0.16355694444444444,1.1282427968512496,0,0.10016860084639123,10.02,Low
3651,280000,34,0,0,0.2552625,0.03870898538152835,0,0.10019154999979928,10.02,Low
4666,470000,47,0,0,0.22445531914893618,0.2681068749565536,0,0.10005383404795923,10.01,Low
7467,490000,52,0,0,0.2495863945578231,0.038191075302813904,0,0.10003933927395688,10.0,Low
25568,500000,27,0,0,0.2806186666666667,0.24516069256499923,0,0.09991653280545763,9.99,Low
4399,380000,37,0,0,0.22476535087719296,0.1922706916569912,0,0.09958441650169027,9.96,Low
19469,340000,32,0,0,0.17526127450980392,0.0506946211958057,0,0.09955168916698877,9.96,Low
9320,200000,39,0,0,0.19763166666666668,0.17063308005633376,0,0.09950394852804618,9.95,Low
15084,420000,32,0,0,0.024986904761904762,0.9776708434576842,0,0.09952248354124757,9.95,Low
22989,500000,42,0,0,0.366843,0.18173078583117755,0,0.09942004822194607,9.94,Low
11077,200000,30,0,0,0.29140916666666666,0.1663440008464616,0,0.09940984162707206,9.94,Low
2037,250000,32,0,0,0.121068,0.10214645213158445,0,0.09932951587911767,9.93,Low
7597,470000,35,0,0,0.1278485815602837,0.04249541650833627,0,0.09926363567146049,9.93,Low
13705,500000,32,0,0,0.04164533333333333,0.6124735864762758,0,0.09920745471739005,9.92,Low
18096,300000,38,0,0,0.26691944444444443,0.09192744377725282,0,0.09919091105633052,9.92,Low
2611,340000,39,0,0,0.18029313725490195,0.04350213976149952,0,0.09898267633257336,9.9,Low
5717,280000,41,0,0,0.26238630952380954,0.0379007688137039,0,0.09879768223444173,9.88,Low
29842,320000,47,0,0,0.360490625,0.1553149498224353,0,0.09879094817569985,9.88,Low
16144,550000,39,0,0,0.08106121212121212,0.04084455443323788,0,0.09873884605854066,9.87,Low
14286,290000,36,0,0,0.17378275862068965,0.5948171518145922,0,0.09872486108895182,9.87,Low
24388,320000,40,0,0,0.03350989583333333,1.022536874990286,0,0.09862196405534374,9.86,Low
2382,400000,44,0,0,0.2083,0.12403184509521524,0,0.09860198209374696,9.86,Low
28413,340000,29,0,0,0.10982352941176471,0.6896223888591323,0,0.09852710894445187,9.85,Low
25672,400000,35,0,0,0.026340833333333334,1.0927583915973298,0,0.09825545615817756,9.83,Low
1962,130000,53,0,0,0.16813333333333333,0.9384722137497712,0,0.09826172145455256,9.83,Low
6329,500000,43,0,0,0.286087,0.03497187918360499,0,0.09815243299169046,9.82,Low
15,250000,29,0,0,0.24906066666666665,0.04818103219831313,0,0.09824270210289163,9.82,Low
25631,230000,30,0,0,0.15813623188405798,0.07614055025019704,0,0.09806182575203679,9.81,Low
6285,150000,32,0,0,0.3696333333333333,0.1855231911503893,0,0.09799812775868397,9.8,Low
20788,500000,34,0,0,0.040724,0.27011099106178177,0,0.0979671559775708,9.8,Low
18586,310000,27,0,0,0.28912043010752686,0.040910139020090594,0,0.09798220676646825,9.8,Low
14916,470000,37,0,0,0.31097978723404257,0.23623573628533928,0,0.09794924142374764,9.79,Low
16586,470000,27,0,0,0.33880602836879437,0.04516695571536675,0,0.09755381785050866,9.76,Low
25572,300000,34,0,0,0.21844388888888888,0.06649304804946096,0,0.09736279127707774,9.74,Low
119,400000,34,0,0,0.029928333333333335,0.8059670323550705,0,0.09735171860909063,9.74,Low
15408,540000,50,0,0,0.12392314814814814,0.044546724747267195,0,0.09725166479419547,9.73,Low
20220,230000,53,0,0,0.09350797101449275,0.3244550181725188,0,0.09696414623657354,9.7,Low
21191,350000,36,0,0,0.07219666666666666,0.3252623455772262,0,0.09694468647546842,9.69,Low
8951,350000,30,0,0,0.11303238095238095,0.9484639884061878,0,0.09674349366869629,9.67,Low
21825,290000,25,0,0,0.056164942528735634,0.74694813101804,0,0.09668041089467326,9.67,Low
29843,490000,49,0,0,0.04822789115646259,1.0646801608011849,0,0.0967411075505774,9.67,Low
17183,130000,28,0,0,0.2800397435897436,0.21319318228639708,0,0.09660803821053145,9.66,Low
29653,210000,48,0,0,0.2573738095238095,0.3736736449670204,0,0.09626462360109456,9.63,Low
22804,180000,35,0,0,0.31807314814814813,0.10568847720213438,0,0.0961790127804314,9.62,Low
1708,310000,29,0,0,0.24684301075268816,0.20588811834608214,0,0.09616595731351646,9.62,Low
15622,320000,31,0,0,0.19957291666666668,0.04467091184299807,0,0.09599623681893762,9.6,Low
983,500000,36,0,0,0.073698,0.8787981582494324,1,0.09539984910930994,9.54,Low
9498,350000,34,0,0,0.2703114285714286,0.07457183425114594,0,0.09540982994210193,9.54,Low
4061,320000,24,0,0,0.1521640625,0.8923824682103678,0,0.09539573606944694,9.54,Low
4431,270000,38,0,0,0.20964074074074074,0.10605739389549435,0,0.09525929177821708,9.53,Low
7867,260000,28,0,0,0.207124358974359,0.04477057632909747,0,0.09509200299721335,9.51,Low
16796,500000,30,0,0,0.22618733333333335,0.04038245584043905,0,0.09487056255367769,9.49,Low
19517,560000,45,0,0,0.2194550595238095,0.38317992755323316,0,0.09491172166927295,9.49,Low
14027,280000,38,0,0,0.30714821428571426,0.04668910813571081,0,0.09493631835319596,9.49,Low
20235,300000,56,0,0,0.40968166666666667,0.08365709419373037,0,0.09482025411831328,9.48,Low
16019,500000,28,0,0,0.297399,0.08432106362159926,0,0.09473267659905568,9.47,Low
15888,360000,27,0,0,0.28174675925925924,0.03271259158720482,0,0.09473088251988866,9.47,Low
16388,450000,38,0,0,0.15027666666666667,0.46087833058531547,0,0.0945746370231269,9.46,Low
24701,280000,47,0,0,0.26122738095238096,0.04061413382794592,0,0.09431425734800489,9.43,Low
10671,410000,48,0,0,0.04149024390243902,0.49059432132149783,1,0.09399488476591775,9.4,Low
3180,500000,27,0,0,0.021635666666666668,1.215184802871801,0,0.09388894778660407,9.39,Low
11354,310000,40,0,0,0.30989462365591397,0.09715407943039951,0,0.09323023753099542,9.32,Low
20985,360000,33,0,0,0.13019953703703704,0.6886011855023095,0,0.09317813318267744,9.32,Low
19331,320000,41,0,0,0.24528854166666667,0.10023696581831772,0,0.09315655084947111,9.32,Low
23334,150000,36,0,0,0.3293411111111111,0.07590913844814731,0,0.09269537460858986,9.27,Low
3015,200000,35,0,0,0.10172666666666666,1.1585130087161675,0,0.09259749005447708,9.26,Low
10956,340000,36,0,0,0.24512205882352942,0.21958448072088935,0,0.09243581520855716,9.24,Low
9682,460000,36,0,0,0.09029492753623188,0.3805725200028891,0,0.09241734274644171,9.24,Low
25615,240000,29,0,0,0.3768416666666667,0.0984940624930895,0,0.09217304138360234,9.22,Low
16277,300000,31,0,0,0.08719777777777778,0.3843943525574046,1,0.09183127130201683,9.18,Low
8537,230000,24,0,0,0.24308840579710145,0.12612754946909038,0,0.09179002860020379,9.18,Low
24224,580000,32,0,0,0.06211781609195403,0.8188092704815655,0,0.09180952334660336,9.18,Low
11406,400000,37,0,0,0.027628333333333335,1.0859021535862943,0,0.09183678414780928,9.18,Low
15819,400000,26,0,0,0.14215166666666665,0.03257963911784362,0,0.09178391316155252,9.18,Low
27987,250000,30,0,0,0.08849133333333332,0.34602258601595637,0,0.09182451955094496,9.18,Low
7714,310000,34,0,0,0.22068924731182799,0.056031689574695114,0,0.09152682422383678,9.15,Low
20144,380000,34,0,0,0.22772017543859652,0.6449975154178913,0,0.09126650300452933,9.13,Low
20300,390000,53,0,0,0.08064572649572649,0.13862996857628862,0,0.09107510585448192,9.11,Low
28692,260000,31,0,0,0.22027115384615384,0.426409175171627,0,0.09112652591674163,9.11,Low
6240,500000,44,0,0,0.19446233333333335,0.04672712967549843,0,0.09089042376983476,9.09,Low
8451,380000,30,0,0,0.37031228070175437,0.15957608088005382,0,0.09076585566641271,9.08,Low
19047,330000,39,0,0,0.17505707070707072,0.05770124028816,0,0.0907181635240043,9.07,Low
971,300000,42,0,0,0.092535,0.4633201851551665,1,0.09039794057482135,9.04,Low
842,350000,31,0,0,0.16727809523809525,0.03143894968173899,0,0.09026658551620055,9.03,Low
4731,220000,29,0,0,0.16119545454545456,0.12293564184267171,0,0.09023995503824944,9.02,Low
28012,170000,30,0,0,0.2314127450980392,0.0755207781698942,0,0.09011296409887964,9.01,Low
26875,350000,37,0,0,0.12601761904761904,0.12491072676912147,0,0.08996778598676775,9.0,Low
28769,500000,37,0,0,0.13407333333333335,0.03987867336283626,0,0.08989695425441281,8.99,Low
8676,290000,28,0,0,0.11350919540229884,0.10182475469099674,0,0.08973600904825572,8.97,Low
18762,240000,29,0,0,0.17620277777777776,0.10484290511248089,0,0.08972407893933208,8.97,Low
3120,260000,28,0,0,0.1547775641025641,0.8383370676694843,0,0.08927581333789128,8.93,Low
15524,500000,48,0,0,0.227491,0.043551906082731476,0,0.0884614602696462,8.85,Low
11170,290000,36,0,0,0.05970804597701149,0.9692084087321449,0,0.08854909147432301,8.85,Low
12579,500000,56,0,0,0.09346733333333333,1.00374462379013,0,0.08808201980794939,8.81,Low
19916,500000,40,0,0,0.3878793333333333,0.21760977211125798,0,0.08797837294402325,8.8,Low
8788,320000,39,0,0,0.15641875,0.18213662577749365,0,0.08768308960935568,8.77,Low
3259,530000,32,0,0,0.03894716981132076,1.4949294319025934,0,0.0873748941267778,8.74,Low
23039,320000,46,0,0,0.06348802083333334,0.9463645536805664,0,0.08735833385403419,8.74,Low
22820,500000,37,0,0,0.094905,0.0737579684948106,0,0.08734661157487975,8.73,Low
2687,360000,48,0,0,0.126375,0.3194197164523574,0,0.08727992574243885,8.73,Low
26401,360000,46,0,0,0.1136675925925926,0.43010402326471764,0,0.08730926920736244,8.73,Low
20076,250000,49,0,0,0.2793026666666667,0.37961208151730264,0,0.08711304379974114,8.71,Low
24924,500000,36,0,0,0.044049,0.348763119858945,0,0.08693093101116707,8.69,Low
27874,340000,27,0,0,0.1560450980392157,0.5002607340763731,0,0.08691815807096281,8.69,Low
7461,500000,41,0,0,0.309736,0.1082889944985407,0,0.08683624624552065,8.68,Low
21888,300000,26,0,0,0.1302472222222222,0.04672737742327625,0,0.08646459615348077,8.65,Low
7729,180000,35,0,0,0.27355833333333335,0.11901788162183569,0,0.08632706064493946,8.63,Low
27816,220000,26,0,0,0.19523560606060608,0.13578776226082706,0,0.08585264305485672,8.59,Low
8267,310000,30,0,0,0.2651897849462365,0.12145491259049615,0,0.08590047409796181,8.59,Low
24403,160000,40,0,0,0.16550416666666667,0.3046373454847562,0,0.08592765667734432,8.59,Low
12787,340000,38,0,0,0.17824166666666666,0.5987629705208559,0,0.0859320862110897,8.59,Low
3113,440000,43,0,0,0.12027348484848485,0.06424751670750373,0,0.08584344394370153,8.58,Low
24854,500000,42,0,0,0.036667,1.2232343342333252,0,0.08582317333384083,8.58,Low
18600,320000,27,0,0,0.3528671875,0.043295621434528156,0,0.08583746328597637,8.58,Low
5668,360000,27,0,0,0.22777083333333334,0.21385204833480695,0,0.08567966134819899,8.57,Low
15254,180000,37,0,0,0.20925092592592592,0.18584810899549098,0,0.08563106247186984,8.56,Low
4919,260000,39,0,0,0.36401153846153844,0.190665624152517,0,0.08539050572940059,8.54,Low
22998,330000,41,0,0,0.2606838383838384,0.07366793631358083,0,0.08543232802987213,8.54,Low
27603,400000,29,0,0,0.036616666666666665,1.232419208010924,0,0.08529215580830948,8.53,Low
18613,350000,27,0,0,0.18221428571428572,0.1376140075787273,0,0.08481993045221457,8.48,Low
18754,440000,27,0,0,0.38567954545454547,0.049349141715625905,0,0.08459097284547515,8.46,Low
3755,350000,41,0,0,0.08928571428571429,0.727024,0,0.08441951554859639,8.44,Low
27136,500000,47,0,0,0.03407333333333334,0.9633535511641558,0,0.08425937465959696,8.43,Low
25052,400000,53,0,0,0.10152625,0.7921350389677546,0,0.08418121993935232,8.42,Low
9274,500000,28,0,0,0.054300666666666664,0.20339836220549778,0,0.08420078234325502,8.42,Low
16193,300000,45,0,0,0.41948833333333335,0.1348600610002397,0,0.08422091866034218,8.42,Low
19373,500000,42,0,0,0.15930566666666665,0.40786370855190335,0,0.08390127653788167,8.39,Low
11625,360000,29,0,0,0.1738800925925926,0.44280195217542956,0,0.08341684007679578,8.34,Low
28904,470000,45,0,0,0.34552340425531913,0.08215719599004902,0,0.083153802435804,8.32,Low
27786,420000,25,0,0,0.20238095238095238,0.2868117647058824,0,0.08282833032540031,8.28,Low
3304,470000,52,0,0,0.19201985815602834,0.05540207129877229,0,0.08261239508571766,8.26,Low
24492,470000,32,0,0,0.04367198581560283,0.8147700052779018,0,0.08239758971663516,8.24,Low
9334,320000,37,0,0,0.2003828125,0.32906026225843765,0,0.08238793679950017,8.24,Low
6307,360000,35,0,0,0.054813425925925925,1.1293107088862049,0,0.08217534623286499,8.22,Low
5888,230000,43,0,0,0.16235072463768116,0.11363392904965096,0,0.08207746664974724,8.21,Low
28722,310000,44,0,0,0.29589301075268815,0.15135520140416928,0,0.08165381725268275,8.17,Low
14663,400000,33,0,0,0.050405,1.3105512019310253,0,0.08140715206758069,8.14,Low
23887,260000,35,0,0,0.17893269230769232,0.21637917136869256,0,0.08129138844635436,8.13,Low
25693,360000,46,0,0,0.06800694444444444,1.0532693420470405,0,0.0812357064910501,8.12,Low
23413,160000,32,0,0,0.19331354166666667,0.48517358996880067,0,0.08044503473220975,8.04,Low
24682,400000,34,0,0,0.0496575,0.3777207202671634,0,0.08014408443510525,8.01,Low
839,420000,34,0,0,0.21586904761904763,0.175692567878086,0,0.07896282140088018,7.9,Low
26807,360000,31,0,0,0.24457824074074075,0.10820403226264412,0,0.07880930654762644,7.88,Low
22408,360000,30,0,0,0.12123194444444445,0.16420925605569367,0,0.07880595218793736,7.88,Low
14900,200000,49,0,0,0.20252,0.20994222792810588,0,0.07872050578776668,7.87,Low
24683,330000,42,0,0,0.2148126262626263,0.12931166226615162,0,0.07827373761416634,7.83,Low
20191,350000,31,0,0,0.13108761904761904,0.1416718734107322,0,0.07786274885925162,7.79,Low
6723,560000,47,0,0,0.09811279761904762,1.0458777099973002,0,0.07718070509186034,7.72,Low
21970,390000,28,0,0,0.29242222222222225,0.04634149193006249,0,0.07692348144804716,7.69,Low
14347,400000,45,0,0,0.04305125,0.9733844352177153,0,0.07667122143674414,7.67,Low
22889,400000,37,0,0,0.22767458333333332,0.3477294896407336,0,0.0765810202534483,7.66,Low
7322,360000,28,0,0,0.2758648148148148,0.44377613833936375,0,0.07658962476363604,7.66,Low
13305,340000,29,0,0,0.13985343137254902,0.12013277205477724,0,0.07588327231143685,7.59,Low
24266,370000,31,0,0,0.1186373873873874,0.136687233032748,0,0.07510021966331944,7.51,Low
28562,640000,39,0,0,0.17712526041666668,0.0943335474983129,0,0.07492054686368227,7.49,Low
25706,430000,29,0,0,0.27407906976744184,0.04666791114429718,0,0.07470432608823645,7.47,Low
28654,240000,33,0,0,0.23449097222222223,0.42660668646921374,0,0.07474009040437256,7.47,Low
14239,450000,26,0,0,0.07123407407407407,0.7550693592329929,0,0.07422476935773634,7.42,Low
26378,420000,37,0,0,0.22437698412698412,0.056673681976548825,0,0.0735823753785184,7.36,Low
1487,230000,32,0,0,0.1782253623188406,0.22410968038349102,0,0.07332232990312433,7.33,Low
3502,440000,40,0,0,0.14516060606060605,0.0782831972945327,0,0.07317720556523477,7.32,Low
7915,450000,37,0,0,0.13380185185185187,0.3121586646921235,0,0.07312693448073661,7.31,Low
261,510000,29,0,0,0.16771601307189543,0.31267841102392585,0,0.07263849887025774,7.26,Low
22779,390000,33,0,0,0.19626324786324786,0.046867106798822444,0,0.0723359758225809,7.23,Low
23123,490000,33,0,0,0.10970476190476192,0.20822740069202436,0,0.07173179045112665,7.17,Low
8873,500000,37,0,0,0.07317966666666667,0.12571798177089263,0,0.0714238834503976,7.14,Low
3295,380000,36,0,0,0.16528859649122807,0.07562530183782751,0,0.07021484703426566,7.02,Low
24767,430000,38,0,0,0.07369767441860466,1.0133428000420743,0,0.07001706702520304,7.0,Low
28678,500000,29,0,0,0.15823833333333334,0.06319581222417661,0,0.06990804351840767,6.99,Low
6047,360000,30,0,0,0.20320092592592592,0.13671243113685141,0,0.0696678194355929,6.97,Low
4574,470000,33,0,0,0.14846063829787234,0.0705371197084023,0,0.06954527946163856,6.95,Low
13662,500000,38,0,0,0.09944833333333333,0.13073455228007844,0,0.06872362379012524,6.87,Low
4735,420000,43,0,0,0.12868690476190475,0.39011875136836976,0,0.06837823945080311,6.84,Low
23477,480000,32,0,0,0.08136076388888888,1.1373981623342537,0,0.06774880461705898,6.77,Low
5616,500000,33,0,0,0.08854,0.7503538890143815,0,0.0675108835214935,6.75,Low
21192,360000,35,0,0,0.15064166666666667,0.31935916111940893,0,0.06734755100387047,6.73,Low
10286,400000,29,0,0,0.08251958333333334,0.77604810979212,0,0.06682208096584163,6.68,Low
20576,390000,29,0,0,0.16838461538461538,0.25125628140703515,0,0.0662050854551953,6.62,Low
4766,480000,33,0,0,0.13033506944444445,0.8025974717941204,0,0.0624442955406653,6.24,Low
